Time (s),MJD (days),Altitude (km),Latitude (deg),Longitude (deg),LocalTime (hrs),Alpha (deg),L-shell,Orbit,Dose Rate (rad/s),Total Dose (rad)
0.0,26670.0,992.835,0.0,253.644737,16.909649,90.0,1.1655,0,0.0002858823863929351,0.0
59.0,26670.00069444,1002.085,-5.6311e-07,257.865168,17.207678,90.0,1.1723,0,0.0003577222061310842,0.016867060797183173
120.0,26670.00138889,1029.734,-2.225477e-06,262.063303,17.50422,90.0,1.1835,0,0.0005114612269262411,0.03797267095891714
179.0,26670.00208333,1075.48,-4.913372e-06,266.217584,17.797839,90.0,1.1987,0,0.0008121055915786386,0.06917180580141785
240.0,26670.00277778,1138.835,-8.514826e-06,270.307863,18.087191,90.0,1.2182,0,0.0014157213070584965,0.11708603570455753
299.0,26670.00347222,1219.145,-1.288974e-05,274.315971,18.371065,90.0,1.2418,0,0.0026279011124398254,0.20344503543512582
360.0,26670.00416667,1315.618,-1.788152e-05,278.226128,18.648409,90.0,1.2691,0,0.00500967045292202,0.3584912010690755
419.0,26670.00486111,1427.352,-2.332857e-05,282.025196,18.918346,90.0,1.2996,0,0.009469964590638234,0.6640810986973187
480.0,26670.00555556,1553.366,-2.907432e-05,285.702768,19.180185,90.0,1.332,0,0.017013550907027202,1.2228090095449744
540.0,26670.00625,1692.632,-3.497502e-05,289.251122,19.433408,90.0,1.3659,0,0.02864623945372481,2.2606356148736335
599.0,26670.00694444,1844.096,-4.090482e-05,292.665048,19.67767,90.0,1.4003,0,0.04452660332538174,3.9794099820971223
660.0,26670.00763889,2006.709,-4.675843e-05,295.941618,19.912775,90.0,1.4346,0,0.06386077781608365,6.606479578294644
719.0,26670.00833333,2179.439,-5.245166e-05,299.079885,20.138659,90.0,1.4683,0,0.084986928335615,10.501987025075747
780.0,26670.00902778,2361.292,-5.792042e-05,302.08058,20.355372,90.0,1.5013,0,0.10611927404805957,15.516215796877033
839.0,26670.00972222,2551.321,-6.311874e-05,304.945801,20.563053,90.0,1.5336,0,0.12572267881262336,21.989491513808666
900.0,26670.01041667,2748.633,-6.801621e-05,307.678726,20.761915,90.0,1.5653,0,0.14281197256236927,29.407129563753443
959.0,26670.01111111,2952.395,-7.25953e-05,310.283352,20.952223,90.0,1.5967,0,0.15705392903545767,38.11865989005797
1020.0,26670.01180556,3161.832,-7.684878e-05,312.764265,21.134284,90.0,1.6283,0,0.16863320558274292,47.384841703149974
1080.0,26670.0125,3376.235,-8.077732e-05,315.126452,21.30843,90.0,1.6598,0,0.17784739124672774,57.67146724369729
1139.0,26670.01319444,3594.951,-8.438752e-05,317.375134,21.475009,90.0,1.6916,0,0.18540021553042987,68.34231071850095
1200.0,26670.01388889,3817.387,-8.769011e-05,319.515646,21.634376,90.0,1.7238,0,0.1912843008994878,79.28092343479632
1259.0,26670.01458333,4043.004,-9.069868e-05,321.553327,21.786888,90.0,1.7564,0,0.19532799305195458,90.94926578966508
1320.0,26670.01527778,4271.314,-9.342854e-05,323.49345,21.932897,90.0,1.7896,0,0.19742471886019136,102.4736173797304
1379.0,26670.01597222,4501.875,-9.589589e-05,325.34116,22.072744,90.0,1.8232,0,0.19749525795396608,114.51652523020208
1440.0,26670.01666667,4734.292,-9.811724e-05,327.101432,22.206762,90.0,1.8574,0,0.19554240786634713,126.16874544948608
1499.0,26670.01736111,4968.206,-0.000100109,328.779044,22.33527,90.0,1.8916,0,0.1917036474726554,138.09683232933327
1560.0,26670.01805556,5203.298,-0.0001018869,330.378558,22.458571,90.0,1.9266,0,0.18603763414525976,149.40734753021994
1620.0,26670.01875,5439.281,-0.0001034663,331.904311,22.576954,90.0,1.9617,0,0.17884805736160192,160.7556432130808
1679.0,26670.01944444,5675.895,-0.0001048615,333.360411,22.690694,90.0,1.9971,0,0.17035488373011198,171.4865266547769
1740.0,26670.02013889,5912.912,-0.000106086,334.750735,22.800049,90.0,2.0327,0,0.1608550853705106,181.5374647948535
1799.0,26670.02083333,6150.126,-0.0001071526,336.078938,22.905263,90.0,2.0684,0,0.1506596301866535,191.34962500245464
1860.0,26670.02152778,6387.351,-0.0001080727,337.348457,23.006564,90.0,2.1043,0,0.1400134724746596,200.2385431834672
1919.0,26670.02222222,6624.425,-0.0001088574,338.562521,23.104168,90.0,2.1403,0,0.12919666408698796,208.77936500442144
1980.0,26670.02291667,6861.199,-0.0001095165,339.724158,23.198277,90.0,2.1763,0,0.11843651023847233,216.40196818555373
2039.0,26670.02361111,7097.545,-0.0001100592,340.836207,23.28908,90.0,2.2126,0,0.10779701001785613,223.62659531010053
2100.0,26670.02430556,7333.344,-0.0001104939,341.90133,23.376755,90.0,2.2486,0,0.09758241749754669,229.98661890115403
2160.0,26670.025,7568.494,-0.0001108283,342.92202,23.461468,90.0,2.2845,0,0.08783453010858037,235.93914636850437
2219.0,26670.02569444,7802.903,-0.0001110695,343.900612,23.543374,90.0,2.3203,0,0.07863015855856238,241.2092181750192
2280.0,26670.02638889,8036.489,-0.0001112239,344.839292,23.622619,90.0,2.3561,0,0.07000011830089457,245.8483975299744
2339.0,26670.02708333,8269.178,-0.0001112975,345.74011,23.699341,90.0,2.3923,0,0.061897112043416865,250.11840474632896
2400.0,26670.02777778,8500.908,-0.0001112956,346.604986,23.773666,90.0,2.4279,0,0.05456055609271103,253.77033435689054
2459.0,26670.02847222,8731.621,-0.0001112231,347.435719,23.845715,90.0,2.4635,0,0.047855921756628186,257.0985282785459
2520.0,26670.02916667,8961.267,-0.0001110847,348.233997,23.9156,90.0,2.499,0,0.04179147668653932,259.92202766218696
2579.0,26670.02986111,9189.801,-0.0001108844,349.001402,23.983427,90.0,2.5342,0,0.03637286047505172,262.47130774006587
2640.0,26670.03055556,9417.186,-0.0001106261,349.739421,0.049295,90.0,2.5694,0,0.03152038810093756,264.6173065080939
2700.0,26670.03125,9643.388,-0.0001103132,350.449449,0.113297,90.0,2.6045,0,0.02721383216990561,266.5400501822511
2759.0,26670.03194444,9868.376,-0.0001099488,351.132796,0.17552,90.0,2.6392,0,0.02344383493173065,268.17288011244545
2820.0,26670.03263889,10092.13,-0.0001095359,351.790696,0.236046,90.0,2.674,0,0.020112683839643007,269.55606637341754
2879.0,26670.03333333,10314.61,-0.0001090772,352.424306,0.294954,90.0,2.7084,0,0.01722511670978124,270.7829400876358
2940.0,26670.03402778,10535.82,-0.0001085751,353.034719,0.352315,90.0,2.7427,0,0.014709808651763943,271.7992219735129
2999.0,26670.03472222,10755.74,-0.0001080319,353.622963,0.408198,90.0,2.7767,0,0.01253774442325402,272.6965203012705
3060.0,26670.03541667,10974.34,-0.0001074497,354.190006,0.462667,90.0,2.8106,0,0.010655847017019427,273.43624722224246
3119.0,26670.03611111,11191.63,-0.0001068303,354.736762,0.515784,90.0,2.8442,0,0.009039140866692429,274.08625389028066
3180.0,26670.03680556,11407.58,-0.0001061755,355.264094,0.567606,90.0,2.878,0,0.007634000136456206,274.61956320141553
3240.0,26670.0375,11622.2,-0.000105487,355.772815,0.618188,90.0,2.9114,0,0.006438005845123497,275.0852372097394
3299.0,26670.03819444,11835.48,-0.0001047662,356.263696,0.66758,90.0,2.9445,0,0.005419051494038939,275.4715175604468
3360.0,26670.03888889,12047.4,-0.0001040146,356.737464,0.715831,90.0,2.9775,0,0.004547958843156141,275.7912415985951
3419.0,26670.03958333,12257.99,-0.0001032333,357.194807,0.762987,90.0,3.0103,0,0.0038076447589960333,276.0686670880276
3480.0,26670.04027778,12467.22,-0.0001024236,357.636378,0.809092,90.0,3.0428,0,0.003181907199997604,276.2933181288084
3539.0,26670.04097222,12675.09,-0.0001015866,358.062794,0.854186,90.0,3.0752,0,0.0026511423727416912,276.48741446800824
3600.0,26670.04166667,12881.62,-0.0001007232,358.474642,0.898309,90.0,3.1074,0,0.0022036082900179967,276.643831868
3659.0,26670.04236111,13086.8,-9.983442e-05,358.872476,0.941498,90.0,3.1393,0,0.0018283218910646903,276.7782519736911
3720.0,26670.04305556,13290.64,-9.892112e-05,359.256824,0.983788,90.0,3.1711,0,0.0015124629630948257,276.88612296526395
3780.0,26670.04375,13493.13,-9.79841e-05,359.628187,1.025212,90.0,3.2026,0,0.001248977836487582,276.9783832060127
3839.0,26670.04444444,13694.28,-9.70241e-05,359.987042,1.065803,90.0,3.2341,0,0.0010277089169428131,277.053321876202
3900.0,26670.04513889,13894.09,-9.604182e-05,0.33384,1.105589,90.0,3.2651,0,0.0008452592811378655,277.1139567023016
3959.0,26670.04583333,14092.58,-9.503791e-05,0.669014,1.144601,90.0,3.296,0,0.0006931734698586956,277.165517518451
4020.0,26670.04652778,14289.74,-9.401296e-05,0.992972,1.182865,90.0,3.3268,0,0.0005667868208242371,277.2064147531727
4079.0,26670.04722222,14485.58,-9.296753e-05,1.306106,1.220407,90.0,3.3574,0,0.0004623904985382139,277.24098874924294
4140.0,26670.04791667,14680.1,-9.190215e-05,1.608789,1.257253,90.0,3.3877,0,0.00037663083472922197,277.2682697886567
4199.0,26670.04861111,14873.31,-9.081731e-05,1.901376,1.293425,90.0,3.418,0,0.0003056759626553625,277.2912442695752
4260.0,26670.04930556,15065.23,-8.971346e-05,2.184205,1.328947,90.0,3.448,0,0.0002477114251952285,277.30927915137187
4320.0,26670.05,15255.85,-8.859102e-05,2.457601,1.36384,90.0,3.4777,0,0.0002004490300157241,277.3243895483088
4379.0,26670.05069444,15445.18,-8.745039e-05,2.721872,1.398125,90.0,3.5073,0,0.00016178349385188927,277.33641649010974
4440.0,26670.05138889,15633.23,-8.629194e-05,2.977315,1.431821,90.0,3.5367,0,0.00013038735022347694,277.345961716247
4499.0,26670.05208333,15820.0,-8.511602e-05,3.224211,1.464947,90.0,3.5658,0,0.00010505547318891382,277.35391534461064
4560.0,26670.05277778,16005.51,-8.392296e-05,3.462832,1.497522,90.0,3.5948,0,8.453154019395414e-05,277.3601136175288
4619.0,26670.05347222,16189.76,-8.271305e-05,3.693436,1.529562,90.0,3.6236,0,6.800329032242855e-05,277.3652700414806
4680.0,26670.05416667,16372.76,-8.148658e-05,3.916271,1.561085,90.0,3.6522,0,5.4716600620577554e-05,277.3692822356096
4739.0,26670.05486111,16554.52,-8.024383e-05,4.131574,1.592105,90.0,3.6806,0,4.405009954976518e-05,277.37261994824746
4800.0,26670.05555556,16735.04,-7.898504e-05,4.339574,1.622638,90.0,3.7089,0,3.546783494165992e-05,277.3752189041209
4860.0,26670.05625,16914.33,-7.771046e-05,4.540488,1.652699,90.0,3.7369,0,2.8615150733273563e-05,277.37738244205235
4919.0,26670.05694444,17092.4,-7.642029e-05,4.734526,1.682302,90.0,3.7648,0,2.310510873264733e-05,277.37909935109633
4980.0,26670.05763889,17269.26,-7.511476e-05,4.921889,1.711459,90.0,3.7924,0,1.8705651368526053e-05,277.3804625525116
5039.0,26670.05833333,17444.92,-7.379406e-05,5.102771,1.740185,90.0,3.8199,0,1.5165504289327256e-05,277.38160359724503
5100.0,26670.05902778,17619.37,-7.245837e-05,5.277356,1.76849,90.0,3.8473,0,1.231656555068607e-05,277.3824983619981
5159.0,26670.05972222,17792.64,-7.110787e-05,5.445823,1.796388,90.0,3.8744,0,1.0038090760410954e-05,277.3832496724967
5220.0,26670.06041667,17964.73,-6.974272e-05,5.608343,1.82389,90.0,3.9013,0,8.205878220953136e-06,277.38384191985153
5279.0,26670.06111111,18135.64,-6.836309e-05,5.765082,1.851005,90.0,3.9281,0,6.725110829177724e-06,277.38434247842304
5340.0,26670.06180556,18305.39,-6.696911e-05,5.916198,1.877747,90.0,3.9547,0,5.531025974712644e-06,277.384739259962
5400.0,26670.0625,18473.98,-6.556092e-05,6.061844,1.904123,90.0,3.9811,0,4.566077275468787e-06,277.38507665254645
5459.0,26670.06319444,18641.42,-6.413866e-05,6.202167,1.930144,90.0,4.0073,0,3.7844809327685293e-06,277.38535061718295
5520.0,26670.06388889,18807.71,-6.270246e-05,6.337309,1.955821,90.0,4.0334,0,3.147601690758068e-06,277.38557390155796
5579.0,26670.06458333,18972.87,-6.125242e-05,6.467407,1.98116,90.0,4.0593,0,2.629433537610014e-06,277.3857659052611
5640.0,26670.06527778,19136.91,-5.978866e-05,6.592591,2.006173,90.0,4.085,0,2.2066520389035227e-06,277.3859210418398
5699.0,26670.06597222,19299.82,-5.831128e-05,6.71299,2.030866,90.0,4.1106,0,1.85944228219334e-06,277.38605564761417
5760.0,26670.06666667,19461.62,-5.682039e-05,6.828726,2.055248,90.0,4.136,0,1.5746333268969915e-06,277.3861653547088
5819.0,26670.06736111,19622.31,-5.531607e-05,6.939916,2.079328,90.0,4.1611,0,1.3411131521556525e-06,277.38626140734175
5880.0,26670.06805556,19781.91,-5.379843e-05,7.046677,2.103112,90.0,4.1861,0,1.147485647190874e-06,277.38634053301774
5940.0,26670.06875,19940.41,-5.226754e-05,7.149117,2.126608,90.0,4.2108,0,9.876972058859753e-07,277.3864105296422
5999.0,26670.06944444,20097.83,-5.072349e-05,7.247343,2.149823,90.0,4.2361,0,8.508564194439288e-07,277.38646979147455
6239.0,26670.07222222,20716.81,-4.441712e-05,7.600123,2.240008,90.0,4.3333,0,5.025044428492397e-07,277.3865199920033
6480.0,26670.075,21318.99,-3.790568e-05,7.893144,2.32621,90.0,4.428,0,3.260044625718353e-07,277.38664059306956
6720.0,26670.07777778,21904.8,-3.119282e-05,8.131744,2.408783,90.0,4.5202,0,2.3280071019751715e-07,277.38671916014505
6960.0,26670.08055556,22474.64,-2.428159e-05,8.320628,2.488042,90.0,4.61,0,1.8107504217355538e-07,277.3867750323155
7199.0,26670.08333333,23028.88,-1.717456e-05,8.463968,2.564265,90.0,4.6973,0,1.5169993860488637e-07,277.3868184903256
7439.0,26670.08611111,23567.91,-9.873943e-06,8.565469,2.637698,90.0,4.7823,0,1.354244330537731e-07,277.38685474661094
7680.0,26670.08888889,24092.05,-2.381634e-06,8.628445,2.708563,90.0,4.8651,0,1.276379421579433e-07,277.38688724847486
7920.0,26670.09166667,24601.65,5.300708e-06,8.655862,2.777057,90.0,4.9456,0,1.2597195284879374e-07,277.3869180092189
8159.0,26670.09444444,25097.01,1.317162e-05,8.650391,2.843359,90.0,5.0234,0,1.291821307944911e-07,277.38694824248756
8399.0,26670.09722222,25578.43,2.12298e-05,8.614439,2.907629,90.0,5.0998,0,1.368171082089527e-07,277.38697911701684
8640.0,26670.1,26046.2,2.947408e-05,8.550187,2.970012,90.0,5.1739,0,1.4872124109065894e-07,277.3870119531228
8880.0,26670.10277778,26500.58,3.79034e-05,8.459615,3.030641,90.0,5.2459,0,1.6506363491187295e-07,277.3870477949419
9120.0,26670.10555556,26941.82,4.651679e-05,8.344527,3.089635,90.0,5.316,0,1.8624604622897762e-07,277.3870874102143
9359.0,26670.10833333,27370.16,5.531337e-05,8.206568,3.147105,90.0,5.3841,0,2.12729711992424e-07,277.3871321092654
9599.0,26670.11111111,27785.84,6.429231e-05,8.047245,3.20315,90.0,5.4502,0,2.450675883254526e-07,277.38718295166655
9840.0,26670.11388889,28189.08,7.345285e-05,7.867943,3.257863,90.0,5.5144,0,2.839010084930713e-07,277.38724176788776
10080.0,26670.11666667,28580.07,8.279427e-05,7.669933,3.311329,90.0,5.5768,0,3.298946039938991e-07,277.3873101880308
10319.0,26670.11944444,28959.02,9.23159e-05,7.45439,3.363626,90.0,5.6372,0,3.8340452427440745e-07,277.3873893627358
10559.0,26670.12222222,29326.1,0.0001020171,7.2224,3.414827,90.0,5.6958,0,4.449705900911843e-07,277.3874809964171
10800.0,26670.125,29681.51,0.0001118973,6.974968,3.464998,90.0,5.7527,0,5.14935661782997e-07,277.3875877893587
11040.0,26670.12777778,30025.4,0.0001219559,6.713027,3.514202,90.0,5.8078,0,5.931631757851543e-07,277.3877118888532
11280.0,26670.13055556,30357.93,0.0001321924,6.437445,3.562496,90.0,5.8612,0,6.794820908485444e-07,277.38785424801534
11519.0,26670.13333333,30679.26,0.0001426063,6.149034,3.609936,90.0,5.9128,0,7.730840343181991e-07,277.3880173237171
11759.0,26670.13611111,30989.54,0.0001531972,5.848549,3.65657,90.0,5.9627,0,8.731591741526323e-07,277.3882020908013
12000.0,26670.13888889,31288.89,0.0001639645,5.536699,3.702447,90.0,6.011,0,9.786402877170862e-07,277.3884116490031
12240.0,26670.14166667,31577.44,0.000174908,5.214147,3.74761,90.0,6.0577,0,1.0879830635093013e-06,277.38864750131245
12479.0,26670.14444444,31855.33,0.0001860271,4.881518,3.792101,90.0,6.1027,0,1.199142099838923e-06,277.3889086172477
12719.0,26670.14722222,32122.66,0.0001973217,4.5394,3.83596,90.0,6.146,0,1.3101326020456592e-06,277.38919521220953
12960.0,26670.15,32379.56,0.0002087912,4.188346,3.879223,90.0,6.1879,0,1.4197090865982728e-06,277.38950964403404
13200.0,26670.15277778,32626.11,0.0002204355,3.828881,3.921925,90.0,6.228,0,1.5248365876993045e-06,277.3898517939239
13440.0,26670.15555556,32862.43,0.0002322544,3.461499,3.9641,90.0,6.2667,0,1.6246925780812633e-06,277.39021775470496
13679.0,26670.15833333,33088.6,0.0002442475,3.086672,4.005778,90.0,6.3038,0,1.7170936307058717e-06,277.3906076809237
13919.0,26670.16111111,33304.72,0.0002564147,2.704847,4.04699,90.0,6.3393,0,1.8006771391248172e-06,277.39101806630146
14160.0,26670.16388889,33510.87,0.0002687558,2.316448,4.087763,90.0,6.3733,0,1.8746356665337627e-06,277.39145022881485
14400.0,26670.16666667,33707.12,0.0002812708,1.921882,4.128125,90.0,6.4056,0,1.9378923725505735e-06,277.3919020160105
14639.0,26670.16944444,33893.56,0.0002939595,1.521536,4.168102,90.0,6.4366,0,1.990886890360304e-06,277.39236711017986
14879.0,26670.17222222,34070.25,0.0003068218,1.115782,4.207719,90.0,6.4662,0,2.0333331355092143e-06,277.39284293214666
15120.0,26670.175,34237.27,0.0003198579,0.704976,4.246998,90.0,6.4943,0,2.0653604114568216e-06,277.39333093209916
15360.0,26670.17777778,34394.66,0.0003330677,0.28946,4.285964,90.0,6.5207,0,2.0874238697857186e-06,277.3938286839583
15600.0,26670.18055556,34542.49,0.0003464513,359.869564,4.324638,90.0,6.5458,0,2.100673702355846e-06,277.39432966568705
15839.0,26670.18333333,34680.81,0.0003600088,359.445605,4.36304,90.0,6.5695,0,2.10590313203899e-06,277.39483382737563
16079.0,26670.18611111,34809.67,0.0003737404,359.017891,4.401193,90.0,6.5916,0,2.1041659071601784e-06,277.3953371382242
16320.0,26670.18888889,34929.13,0.0003876463,358.586721,4.439115,90.0,6.6123,0,2.096605744506238e-06,277.3958421380419
16560.0,26670.19166667,35039.21,0.0004017269,358.152382,4.476825,90.0,6.6314,0,2.0844680310811664e-06,277.39634742002636
16799.0,26670.19444444,35139.96,0.0004159823,357.715157,4.514344,90.0,6.6493,0,2.0685731180422022e-06,277.39684769235384
17039.0,26670.19722222,35231.42,0.000430413,357.275319,4.551688,90.0,6.6657,0,2.0501805766128954e-06,277.39734208132904
17280.0,26670.2,35313.61,0.0004450194,356.833136,4.588876,90.0,6.6806,0,2.0303218111826558e-06,277.39783412466744
17520.0,26670.20277778,35386.57,0.000459802,356.38887,4.625925,90.0,6.6941,0,2.009774108958475e-06,277.39832343222395
17760.0,26670.20555556,35450.32,0.0004747614,355.942778,4.662852,90.0,6.7061,0,1.989503399494176e-06,277.3988057780101
17999.0,26670.20833333,35504.89,0.0004898982,355.495114,4.699674,90.0,6.7168,0,1.9698654975758046e-06,277.399283258826
18239.0,26670.21111111,35550.28,0.000505213,355.046126,4.736408,90.0,6.726,0,1.951825005505971e-06,277.3997540566799
18480.0,26670.21388889,35586.53,0.0005207066,354.59606,4.773071,90.0,6.7338,0,1.9357089382477368e-06,277.40022249468126
18720.0,26670.21666667,35613.63,0.0005363798,354.14516,4.809677,90.0,6.7372,0,1.928451945334938e-06,277.40068900053535
18959.0,26670.21944444,35631.6,0.0005522335,353.693668,4.846245,90.0,6.7438,0,1.913968641152999e-06,277.40115182900223
19199.0,26670.22222222,35640.45,0.0005682688,353.241823,4.882788,90.0,6.7477,0,1.9051675401981754e-06,277.40160926750747
19440.0,26670.225,35640.17,0.0005844866,352.789866,4.919324,90.0,6.75,0,1.8998936117695832e-06,277.4020665077171
19680.0,26670.22777778,35630.77,0.000600888,352.338035,4.955869,90.0,6.7506,0,1.898507678641032e-06,277.40252438207756
19920.0,26670.23055556,35612.25,0.0006174744,351.88657,4.992438,90.0,6.7498,0,1.9003546603125244e-06,277.4029800239204
20159.0,26670.23333333,35584.6,0.000634247,351.43571,5.029047,90.0,6.7476,0,1.9053954406593963e-06,277.40343610903886
20399.0,26670.23611111,35547.8,0.0006512072,350.985699,5.065713,90.0,6.7439,0,1.913745210948949e-06,277.40389149854917
20640.0,26670.23888889,35501.85,0.0006683566,350.53678,5.102452,90.0,6.7387,0,1.925206012324362e-06,277.4043507973998
20880.0,26670.24166667,35446.73,0.0006856968,350.089198,5.13928,90.0,6.7321,0,1.9392848654464065e-06,277.4048147720488
21119.0,26670.24444444,35382.43,0.0007032294,349.643203,5.176214,90.0,6.724,0,1.9558366443613315e-06,277.4052802004165
21359.0,26670.24722222,35308.91,0.0007209564,349.199049,5.21327,90.0,6.7144,0,1.97439694833253e-06,277.4057476453745
21600.0,26670.25,35226.15,0.0007388796,348.756992,5.250466,90.0,6.7034,0,1.9942271240658827e-06,277.4062215006421
21840.0,26670.25277778,35134.13,0.0007570013,348.317295,5.28782,90.0,6.6908,0,2.015019088950558e-06,277.406702109379
22080.0,26670.25555556,35032.82,0.0007753234,347.880227,5.325348,90.0,6.6768,0,2.035669214276889e-06,277.40718571396036
22319.0,26670.25833333,34922.17,0.0007938485,347.446061,5.363071,90.0,6.6612,0,2.0555904186615904e-06,277.4076742745718
22559.0,26670.26111111,34802.15,0.000812579,347.015079,5.401005,90.0,6.6441,0,2.0736412291862946e-06,277.4081655606818
22800.0,26670.26388889,34672.71,0.0008315175,346.587572,5.439171,90.0,6.6255,0,2.0887485157335144e-06,277.4086632345768
23040.0,26670.26666667,34533.81,0.0008506668,346.163836,5.477589,90.0,6.6054,0,2.0997696372392644e-06,277.4091666229691
23279.0,26670.26944444,34385.4,0.0008700298,345.744181,5.516279,90.0,6.5837,0,2.10553157283304e-06,277.40967056768204
23519.0,26670.27222222,34227.43,0.0008896097,345.328926,5.555262,90.0,6.5604,0,2.1047509552984997e-06,277.41017378972793
23760.0,26670.275,34059.83,0.0009094097,344.918399,5.59456,90.0,6.5356,0,2.0962261267086054e-06,277.4106789299572
24000.0,26670.27777778,33882.55,0.0009294332,344.512945,5.634196,90.0,6.5092,0,2.0788076103743837e-06,277.41118412045375
24240.0,26670.28055556,33695.51,0.000949684,344.11292,5.674195,90.0,6.4812,0,2.051483402176992e-06,277.41168303428026
24479.0,26670.28333333,33498.65,0.0009701659,343.718697,5.71458,90.0,6.4515,0,2.0133135661949685e-06,277.4121753902968
24719.0,26670.28611111,33291.9,0.0009908828,343.330665,5.755378,90.0,6.4203,0,1.964039869634234e-06,277.41265657223914
24960.0,26670.28888889,33075.17,0.001011839,342.94923,5.796615,90.0,6.3874,0,1.9031729499813538e-06,277.41312794180783
25200.0,26670.29166667,32848.38,0.001033039,342.574819,5.838321,90.0,6.3528,0,1.8308482892731284e-06,277.41358660648876
25439.0,26670.29444444,32611.44,0.001054488,342.207881,5.880525,90.0,6.3165,0,1.7476317484164249e-06,277.4140260100782
25679.0,26670.29722222,32364.25,0.001076191,341.848887,5.923259,90.0,6.2785,0,1.6545255785725655e-06,277.41444369406605
25920.0,26670.3,32106.72,0.001098152,341.498335,5.966556,90.0,6.2389,0,1.5532042003158942e-06,277.4148407802049
26160.0,26670.30277778,31838.75,0.001120377,341.15675,6.01045,90.0,6.1974,0,1.444661778754498e-06,277.41521510241716
26400.0,26670.30555556,31560.21,0.001142873,340.824688,6.054979,90.0,6.1543,0,1.3317246539042685e-06,277.41556182124407
26639.0,26670.30833333,31270.99,0.001165644,340.50274,6.100183,90.0,6.1093,0,1.21584251060263e-06,277.415881435161
26879.0,26670.31111111,30970.97,0.001188697,340.191531,6.146102,90.0,6.0625,0,1.0995910471329357e-06,277.41617202152105
27120.0,26670.31388889,30660.02,0.00121204,339.891729,6.192782,90.0,6.0139,0,9.85229150660779e-07,277.4164359233724
27360.0,26670.31666667,30338.0,0.001235678,339.604043,6.24027,90.0,5.9634,0,8.746286632467771e-07,277.4166733635977
27599.0,26670.31944444,30004.77,0.001259619,339.329235,6.288616,90.0,5.911,0,7.696488050712548e-07,277.41688327447685
27839.0,26670.32222222,29660.17,0.00128387,339.068118,6.337875,90.0,5.8568,0,6.719672008790658e-07,277.41706722054124
28080.0,26670.325,29304.05,0.00130844,338.821562,6.388104,90.0,5.8005,0,5.821789511876885e-07,277.41722849266944
28320.0,26670.32777778,28936.23,0.001333335,338.590508,6.439367,90.0,5.7424,0,5.014812235293543e-07,277.41736879779666
28560.0,26670.33055556,28556.55,0.001358565,338.375963,6.491731,90.0,5.6822,0,4.297736348179685e-07,277.4174891532903
28799.0,26670.33333333,28164.8,0.001384138,338.17902,6.545268,90.0,5.6199,0,3.671002809988911e-07,277.4175922989627
29039.0,26670.33611111,27760.8,0.001410062,338.000858,6.600057,90.0,5.5556,0,3.1327595048825407e-07,277.41768003592983
29280.0,26670.33888889,27344.34,0.001436347,337.842756,6.656184,90.0,5.4892,0,2.6770517631485605e-07,277.41775522215795
29520.0,26670.34166667,26915.19,0.001463001,337.706105,6.71374,90.0,5.4206,0,2.2970357727665568e-07,277.4178197391054
29759.0,26670.34444444,26473.14,0.001490034,337.592421,6.772828,90.0,5.3498,0,1.9859767075745472e-07,277.417874867964
29999.0,26670.34722222,26017.93,0.001517454,337.503358,6.833557,90.0,5.2768,0,1.7370728147460137e-07,277.4179223328073
30240.0,26670.35,25549.32,0.00154527,337.44073,6.896049,90.0,5.2015,0,1.5439205599388343e-07,277.4179640225548
30480.0,26670.35277778,25067.03,0.00157349,337.406528,6.960435,90.0,5.1239,0,1.4018118786281118e-07,277.4180012310403
30720.0,26670.35555556,24570.79,0.001602123,337.402946,7.026863,90.0,5.0439,0,1.3078987064040638e-07,277.4180348745254
30959.0,26670.35833333,24060.29,0.001631174,337.432409,7.095494,90.0,4.9614,0,1.2625173570742686e-07,277.41806626409436
31199.0,26670.36111111,23535.21,0.00166065,337.497602,7.166507,90.0,4.8765,0,1.27073874664638e-07,277.41809643825917
31440.0,26670.36388889,22995.24,0.001690553,337.601513,7.240101,90.0,4.789,0,1.3453138312512655e-07,277.4181269359891
31680.0,26670.36666667,22440.02,0.001720885,337.747477,7.316498,90.0,4.6989,0,1.5129733447265873e-07,277.41815935805243
31919.0,26670.36944444,21869.19,0.001751643,337.939228,7.395949,90.0,4.6061,0,1.8278815523517802e-07,277.4181956694127
32159.0,26670.37222222,21282.36,0.00178282,338.180966,7.478731,90.0,4.5106,0,2.4018813271540396e-07,277.4182393557818
32400.0,26670.375,20679.13,0.001814404,338.477434,7.565162,90.0,4.4122,0,3.4829457563157606e-07,277.41829700093365
32640.0,26670.37777778,20059.07,0.001846374,338.834012,7.655601,90.0,4.311,0,5.631349560565995e-07,277.41838093992635
32880.0,26670.38055556,19421.75,0.001878699,339.25683,7.750455,90.0,4.2068,0,1.011686335107432e-06,277.4185160923158
32940.0,26670.38125,19259.67,0.001886831,339.373685,7.774912,90.0,4.1803,0,1.1893230709661192e-06,277.41875889703624
32999.0,26670.38194444,19096.47,0.001894982,339.495233,7.799682,90.0,4.1535,0,1.4073309577868079e-06,277.4188302564205
33060.0,26670.38263889,18932.15,0.00190315,339.621598,7.824773,90.0,4.1266,0,1.6738313857875954e-06,277.418913288947
33119.0,26670.38333333,18766.71,0.001911334,339.752907,7.850194,90.0,4.0995,0,2.0018543662913337e-06,277.41901539266155
33180.0,26670.38402778,18600.12,0.001919535,339.889295,7.875953,90.0,4.0722,0,2.4069689716893326e-06,277.41913350206914
33239.0,26670.38472222,18432.39,0.00192775,340.030898,7.90206,90.0,4.0447,0,2.90892325397488e-06,277.4192803271764
33300.0,26670.38541667,18263.51,0.001935977,340.17786,7.928524,90.0,4.017,0,3.5327979234742534e-06,277.4194519536484
33359.0,26670.38611111,18093.46,0.001944217,340.330329,7.955355,90.0,3.9891,0,4.3104783595465036e-06,277.4196674543217
33420.0,26670.38680556,17922.25,0.001952467,340.48846,7.982564,90.0,3.961,0,5.282529478223421e-06,277.4199217725449
33480.0,26670.3875,17749.86,0.001960725,340.652412,8.010161,90.0,3.9327,0,6.500578198952013e-06,277.42024400684306
33539.0,26670.38819444,17576.29,0.00196899,340.822353,8.038157,90.0,3.9042,0,8.030332109494075e-06,277.420634041535
33600.0,26670.38888889,17401.53,0.00197726,340.998455,8.066564,90.0,3.8755,0,9.95539045241482e-06,277.42110783112946
33659.0,26670.38958333,17225.57,0.001985532,341.180899,8.095393,90.0,3.8466,0,1.2382034374282979e-05,277.42171510994706
33720.0,26670.39027778,17048.4,0.001993805,341.369871,8.124658,90.0,3.8175,0,1.5445216467892316e-05,277.42244564997515
33779.0,26670.39097222,16870.02,0.002002077,341.565568,8.154371,90.0,3.7881,0,1.93307788194893e-05,277.4233878081797
33840.0,26670.39166667,16690.42,0.002010343,341.768192,8.184546,90.0,3.7586,0,2.422931469016297e-05,277.42452832413005
33899.0,26670.39236111,16509.58,0.002018603,341.977954,8.215197,90.0,3.7288,0,3.0448999468845764e-05,277.42600631232614
33960.0,26670.39305556,16327.51,0.002026852,342.195075,8.246338,90.0,3.6988,0,3.832166643559896e-05,277.4278028032948
34020.0,26670.39375,16144.19,0.002035087,342.419787,8.277986,90.0,3.6687,0,4.8244526713548334e-05,277.43014042494735
34079.0,26670.39444444,15959.62,0.002043305,342.652327,8.310155,90.0,3.6383,0,6.082281875906799e-05,277.43303509655016
34140.0,26670.39513889,15773.78,0.002051502,342.892948,8.342863,90.0,3.6076,0,7.675481406925559e-05,277.43662364285694
34199.0,26670.39583333,15586.68,0.002059674,343.14191,8.376127,90.0,3.5768,0,9.67630943043504e-05,277.4413056865152
34260.0,26670.39652778,15398.31,0.002067817,343.399487,8.409966,90.0,3.5457,0,0.00012199068739837162,277.44701470907916
34319.0,26670.39722222,15208.64,0.002075925,343.665965,8.444398,90.0,3.5145,0,0.0001534960477817585,277.45445614101044
34380.0,26670.39791667,15017.69,0.002083993,343.941643,8.479443,90.0,3.483,0,0.00019294797683968003,277.46351240782957
34439.0,26670.39861111,14825.45,0.002092015,344.226834,8.515122,90.0,3.4512,0,0.00024216613853065555,277.4752822344168
34500.0,26670.39930556,14631.9,0.002099987,344.521864,8.551458,90.0,3.4193,0,0.00030292601720202775,277.4895700365901
34560.0,26670.4,14437.04,0.0021079,344.827077,8.588472,90.0,3.3871,0,0.00037817705842733295,277.50804852363945
34619.0,26670.40069444,14240.86,0.002115748,345.142833,8.626189,90.0,3.3547,0,0.00047083939327281847,277.5307391471451
34680.0,26670.40138889,14043.36,0.002123523,345.469509,8.664634,90.0,3.3221,0,0.0005846032594625519,277.55851867134817
34739.0,26670.40208333,13844.53,0.002131218,345.807499,8.703833,90.0,3.2892,0,0.0007243246243885613,277.5941794701754
34800.0,26670.40277778,13644.38,0.002138821,346.15722,8.743815,90.0,3.2563,0,0.0008938023446277696,277.6369146230143
34859.0,26670.40347222,13442.88,0.002146325,346.519107,8.784607,90.0,3.223,0,0.001101260778615524,277.6914365660366
34920.0,26670.40416667,13240.04,0.002153719,346.893619,8.826241,90.0,3.1894,0,0.00135387351695198,277.75641095197494
34979.0,26670.40486111,13035.86,0.00216099,347.281239,8.868749,90.0,3.1555,0,0.001660677451997462,277.838997236509
35040.0,26670.40555556,12830.33,0.002168127,347.682474,8.912165,90.0,3.1214,0,0.002031135944608635,277.93697720617683
35100.0,26670.40625,12623.46,0.002175115,348.097857,8.956524,90.0,3.0872,0,0.002475643351156775,278.06087649879794
35159.0,26670.40694444,12415.23,0.002181942,348.527952,9.001863,90.0,3.0532,0,0.0030020296364039927,278.20941509986733
35220.0,26670.40763889,12205.65,0.002188589,348.973353,9.048224,90.0,3.0186,0,0.0036382178735376693,278.3865348484152
35279.0,26670.40833333,11994.72,0.002195041,349.434686,9.095646,90.0,2.9837,0,0.004398938623361952,278.608466138701
35340.0,26670.40902778,11782.44,0.002201278,349.912611,9.144174,90.0,2.9486,0,0.005303344764810037,278.86800351747934
35399.0,26670.40972222,11568.81,0.00220728,350.407827,9.193855,90.0,2.9133,0,0.006375239905423473,279.19150754813273
35460.0,26670.41041667,11353.85,0.002213025,350.921071,9.244738,90.0,2.878,0,0.007634000136456206,279.56764670255274
35519.0,26670.41111111,11137.54,0.002218488,351.453125,9.296875,90.0,2.842,0,0.009137996387361243,280.0333207108766
35580.0,26670.41180556,10919.91,0.002223644,352.004814,9.350321,90.0,2.8061,0,0.010890506156144173,280.5724624977309
35640.0,26670.4125,10700.97,0.002228462,352.577014,9.405134,90.0,2.7699,0,0.01294828860570887,281.2367833732557
35699.0,26670.41319444,10480.71,0.002232913,353.170651,9.461377,90.0,2.7336,0,0.015343885510124725,282.01368068959823
35760.0,26670.41388889,10259.17,0.002236961,353.786709,9.519114,90.0,2.6971,0,0.018131498986358248,282.9189699346956
35819.0,26670.41458333,10036.34,0.00224057,354.426231,9.578415,90.0,2.6603,0,0.021372759343745096,284.02499137286344
35880.0,26670.41527778,9812.265,0.002243697,355.090325,9.639355,90.0,2.6234,0,0.025102654589855226,285.2859841741444
35939.0,26670.41597222,9586.954,0.002246299,355.780169,9.702011,90.0,2.5863,0,0.02938265105156021,286.81724610412556
36000.0,26670.41666667,9360.436,0.002248327,356.497014,9.766468,90.0,2.549,0,0.03426535864460688,288.5508225161676
36059.0,26670.41736111,9132.742,0.002249726,357.242192,9.832813,90.0,2.5116,0,0.03978502745960464,290.6410093934886
36120.0,26670.41805556,8903.907,0.002250438,358.017119,9.901141,90.0,2.4739,0,0.04601567552350516,292.9883260136053
36180.0,26670.41875,8673.971,0.002250397,358.823307,9.971554,90.0,2.4361,0,0.05296031444401008,295.7952822205391
36239.0,26670.41944444,8442.979,0.002249535,359.662363,10.044158,90.0,2.3983,0,0.060616371284767274,298.9729010871797
36300.0,26670.42013889,8210.983,0.002247771,0.536003,10.119067,90.0,2.3603,0,0.06902727996927838,302.54926699298096
36359.0,26670.42083333,7978.042,0.002245021,1.446055,10.196404,90.0,2.3221,0,0.07818213168018856,306.75993107110696
36420.0,26670.42152778,7744.222,0.002241191,2.394472,10.276298,90.0,2.2839,0,0.08799338053790474,311.3726768402381
36479.0,26670.42222222,7509.597,0.002236178,3.383336,10.358889,90.0,2.2456,0,0.09841810453489895,316.7402730530503
36540.0,26670.42291667,7274.253,0.002229866,4.414872,10.444325,90.0,2.2072,0,0.1093610259268372,322.54694122060937
36599.0,26670.42361111,7038.282,0.002222132,5.491453,10.532764,90.0,2.1687,0,0.1206955451441278,329.2179638021464
36660.0,26670.42430556,6801.794,0.002212837,6.615614,10.624374,90.0,2.1302,0,0.13223278380809977,336.33900096565
36720.0,26670.425,6564.906,0.00220183,7.79006,10.719337,90.0,2.0917,0,0.1437783099388957,344.40520077794406
36779.0,26670.42569444,6327.754,0.002188943,9.017679,10.817845,90.0,2.0532,0,0.15506401260269329,353.0318993742778
36840.0,26670.42638889,6090.488,0.002173993,10.301549,10.920103,90.0,2.0146,0,0.1657865773917368,362.18067611783675
36899.0,26670.42708333,5853.278,0.002156777,11.64495,11.02633,90.0,1.9761,0,0.17552700858866688,372.2936573387327
36960.0,26670.42777778,5616.313,0.002137074,13.051374,11.136758,90.0,1.9377,0,0.18391413334379672,382.64975084546404
37019.0,26670.42847222,5379.804,0.002114639,14.524533,11.251636,90.0,1.8992,0,0.19061442061520442,393.86851297943565
37080.0,26670.42916667,5143.989,0.002089207,16.068363,11.371224,90.0,1.8609,0,0.19523304491280896,405.1147637957327
37139.0,26670.42986111,4909.132,0.002060484,17.687031,11.495802,90.0,1.8226,0,0.19751165719306576,417.02397953541407
37200.0,26670.43055556,4675.529,0.002028152,19.384933,11.625662,90.0,1.7845,0,0.1972350175942503,428.67716730980493
37260.0,26670.43125,4443.508,0.001991865,21.166689,11.761113,90.0,1.7466,0,0.19431853213088157,440.7085033830542
37319.0,26670.43194444,4213.438,0.001951248,23.037129,11.902475,90.0,1.7087,0,0.18875398551556682,452.3676153109071
37380.0,26670.43263889,3985.724,0.001905898,25.001279,12.050085,90.0,1.6711,0,0.1807206791047992,463.50410045632555
37439.0,26670.43333333,3760.82,0.001855382,27.064321,12.204288,90.0,1.6336,0,0.17032860077627493,474.5280618817183
37500.0,26670.43402778,3539.226,0.001799242,29.231555,12.365437,90.0,1.5964,0,0.15693107893854139,484.57744932751854
37559.0,26670.43472222,3321.495,0.001736997,31.50833,12.533889,90.0,1.5596,0,0.13993007742468586,494.15024514276956
37620.0,26670.43541667,3108.235,0.001668147,33.899968,12.709998,90.0,1.5229,0,0.1194276014449366,502.40611971082603
37679.0,26670.43611111,2900.111,0.001592184,36.411649,12.89411,90.0,1.4871,0,0.09707764487403903,509.69120339896716
37740.0,26670.43680556,2697.852,0.001508603,39.048279,13.086552,90.0,1.4517,0,0.0744168454147209,515.4187844465355
37800.0,26670.4375,2502.246,0.001416912,41.81432,13.287621,90.0,1.417,0,0.05357042945264672,519.9582120168335
37859.0,26670.43819444,2314.141,0.001316659,44.713592,13.497573,90.0,1.3832,0,0.03613723849888658,523.1724377839923
37920.0,26670.43888889,2134.445,0.001207452,47.749031,13.716602,90.0,1.3503,0,0.022792403963042628,525.3045348554266
37979.0,26670.43958333,1964.12,0.00108899,50.922426,13.944828,90.0,1.3186,0,0.013498189090985144,526.6948714971722
38040.0,26670.44027778,1804.169,0.0009610964,54.234119,14.182275,90.0,1.2883,0,0.007554876845393133,527.4912646535404
38099.0,26670.44097222,1655.63,0.000823756,57.682697,14.428846,90.0,1.2595,0,0.004026267434068831,527.9521121411094
38160.0,26670.44166667,1519.558,0.0006771548,61.264686,14.684312,90.0,1.2322,0,0.0020576312306340217,528.1896619197195
38219.0,26670.44236111,1397.001,0.0005217166,64.974268,14.948285,90.0,1.2074,0,0.0010459680145708204,528.3151774247881
38280.0,26670.44305556,1288.98,0.0003581353,68.803053,15.220204,90.0,1.185,0,0.0005359600030481196,528.3768895376478
38340.0,26670.44375,1196.46,0.000187395,72.739945,15.49933,90.0,1.1655,0,0.0002858823863929351,528.4095830978338
38399.0,26670.44444444,1120.319,1.077605e-05,76.771122,15.784741,90.0,1.1489,0,0.00016162304510005955,528.4267360410173
38460.0,26670.44513889,1061.317,-0.0001701605,80.880163,16.075344,90.0,1.1351,0,9.807006911080517e-05,528.4362718006782
38519.0,26670.44583333,1020.068,-0.0003536104,85.048347,16.36989,90.0,1.125,0,6.702308530492325e-05,528.442254074894
38580.0,26670.44652778,997.0166,-0.0005375876,89.2551,16.667007,90.0,1.1183,0,5.16974186679723e-05,528.446208436927
38639.0,26670.44722222,992.4148,-0.0007200051,93.478597,16.96524,90.0,1.1151,0,4.55758708317939e-05,528.4493619794657
38700.0,26670.44791667,1006.314,-0.0008987688,97.696457,17.263097,90.0,1.1152,0,4.57566344195704e-05,528.4520509558448
38759.0,26670.44861111,1038.56,-0.001071876,101.886486,17.559099,90.0,1.1186,0,5.230833207980305e-05,528.4548421105444
