Time (s),MCU_SEL,REG_DSEE,SRAM_SEL,REG_SET,MCU_SEFI,SRAM_TID,MCU_TID,REG_TID,WDT_TID
0.0,0.0,0.0,0.0,0.0,0.0,0.0,0.0,0.0,0.0
59.0,0.001861479057512793,3.039588134434213e-09,0.009749251650121497,0.013226126735121798,0.0052452396561035635,0.0,0.0,0.0,0.0
120.0,0.0030278058650781195,4.733845863392729e-09,0.015815074266248553,0.021433621546406843,0.008521940528580697,0.0,0.0,0.0,0.0
179.0,0.00475868154626702,6.825663017419866e-09,0.024753402528170723,0.033499241787752425,0.013370112348785972,0.0,0.0,0.0,0.0
240.0,0.0074328025375655,9.391792864060935e-09,0.038416567272649076,0.051874735683584784,0.020826386645984716,0.0,0.0,0.0,0.0
299.0,0.012291878697123518,1.2971362693186238e-08,0.06280845144685375,0.08446356444420014,0.03427243035235855,0.0,0.0,0.0,0.0
360.0,0.021098779034199447,1.790406454279822e-08,0.10566026581844003,0.14100826681267525,0.05831685029002517,0.0,0.0,0.0,0.0
419.0,0.038594749220740125,2.5491972819653327e-08,0.18592217083658533,0.24433670123442208,0.10488135157478544,0.0,0.0,0.0,0.0
480.0,0.07060470613106622,3.6748365572599116e-08,0.3173763621992778,0.4056867925229342,0.18607981768824639,0.0,0.0,0.0,0.0
540.0,0.1289757337320792,5.472219200543307e-08,0.5124140474358853,0.6245012871079897,0.32144464395720024,0.0,0.0,0.0,0.0
599.0,0.2206311975365285,8.1949570310705e-08,0.7256955907396855,0.8287813381331799,0.5029680077451875,0.0,0.0,0.0,0.0
660.0,0.3465843413338889,1.224114799261464e-07,0.8895372186668817,0.9505620273758888,0.69634604511809,0.0,0.0,0.0,0.0
719.0,0.5018666889381371,1.8389634270590894e-07,0.9726679032303555,0.9926644773054246,0.857615596691714,0.0,0.0,0.0,0.0
780.0,0.6533137302651026,2.683848232570032e-07,0.9957498422779003,0.9994232911125673,0.9481466377731302,0.0,0.0,0.0,0.0
839.0,0.7865485647804213,3.8826399176059814e-07,0.999645850468632,0.999980681816626,0.9865544065737204,0.0,0.0,0.0,0.0
900.0,0.879900914359792,5.420613933685181e-07,0.9999812891639025,0.999999653041737,0.99728093622997,0.0,0.0,0.0,0.0
959.0,0.9402067821849208,7.462109394419683e-07,0.9999994676941776,0.9999999973279978,0.9996077157707564,0.0,0.0,0.0,0.0
1020.0,0.9721559313267396,9.921986071937234e-07,0.9999999891646708,0.9999999999869875,0.999952883444739,0.0,0.0,0.0,0.0
1080.0,0.9883589197775472,1.3004367259222783e-06,0.9999999998718242,0.9999999999999699,0.9999957937202549,0.0,0.0,0.0,0.0
1139.0,0.9953929777667158,1.6568539464567934e-06,0.9999999999988463,1.0,0.9999996768042141,0.0,0.0,0.0,0.0
1200.0,0.9982544116812246,2.0569875703081226e-06,0.9999999999999917,1.0,0.9999999779493701,0.0,0.0,0.0,0.0
1259.0,0.9993915923156539,2.5161343571268097e-06,1.0,1.0,0.9999999988042761,0.0,0.0,0.0,0.0
1320.0,0.9997885253000645,2.995797236122583e-06,1.0,0.9999999999999999,0.9999999999355865,0.0,0.0,0.0,0.0
1379.0,0.9999308610136803,3.5178407878730287e-06,1.0,1.0,0.9999999999970686,0.0,0.0,0.0,0.0
1440.0,0.9999768087472026,4.036317349506913e-06,1.0,1.0,0.9999999999998568,0.0,0.0,0.0,0.0
1499.0,0.9999924832658241,4.574072922947333e-06,1.0,0.9999999999999999,0.9999999999999937,0.0,0.0,0.0,0.0
1560.0,0.9999974323189664,5.084797081387418e-06,1.0,0.9999999999999999,0.9999999999999996,0.0,0.0,0.0,0.0
1620.0,0.9999991295914545,5.593081339578377e-06,1.0,1.0,0.9999999999999999,0.0,0.0,0.0,0.0
1679.0,0.9999996878163863,6.066169628968984e-06,1.0,0.9999999999999999,1.0,0.0,0.0,0.0,0.0
1740.0,0.9999998806712306,6.4998819723597625e-06,1.0,1.0,1.0,0.0,0.0,0.0,0.0
1799.0,0.9999999533659572,6.912925142351792e-06,1.0,1.0,1.0,0.0,0.0,0.0,0.0
1860.0,0.9999999800994536,7.2775965614335e-06,1.0,1.0,1.0,0.0,0.0,0.0,0.0
1919.0,0.9999999912247853,7.619549507676958e-06,1.0,1.0,1.0,0.0,0.0,0.0,0.0
1980.0,0.9999999957785368,7.918521866228245e-06,1.0,1.0,1.0,0.0,0.0,0.0,0.0
2039.0,0.9999999978931257,8.197451305836147e-06,0.9999999999999999,1.0,1.0,0.0,0.0,0.0,0.0
2100.0,0.9999999988592055,8.440247323099387e-06,1.0,1.0,1.0,0.0,0.0,0.0,0.0
2160.0,0.9999999993587414,8.665930795423262e-06,1.0,1.0,1.0,0.0,0.0,0.0,0.0
2219.0,0.9999999996156531,8.8651693472076e-06,1.0,0.9999999999999999,1.0,0.0,0.0,0.0,0.0
2280.0,0.9999999997555216,9.040704990261301e-06,1.0,1.0,1.0,0.0,0.0,0.0,0.0
2339.0,0.9999999998390747,9.202962151418075e-06,1.0,0.9999999999999999,0.9999999999999999,0.0,0.0,0.0,0.0
2400.0,0.9999999998876408,9.342778054400667e-06,1.0,1.0,1.0,0.0,0.0,0.0,0.0
2459.0,0.9999999999191276,9.471510772857941e-06,0.9999999999999999,0.9999999999999999,1.0,0.0,0.0,0.0,0.0
2520.0,0.9999999999388882,9.58212912076864e-06,0.9999999999999999,1.0,0.9999999999999999,0.0,0.0,0.0,0.0
2579.0,0.9999999999525961,9.683518456383687e-06,1.0,1.0,0.9999999999999999,0.0,0.0,0.0,0.0
2640.0,0.9999999999617528,9.77032400453623e-06,1.0,1.0,1.0,0.0,0.0,0.0,0.0
2700.0,0.999999999968465,9.849561123048052e-06,1.0,1.0,1.0,0.0,0.0,0.0,0.0
2759.0,0.9999999999732446,9.918211765825633e-06,1.0,1.0,1.0,0.0,0.0,0.0,0.0
2820.0,0.9999999999767298,9.977598569812156e-06,1.0,1.0,1.0,0.0,0.0,0.0,0.0
2879.0,0.9999999999794439,1.0031442793887054e-05,1.0,1.0,1.0,0.0,0.0,0.0,0.0
2940.0,0.9999999999814526,1.0077052641105142e-05,1.0,1.0,1.0,0.0,0.0,0.0,0.0
2999.0,0.9999999999830629,1.0118251894499552e-05,1.0,1.0,0.9999999999999999,0.0,0.0,0.0,0.0
3060.0,0.9999999999842843,1.0153027276700095e-05,0.9999999999999999,1.0,0.9999999999999998,0.0,0.0,0.0,0.0
3119.0,0.999999999985284,1.0184362014548814e-05,1.0,1.0,0.9999999999999998,0.0,0.0,0.0,0.0
3180.0,0.9999999999860555,1.0210776354588486e-05,1.0,1.0,0.9999999999999999,0.0,0.0,0.0,0.0
3240.0,0.9999999999866952,1.02345432348441e-05,0.9999999999999999,1.0,0.9999999999999999,0.0,0.0,0.0,0.0
3299.0,0.9999999999872029,1.0254919025859341e-05,0.9999999999999998,1.0,0.9999999999999999,0.0,0.0,0.0,0.0
3360.0,0.9999999999876084,1.0272411417754803e-05,0.9999999999999998,0.9999999999999999,1.0,0.0,0.0,0.0,0.0
3419.0,0.9999999999879495,1.0288221522107688e-05,0.9999999999999998,0.9999999999999999,1.0,0.0,0.0,0.0,0.0
3480.0,0.999999999988219,1.0301619105867768e-05,0.9999999999999998,1.0,1.0,0.0,0.0,0.0,0.0
3539.0,0.999999999988447,1.0313792413612105e-05,0.9999999999999999,1.0,1.0,0.0,0.0,0.0,0.0
3600.0,0.9999999999886277,1.032416813035375e-05,1.0,1.0,1.0,0.0,0.0,0.0,0.0
3659.0,0.999999999988781,1.0333655081554132e-05,1.0,1.0,1.0,0.0,0.0,0.0,0.0
3720.0,0.9999999999889031,1.0341805144557096e-05,1.0,1.0,0.9999999999999999,0.0,0.0,0.0,0.0
3780.0,0.9999999999890069,1.0349319307298374e-05,0.9999999999999999,1.0,0.9999999999999999,0.0,0.0,0.0,0.0
3839.0,0.9999999999890911,1.0355943752676568e-05,0.9999999999999999,1.0,0.9999999999999999,0.0,0.0,0.0,0.0
3900.0,0.999999999989159,1.0361808059714676e-05,0.9999999999999999,1.0,1.0,0.0,0.0,0.0,0.0
3959.0,0.9999999999892171,1.0367301488680637e-05,0.9999999999999999,1.0,1.0,0.0,0.0,0.0,0.0
4020.0,0.9999999999892634,1.0372141718787679e-05,0.9999999999999998,1.0,1.0,0.0,0.0,0.0,0.0
4079.0,0.9999999999893028,1.0376726860346726e-05,0.9999999999999998,1.0,1.0,0.0,0.0,0.0,0.0
4140.0,0.9999999999893344,1.0380816236493489e-05,0.9999999999999999,1.0,1.0,0.0,0.0,0.0,0.0
4199.0,0.9999999999893614,1.0384741920486541e-05,0.9999999999999999,1.0,1.0,0.0,0.0,0.0,0.0
4260.0,0.9999999999893828,1.0388290281657203e-05,0.9999999999999998,1.0,1.0,0.0,0.0,0.0,0.0
4320.0,0.9999999999894011,1.0391744276170765e-05,0.9999999999999997,1.0,1.0,0.0,0.0,0.0,0.0
4379.0,0.9999999999894161,1.0394967194250966e-05,0.9999999999999998,1.0,1.0,0.0,0.0,0.0,0.0
4440.0,0.9999999999894282,1.0397995034174395e-05,0.9999999999999998,0.9999999999999999,1.0,0.0,0.0,0.0,0.0
4499.0,0.9999999999894386,1.0401006511458794e-05,0.9999999999999998,1.0,1.0,0.0,0.0,0.0,0.0
4560.0,0.9999999999894469,1.0403827031027793e-05,0.9999999999999998,0.9999999999999999,1.0,0.0,0.0,0.0,0.0
4619.0,0.999999999989454,1.0406667768983055e-05,0.9999999999999997,0.9999999999999999,1.0,0.0,0.0,0.0,0.0
4680.0,0.9999999999894597,1.0409359712503177e-05,0.9999999999999997,1.0,1.0,0.0,0.0,0.0,0.0
4739.0,0.9999999999894645,1.041210121407964e-05,0.9999999999999996,0.9999999999999999,1.0,0.0,0.0,0.0,0.0
4800.0,0.9999999999894683,1.041472625524307e-05,0.9999999999999996,1.0,1.0,0.0,0.0,0.0,0.0
4860.0,0.9999999999894716,1.0417425662804177e-05,0.9999999999999996,1.0,0.9999999999999999,0.0,0.0,0.0,0.0
4919.0,0.9999999999894744,1.0420078115185573e-05,0.9999999999999997,1.0,0.9999999999999998,0.0,0.0,0.0,0.0
4980.0,0.9999999999894768,1.042269429539737e-05,0.9999999999999998,1.0,0.9999999999999999,0.0,0.0,0.0,0.0
5039.0,0.9999999999894789,1.042541752008123e-05,0.9999999999999998,1.0,0.9999999999999999,0.0,0.0,0.0,0.0
5100.0,0.9999999999894803,1.0428078576358123e-05,0.9999999999999998,1.0,0.9999999999999999,0.0,0.0,0.0,0.0
5159.0,0.9999999999894816,1.0430867144520421e-05,0.9999999999999998,0.9999999999999999,0.9999999999999999,0.0,0.0,0.0,0.0
5220.0,0.9999999999894827,1.0433608652588169e-05,0.9999999999999998,1.0,0.9999999999999998,0.0,0.0,0.0,0.0
5279.0,0.9999999999894836,1.0436497282648948e-05,0.9999999999999998,1.0,0.9999999999999997,0.0,0.0,0.0,0.0
5340.0,0.9999999999894843,1.0439351590514784e-05,0.9999999999999998,1.0,0.9999999999999997,0.0,0.0,0.0,0.0
5400.0,0.9999999999894851,1.044237285785213e-05,0.9999999999999999,0.9999999999999999,0.9999999999999996,0.0,0.0,0.0,0.0
5459.0,0.9999999999894859,1.0445421026380476e-05,0.9999999999999999,0.9999999999999998,0.9999999999999994,0.0,0.0,0.0,0.0
5520.0,0.9999999999894864,1.0448500553931523e-05,1.0,0.9999999999999998,0.9999999999999993,0.0,0.0,0.0,0.0
5579.0,0.9999999999894869,1.0451776772746226e-05,1.0,0.9999999999999998,0.9999999999999993,0.0,0.0,0.0,0.0
5640.0,0.9999999999894872,1.045504140349645e-05,1.0,0.9999999999999998,0.9999999999999994,0.0,0.0,0.0,0.0
5699.0,0.9999999999894876,1.0458522270224764e-05,0.9999999999999999,0.9999999999999998,0.9999999999999994,0.0,0.0,0.0,0.0
5760.0,0.999999999989488,1.0461997538477866e-05,1.0,0.9999999999999998,0.9999999999999996,0.0,0.0,0.0,0.0
5819.0,0.9999999999894882,1.046570871842784e-05,0.9999999999999999,0.9999999999999998,0.9999999999999997,0.0,0.0,0.0,0.0
5880.0,0.9999999999894883,1.046941730679756e-05,0.9999999999999998,0.9999999999999999,0.9999999999999998,0.0,0.0,0.0,0.0
5940.0,0.9999999999894884,1.0473380311531295e-05,0.9999999999999997,0.9999999999999999,0.9999999999999998,0.0,0.0,0.0,0.0
5999.0,0.9999999999894886,1.0477408957831226e-05,0.9999999999999997,0.9999999999999999,0.9999999999999999,0.0,0.0,0.0,0.0
6239.0,0.9999999999894889,1.0481507234242012e-05,0.9999999999999996,0.9999999999999998,0.9999999999999998,0.0,0.0,0.0,0.0
6480.0,0.9999999999894893,1.0500476081085383e-05,0.9999999999999997,0.9999999999999998,0.9999999999999998,0.0,0.0,0.0,0.0
6720.0,0.9999999999894897,1.0521889416380094e-05,0.9999999999999998,0.9999999999999999,0.9999999999999997,0.0,0.0,0.0,0.0
6960.0,0.9999999999894901,1.0545436981423387e-05,0.9999999999999998,0.9999999999999998,0.9999999999999998,0.0,0.0,0.0,0.0
7199.0,0.9999999999894902,1.0571004676765468e-05,0.9999999999999997,0.9999999999999998,0.9999999999999998,0.0,0.0,0.0,0.0
7439.0,0.9999999999894905,1.0598239869729652e-05,0.9999999999999996,0.9999999999999998,0.9999999999999997,0.0,0.0,0.0,0.0
7680.0,0.9999999999894905,1.0627117135456494e-05,0.9999999999999996,0.9999999999999999,0.9999999999999997,0.0,0.0,0.0,0.0
7920.0,0.9999999999894906,1.0657390218631506e-05,0.9999999999999997,0.9999999999999998,0.9999999999999997,0.0,0.0,0.0,0.0
8159.0,0.9999999999894907,1.0688553282707942e-05,0.9999999999999997,0.9999999999999998,0.9999999999999997,0.0,0.0,0.0,0.0
8399.0,0.9999999999894909,1.0720354852896854e-05,0.9999999999999996,0.9999999999999997,0.9999999999999997,0.0,0.0,0.0,0.0
8640.0,0.9999999999894909,1.075284819950986e-05,0.9999999999999997,0.9999999999999997,0.9999999999999996,0.0,0.0,0.0,0.0
8880.0,0.999999999989491,1.0785838591677465e-05,0.9999999999999997,0.9999999999999998,0.9999999999999997,0.0,0.0,0.0,0.0
9120.0,0.9999999999894911,1.0818880439373541e-05,0.9999999999999998,0.9999999999999997,0.9999999999999996,0.0,0.0,0.0,0.0
9359.0,0.9999999999894913,1.085196442203847e-05,0.9999999999999999,0.9999999999999996,0.9999999999999994,0.0,0.0,0.0,0.0
9599.0,0.9999999999894914,1.0884831115225911e-05,0.9999999999999998,0.9999999999999997,0.9999999999999996,0.0,0.0,0.0,0.0
9840.0,0.9999999999894915,1.0917657026953852e-05,0.9999999999999998,0.9999999999999998,0.9999999999999996,0.0,0.0,0.0,0.0
10080.0,0.9999999999894917,1.0950362871958712e-05,0.9999999999999998,0.9999999999999998,0.9999999999999997,0.0,0.0,0.0,0.0
10319.0,0.9999999999894921,1.0982618212751825e-05,0.9999999999999997,0.9999999999999998,0.9999999999999997,0.0,0.0,0.0,0.0
10559.0,0.9999999999894925,1.1014384615654341e-05,0.9999999999999996,0.9999999999999997,0.9999999999999997,0.0,0.0,0.0,0.0
10800.0,0.999999999989493,1.1045900036189803e-05,0.9999999999999997,0.9999999999999997,0.9999999999999997,0.0,0.0,0.0,0.0
11040.0,0.9999999999894935,1.107714478845785e-05,0.9999999999999998,0.9999999999999997,0.9999999999999998,0.0,0.0,0.0,0.0
11280.0,0.9999999999894941,1.1107854036266978e-05,0.9999999999999999,0.9999999999999997,0.9999999999999997,0.0,0.0,0.0,0.0
11519.0,0.9999999999894947,1.1138159549685723e-05,0.9999999999999998,0.9999999999999998,0.9999999999999997,0.0,0.0,0.0,0.0
11759.0,0.9999999999894953,1.1167946368324597e-05,0.9999999999999999,0.9999999999999998,0.9999999999999998,0.0,0.0,0.0,0.0
12000.0,0.9999999999894961,1.1197478034139574e-05,0.9999999999999998,0.9999999999999997,0.9999999999999999,0.0,0.0,0.0,0.0
12240.0,0.9999999999894968,1.1226769132433966e-05,0.9999999999999999,0.9999999999999997,0.9999999999999999,0.0,0.0,0.0,0.0
12479.0,0.9999999999894977,1.1255597406735231e-05,0.9999999999999999,0.9999999999999998,1.0,0.0,0.0,0.0,0.0
12719.0,0.9999999999894986,1.128398938911686e-05,0.9999999999999999,0.9999999999999998,0.9999999999999999,0.0,0.0,0.0,0.0
12960.0,0.9999999999894997,1.1312207882205808e-05,1.0,0.9999999999999997,0.9999999999999999,0.0,0.0,0.0,0.0
13200.0,0.999999999989501,1.1340274666569787e-05,1.0,0.9999999999999996,0.9999999999999998,0.0,0.0,0.0,0.0
13440.0,0.9999999999895022,1.1367983837265423e-05,1.0,0.9999999999999996,0.9999999999999998,0.0,0.0,0.0,0.0
13679.0,0.9999999999895034,1.1395476364398782e-05,1.0,0.9999999999999996,0.9999999999999997,0.0,0.0,0.0,0.0
13919.0,0.9999999999895048,1.1422663777432549e-05,1.0,0.9999999999999996,0.9999999999999997,0.0,0.0,0.0,0.0
14160.0,0.9999999999895062,1.1449798092030143e-05,0.9999999999999999,0.9999999999999996,0.9999999999999997,0.0,0.0,0.0,0.0
14400.0,0.9999999999895076,1.147690108763568e-05,0.9999999999999998,0.9999999999999997,0.9999999999999996,0.0,0.0,0.0,0.0
14639.0,0.999999999989509,1.1503770522351476e-05,0.9999999999999998,0.9999999999999996,0.9999999999999997,0.0,0.0,0.0,0.0
14879.0,0.9999999999895104,1.1530427243058414e-05,0.9999999999999999,0.9999999999999997,0.9999999999999996,0.0,0.0,0.0,0.0
15120.0,0.999999999989512,1.1557113394061657e-05,0.9999999999999999,0.9999999999999996,0.9999999999999996,0.0,0.0,0.0,0.0
15360.0,0.9999999999895135,1.1583846297857479e-05,0.9999999999999999,0.9999999999999996,0.9999999999999994,0.0,0.0,0.0,0.0
15600.0,0.999999999989515,1.1610420773948245e-05,0.9999999999999999,0.9999999999999997,0.9999999999999996,0.0,0.0,0.0,0.0
15839.0,0.9999999999895166,1.1636962067816385e-05,1.0,0.9999999999999997,0.9999999999999997,0.0,0.0,0.0,0.0
16079.0,0.9999999999895182,1.1663372674595944e-05,0.9999999999999999,0.9999999999999998,0.9999999999999997,0.0,0.0,0.0,0.0
16320.0,0.9999999999895198,1.1689885087497021e-05,1.0,0.9999999999999998,0.9999999999999996,0.0,0.0,0.0,0.0
16560.0,0.9999999999895214,1.1716508993316222e-05,1.0,0.9999999999999999,0.9999999999999994,0.0,0.0,0.0,0.0
16799.0,0.9999999999895229,1.174303148873507e-05,1.0,0.9999999999999999,0.9999999999999993,0.0,0.0,0.0,0.0
17039.0,0.9999999999895246,1.1769459189169897e-05,1.0,0.9999999999999998,0.9999999999999993,0.0,0.0,0.0,0.0
17280.0,0.9999999999895262,1.1796018287805859e-05,1.0,0.9999999999999998,0.9999999999999994,0.0,0.0,0.0,0.0
17520.0,0.9999999999895278,1.1822712480188293e-05,1.0,0.9999999999999997,0.9999999999999994,0.0,0.0,0.0,0.0
17760.0,0.9999999999895293,1.1849322505957544e-05,1.0,0.9999999999999997,0.9999999999999996,0.0,0.0,0.0,0.0
17999.0,0.9999999999895307,1.1875959886589871e-05,0.9999999999999999,0.9999999999999996,0.9999999999999994,0.0,0.0,0.0,0.0
18239.0,0.9999999999895322,1.1902513558911148e-05,0.9999999999999999,0.9999999999999996,0.9999999999999994,0.0,0.0,0.0,0.0
18480.0,0.9999999999895336,1.1929204191338512e-05,0.9999999999999998,0.9999999999999996,0.9999999999999993,0.0,0.0,0.0,0.0
18720.0,0.999999999989535,1.1956029747625253e-05,0.9999999999999997,0.9999999999999996,0.9999999999999993,0.0,0.0,0.0,0.0
18959.0,0.9999999999895366,1.198275477891743e-05,0.9999999999999996,0.9999999999999994,0.9999999999999994,0.0,0.0,0.0,0.0
19199.0,0.999999999989538,1.2009390160060392e-05,0.9999999999999994,0.9999999999999993,0.9999999999999996,0.0,0.0,0.0,0.0
19440.0,0.9999999999895396,1.2036150402225237e-05,0.9999999999999994,0.9999999999999993,0.9999999999999996,0.0,0.0,0.0,0.0
19680.0,0.999999999989541,1.2063030279312015e-05,0.9999999999999994,0.9999999999999993,0.9999999999999997,0.0,0.0,0.0,0.0
19920.0,0.9999999999895424,1.2089800757284437e-05,0.9999999999999993,0.9999999999999993,0.9999999999999997,0.0,0.0,0.0,0.0
20159.0,0.9999999999895439,1.2116568388184813e-05,0.9999999999999993,0.9999999999999993,0.9999999999999996,0.0,0.0,0.0,0.0
20399.0,0.9999999999895455,1.214321677897404e-05,0.9999999999999993,0.9999999999999994,0.9999999999999994,0.0,0.0,0.0,0.0
20640.0,0.9999999999895468,1.2169963939955319e-05,0.9999999999999994,0.9999999999999993,0.9999999999999996,0.0,0.0,0.0,0.0
20880.0,0.9999999999895484,1.2196805193697035e-05,0.9999999999999994,0.9999999999999993,0.9999999999999996,0.0,0.0,0.0,0.0
21119.0,0.9999999999895498,1.2223514153157053e-05,0.9999999999999994,0.9999999999999992,0.9999999999999994,0.0,0.0,0.0,0.0
21359.0,0.9999999999895514,1.225008778625295e-05,0.9999999999999994,0.9999999999999993,0.9999999999999996,0.0,0.0,0.0,0.0
21600.0,0.9999999999895528,1.2276746158041494e-05,0.9999999999999994,0.9999999999999992,0.9999999999999994,0.0,0.0,0.0,0.0
21840.0,0.9999999999895542,1.2303488026080579e-05,0.9999999999999994,0.9999999999999993,0.9999999999999994,0.0,0.0,0.0,0.0
22080.0,0.9999999999895558,1.2330091132221727e-05,0.9999999999999993,0.9999999999999994,0.9999999999999994,0.0,0.0,0.0,0.0
22319.0,0.9999999999895575,1.235666784464861e-05,0.9999999999999993,0.9999999999999993,0.9999999999999994,0.0,0.0,0.0,0.0
22559.0,0.999999999989559,1.2383109962475393e-05,0.9999999999999993,0.9999999999999994,0.9999999999999993,0.0,0.0,0.0,0.0
22800.0,0.9999999999895605,1.240964289860754e-05,0.9999999999999993,0.9999999999999993,0.9999999999999994,0.0,0.0,0.0,0.0
23040.0,0.9999999999895621,1.243627222462294e-05,0.9999999999999994,0.9999999999999992,0.9999999999999994,0.0,0.0,0.0,0.0
23279.0,0.9999999999895636,1.2462784294072483e-05,0.9999999999999996,0.9999999999999991,0.9999999999999994,0.0,0.0,0.0,0.0
23519.0,0.9999999999895651,1.2489188174710077e-05,0.9999999999999997,0.999999999999999,0.9999999999999996,0.0,0.0,0.0,0.0
23760.0,0.9999999999895667,1.2515715705416794e-05,0.9999999999999997,0.9999999999999991,0.9999999999999994,0.0,0.0,0.0,0.0
24000.0,0.9999999999895683,1.254237965880578e-05,0.9999999999999997,0.9999999999999991,0.9999999999999996,0.0,0.0,0.0,0.0
24240.0,0.9999999999895699,1.2568973243766544e-05,0.9999999999999997,0.9999999999999991,0.9999999999999996,0.0,0.0,0.0,0.0
24479.0,0.9999999999895716,1.2595623402164902e-05,0.9999999999999996,0.9999999999999991,0.9999999999999997,0.0,0.0,0.0,0.0
24719.0,0.999999999989573,1.2622237127455184e-05,0.9999999999999996,0.999999999999999,0.9999999999999997,0.0,0.0,0.0,0.0
24960.0,0.9999999999895745,1.264905666524815e-05,0.9999999999999996,0.999999999999999,0.9999999999999997,0.0,0.0,0.0,0.0
25200.0,0.999999999989576,1.2676104625044212e-05,0.9999999999999994,0.9999999999999989,0.9999999999999997,0.0,0.0,0.0,0.0
25439.0,0.9999999999895774,1.2703179880150033e-05,0.9999999999999996,0.9999999999999988,0.9999999999999997,0.0,0.0,0.0,0.0
25679.0,0.9999999999895788,1.2730305933020133e-05,0.9999999999999997,0.9999999999999989,0.9999999999999996,0.0,0.0,0.0,0.0
25920.0,0.99999999998958,1.2757735757957718e-05,0.9999999999999996,0.9999999999999988,0.9999999999999996,0.0,0.0,0.0,0.0
26160.0,0.9999999999895813,1.2785497394594906e-05,0.9999999999999994,0.9999999999999989,0.9999999999999996,0.0,0.0,0.0,0.0
26400.0,0.9999999999895823,1.2813389106635658e-05,0.9999999999999993,0.9999999999999989,0.9999999999999994,0.0,0.0,0.0,0.0
26639.0,0.9999999999895833,1.2841553219062414e-05,0.9999999999999993,0.9999999999999989,0.9999999999999993,0.0,0.0,0.0,0.0
26879.0,0.9999999999895844,1.2869899893536714e-05,0.9999999999999993,0.999999999999999,0.9999999999999993,0.0,0.0,0.0,0.0
27120.0,0.9999999999895854,1.2898693670025614e-05,0.9999999999999992,0.9999999999999989,0.9999999999999993,0.0,0.0,0.0,0.0
27360.0,0.9999999999895862,1.2927963146800789e-05,0.9999999999999992,0.999999999999999,0.9999999999999994,0.0,0.0,0.0,0.0
27599.0,0.9999999999895869,1.2957489464166446e-05,0.9999999999999992,0.9999999999999991,0.9999999999999993,0.0,0.0,0.0,0.0
27839.0,0.9999999999895874,1.298728992336929e-05,0.9999999999999991,0.999999999999999,0.9999999999999993,0.0,0.0,0.0,0.0
28080.0,0.9999999999895881,1.3017628881596042e-05,0.9999999999999991,0.999999999999999,0.9999999999999993,0.0,0.0,0.0,0.0
28320.0,0.9999999999895886,1.3048520793602572e-05,0.9999999999999991,0.9999999999999991,0.9999999999999993,0.0,0.0,0.0,0.0
28560.0,0.999999999989589,1.307970994222989e-05,0.999999999999999,0.9999999999999992,0.9999999999999993,0.0,0.0,0.0,0.0
28799.0,0.9999999999895895,1.31113172793377e-05,0.999999999999999,0.9999999999999992,0.9999999999999993,0.0,0.0,0.0,0.0
29039.0,0.9999999999895899,1.3143189691928907e-05,0.9999999999999991,0.9999999999999992,0.9999999999999994,0.0,0.0,0.0,0.0
29280.0,0.9999999999895902,1.3175558509668538e-05,0.9999999999999991,0.9999999999999993,0.9999999999999994,0.0,0.0,0.0,0.0
29520.0,0.9999999999895907,1.320837404046896e-05,0.9999999999999991,0.9999999999999994,0.9999999999999993,0.0,0.0,0.0,0.0
29759.0,0.9999999999895908,1.3241291163916297e-05,0.9999999999999991,0.9999999999999993,0.9999999999999993,0.0,0.0,0.0,0.0
29999.0,0.9999999999895911,1.3274211766450113e-05,0.9999999999999991,0.9999999999999993,0.9999999999999993,0.0,0.0,0.0,0.0
30240.0,0.9999999999895913,1.330728851636432e-05,0.999999999999999,0.9999999999999992,0.9999999999999993,0.0,0.0,0.0,0.0
30480.0,0.9999999999895915,1.334036959932643e-05,0.9999999999999991,0.9999999999999992,0.9999999999999992,0.0,0.0,0.0,0.0
30720.0,0.9999999999895918,1.3372999197815781e-05,0.9999999999999991,0.9999999999999992,0.9999999999999992,0.0,0.0,0.0,0.0
30959.0,0.999999999989592,1.3405102807138226e-05,0.9999999999999992,0.9999999999999992,0.9999999999999992,0.0,0.0,0.0,0.0
31199.0,0.999999999989592,1.3436308633736782e-05,0.9999999999999991,0.9999999999999992,0.9999999999999992,0.0,0.0,0.0,0.0
31440.0,0.9999999999895921,1.3466613174323602e-05,0.9999999999999991,0.9999999999999992,0.9999999999999993,0.0,0.0,0.0,0.0
31680.0,0.9999999999895921,1.3495722173327446e-05,0.999999999999999,0.9999999999999991,0.9999999999999994,0.0,0.0,0.0,0.0
31919.0,0.9999999999895923,1.3523101975830784e-05,0.999999999999999,0.9999999999999991,0.9999999999999994,0.0,0.0,0.0,0.0
32159.0,0.9999999999895924,1.3548479331032754e-05,0.999999999999999,0.999999999999999,0.9999999999999994,0.0,0.0,0.0,0.0
32400.0,0.9999999999895925,1.3571801463243964e-05,0.999999999999999,0.9999999999999989,0.9999999999999993,0.0,0.0,0.0,0.0
32640.0,0.999999999989593,1.3592821129855538e-05,0.999999999999999,0.9999999999999989,0.9999999999999993,0.0,0.0,0.0,0.0
32880.0,0.9999999999895934,1.3611244811691019e-05,0.9999999999999991,0.999999999999999,0.9999999999999993,0.0,0.0,0.0,0.0
32940.0,0.9999999999895942,1.3627273307431979e-05,0.9999999999999992,0.9999999999999989,0.9999999999999994,0.0,0.0,0.0,0.0
32999.0,0.9999999999895945,1.3631141448484345e-05,0.9999999999999993,0.9999999999999988,0.9999999999999993,0.0,0.0,0.0,0.0
33060.0,0.9999999999895949,1.3634813330856501e-05,0.9999999999999993,0.9999999999999987,0.9999999999999993,0.0,0.0,0.0,0.0
33119.0,0.9999999999895951,1.3638480016998181e-05,0.9999999999999994,0.9999999999999987,0.9999999999999994,0.0,0.0,0.0,0.0
33180.0,0.9999999999895955,1.364190739182214e-05,0.9999999999999994,0.9999999999999986,0.9999999999999994,0.0,0.0,0.0,0.0
33239.0,0.9999999999895959,1.3645334772074371e-05,0.9999999999999993,0.9999999999999986,0.9999999999999994,0.0,0.0,0.0,0.0
33300.0,0.9999999999895964,1.3648544492286203e-05,0.9999999999999993,0.9999999999999986,0.9999999999999996,0.0,0.0,0.0,0.0
33359.0,0.999999999989597,1.3651761813303886e-05,0.9999999999999993,0.9999999999999986,0.9999999999999996,0.0,0.0,0.0,0.0
33420.0,0.9999999999895975,1.3654783460063438e-05,0.9999999999999992,0.9999999999999987,0.9999999999999996,0.0,0.0,0.0,0.0
33480.0,0.9999999999895981,1.3657822536966317e-05,0.9999999999999991,0.9999999999999987,0.9999999999999996,0.0,0.0,0.0,0.0
33539.0,0.999999999989599,1.3660736580363255e-05,0.9999999999999991,0.9999999999999988,0.9999999999999997,0.0,0.0,0.0,0.0
33600.0,0.9999999999896,1.3663536635158239e-05,0.9999999999999991,0.9999999999999988,0.9999999999999996,0.0,0.0,0.0,0.0
33659.0,0.9999999999896011,1.3666373114421837e-05,0.9999999999999992,0.9999999999999989,0.9999999999999994,0.0,0.0,0.0,0.0
33720.0,0.9999999999896024,1.3669069212890452e-05,0.9999999999999992,0.9999999999999988,0.9999999999999994,0.0,0.0,0.0,0.0
33779.0,0.9999999999896042,1.3671817639555484e-05,0.9999999999999991,0.9999999999999987,0.9999999999999993,0.0,0.0,0.0,0.0
33840.0,0.9999999999896061,1.3674448171243438e-05,0.9999999999999991,0.9999999999999986,0.9999999999999993,0.0,0.0,0.0,0.0
33899.0,0.9999999999896086,1.3677150287682914e-05,0.9999999999999992,0.9999999999999987,0.9999999999999992,0.0,0.0,0.0,0.0
33960.0,0.9999999999896115,1.3679758173892424e-05,0.9999999999999992,0.9999999999999988,0.9999999999999992,0.0,0.0,0.0,0.0
34020.0,0.9999999999896151,1.3682461384316354e-05,0.9999999999999992,0.9999999999999988,0.9999999999999992,0.0,0.0,0.0,0.0
34079.0,0.9999999999896193,1.3685140642887124e-05,0.9999999999999992,0.9999999999999988,0.9999999999999992,0.0,0.0,0.0,0.0
34140.0,0.9999999999896244,1.368781007733264e-05,0.9999999999999993,0.9999999999999988,0.9999999999999993,0.0,0.0,0.0,0.0
34199.0,0.9999999999896307,1.3690623206747366e-05,0.9999999999999992,0.9999999999999989,0.9999999999999993,0.0,0.0,0.0,0.0
34260.0,0.9999999999896383,1.3693413945371743e-05,0.9999999999999991,0.9999999999999988,0.9999999999999993,0.0,0.0,0.0,0.0
34319.0,0.9999999999896478,1.3696393671890331e-05,0.9999999999999991,0.9999999999999988,0.9999999999999993,0.0,0.0,0.0,0.0
34380.0,0.9999999999896589,1.3699391116428658e-05,0.9999999999999992,0.9999999999999988,0.9999999999999993,0.0,0.0,0.0,0.0
34439.0,0.9999999999896731,1.3702639453935627e-05,0.9999999999999991,0.9999999999999988,0.9999999999999993,0.0,0.0,0.0,0.0
34500.0,0.99999999998969,1.3705960146006567e-05,0.9999999999999991,0.9999999999999988,0.9999999999999992,0.0,0.0,0.0,0.0
34560.0,0.9999999999897112,1.3709618686292683e-05,0.999999999999999,0.9999999999999988,0.9999999999999992,0.0,0.0,0.0,0.0
34619.0,0.9999999999897367,1.3713485440821058e-05,0.9999999999999989,0.9999999999999988,0.9999999999999992,0.0,0.0,0.0,0.0
34680.0,0.9999999999897674,1.3717603165356991e-05,0.9999999999999988,0.9999999999999988,0.9999999999999992,0.0,0.0,0.0,0.0
34739.0,0.999999999989806,1.372224819050661e-05,0.9999999999999988,0.9999999999999987,0.9999999999999992,0.0,0.0,0.0,0.0
34800.0,0.9999999999898517,1.372718650022569e-05,0.9999999999999988,0.9999999999999988,0.9999999999999992,0.0,0.0,0.0,0.0
34859.0,0.9999999999899088,1.3732833113383116e-05,0.9999999999999988,0.9999999999999988,0.9999999999999992,0.0,0.0,0.0,0.0
34920.0,0.9999999999899761,1.3738915370375479e-05,0.9999999999999988,0.9999999999999987,0.9999999999999992,0.0,0.0,0.0,0.0
34979.0,0.9999999999900605,1.374596280033448e-05,0.9999999999999987,0.9999999999999988,0.9999999999999992,0.0,0.0,0.0,0.0
35040.0,0.9999999999901591,1.3753647076835863e-05,0.9999999999999988,0.9999999999999988,0.9999999999999993,0.0,0.0,0.0,0.0
35100.0,0.9999999999902817,1.3762649247375894e-05,0.9999999999999989,0.9999999999999989,0.9999999999999993,0.0,0.0,0.0,0.0
35159.0,0.9999999999904262,1.3772724951532354e-05,0.9999999999999991,0.999999999999999,0.9999999999999993,0.0,0.0,0.0,0.0
35220.0,0.9999999999905954,1.3784027674493962e-05,0.9999999999999991,0.9999999999999992,0.9999999999999993,0.0,0.0,0.0,0.0
35279.0,0.999999999990803,1.3797427274073128e-05,0.9999999999999992,0.9999999999999993,0.9999999999999994,0.0,0.0,0.0,0.0
35340.0,0.9999999999910401,1.3812339642160426e-05,0.9999999999999993,0.9999999999999996,0.9999999999999994,0.0,0.0,0.0,0.0
35399.0,0.9999999999913272,1.3830124267308037e-05,0.9999999999999996,0.9999999999999996,0.9999999999999996,0.0,0.0,0.0,0.0
35460.0,0.9999999999916497,1.3850004526021538e-05,0.9999999999999996,0.9999999999999997,0.9999999999999996,0.0,0.0,0.0,0.0
35519.0,0.9999999999920327,1.3873771319783169e-05,0.9999999999999996,0.9999999999999998,0.9999999999999996,0.0,0.0,0.0,0.0
35580.0,0.999999999992455,1.3900425093326593e-05,0.9999999999999997,0.9999999999999998,0.9999999999999996,0.0,0.0,0.0,0.0
35640.0,0.9999999999929451,1.393233954708747e-05,0.9999999999999997,0.9999999999999998,0.9999999999999998,0.0,0.0,0.0,0.0
35699.0,0.9999999999934783,1.3968686328308856e-05,0.9999999999999998,1.0,0.9999999999999998,0.0,0.0,0.0,0.0
35760.0,0.9999999999940493,1.4009998552514342e-05,1.0,1.0,0.9999999999999998,0.0,0.0,0.0,0.0
35819.0,0.9999999999946791,1.4059269796524982e-05,1.0,1.0,0.9999999999999998,0.0,0.0,0.0,0.0
35880.0,0.9999999999953156,1.4114130042059636e-05,1.0,1.0,0.9999999999999998,0.0,0.0,0.0,0.0
35939.0,0.9999999999959857,1.4179241161376465e-05,0.9999999999999999,1.0,0.9999999999999998,0.0,0.0,0.0,0.0
36000.0,0.9999999999966276,1.425136252246768e-05,1.0,1.0,0.9999999999999999,0.0,0.0,0.0,0.0
36059.0,0.9999999999972646,1.4336558282769999e-05,1.0,1.0,1.0,0.0,0.0,0.0,0.0
36120.0,0.9999999999978357,1.4430461412586933e-05,1.0,1.0,1.0,0.0,0.0,0.0,0.0
36180.0,0.9999999999983623,1.4540892196683588e-05,0.9999999999999999,1.0,0.9999999999999999,0.0,0.0,0.0,0.0
36239.0,0.9999999999988041,1.4664136246444493e-05,0.9999999999999999,1.0,1.0,0.0,0.0,0.0,0.0
36300.0,0.9999999999991591,1.480126865697176e-05,1.0,1.0,1.0,0.0,0.0,0.0,0.0
36359.0,0.9999999999994433,1.4961383750096273e-05,1.0,1.0,1.0,0.0,0.0,0.0,0.0
36420.0,0.9999999999996452,1.5135941714755534e-05,0.9999999999999999,0.9999999999999999,1.0,0.0,0.0,0.0,0.0
36479.0,0.9999999999997893,1.533886927717277e-05,1.0,1.0,0.9999999999999999,0.0,0.0,0.0,0.0
36540.0,0.9999999999998799,1.5559112655113866e-05,1.0,1.0,0.9999999999999999,0.0,0.0,0.0,0.0
36599.0,0.9999999999999369,1.5814134524030883e-05,1.0,0.9999999999999999,1.0,0.0,0.0,0.0,0.0
36660.0,0.9999999999999682,1.608987161242584e-05,1.0,0.9999999999999999,0.9999999999999999,0.0,0.0,0.0,0.0
36720.0,0.9999999999999855,1.6407915916184494e-05,0.9999999999999999,0.9999999999999999,1.0,0.0,0.0,0.0,0.0
36779.0,0.9999999999999936,1.6756159024593092e-05,1.0,1.0,1.0,0.0,0.0,0.0,0.0
36840.0,0.9999999999999973,1.7135606450354803e-05,1.0,1.0,0.9999999999999999,0.0,0.0,0.0,0.0
36899.0,0.9999999999999991,1.7566817940206753e-05,1.0,1.0,1.0,0.0,0.0,0.0,0.0
36960.0,0.9999999999999997,1.8019655090240383e-05,1.0,1.0,1.0,0.0,0.0,0.0,0.0
37019.0,0.9999999999999999,1.851998597735243e-05,1.0,0.9999999999999999,0.9999999999999999,0.0,0.0,0.0,0.0
37080.0,1.0,1.9027292939672356e-05,0.9999999999999999,1.0,0.9999999999999999,0.0,0.0,0.0,0.0
37139.0,1.0,1.9564542328875518e-05,0.9999999999999999,0.9999999999999999,0.9999999999999999,0.0,0.0,0.0,0.0
37200.0,1.0,2.008287456287733e-05,0.9999999999999999,1.0,0.9999999999999999,0.0,0.0,0.0,0.0
37260.0,0.9999999999999999,2.0601683061329427e-05,1.0,1.0,0.9999999999999999,0.0,0.0,0.0,0.0
37319.0,1.0,2.1079672976501107e-05,0.9999999999999999,1.0,1.0,0.0,0.0,0.0,0.0
37380.0,1.0,2.1504103453397402e-05,1.0,1.0,1.0,0.0,0.0,0.0,0.0
37439.0,1.0,2.188525338399435e-05,1.0,1.0,1.0,0.0,0.0,0.0,0.0
37500.0,1.0,2.219225339755485e-05,1.0,1.0,0.9999999999999999,0.0,0.0,0.0,0.0
37559.0,1.0,2.2446074721904243e-05,1.0,0.9999999999999999,1.0,0.0,0.0,0.0,0.0
37620.0,0.9999999999999999,2.2635237709719563e-05,0.9999999999999999,0.9999999999999999,0.9999999999999999,0.0,0.0,0.0,0.0
37679.0,1.0,2.2780484471271703e-05,1.0,0.9999999999999999,0.9999999999999999,0.0,0.0,0.0,0.0
37740.0,1.0,2.2882010163639782e-05,1.0,1.0,1.0,0.0,0.0,0.0,0.0
37800.0,0.9999999999999999,2.2955739587962233e-05,1.0,0.9999999999999999,1.0,0.0,0.0,0.0,0.0
37859.0,0.9999999999999999,2.300554112790446e-05,1.0,1.0,0.9999999999999999,0.0,0.0,0.0,0.0
37920.0,0.9999999999999998,2.303860128887604e-05,1.0,0.9999999999999999,1.0,0.0,0.0,0.0,0.0
37979.0,0.9999999999999998,2.3061361182169545e-05,1.0,1.0,1.0,0.0,0.0,0.0,0.0
38040.0,0.9999999999999999,2.307592192304904e-05,1.0,0.9999999999999999,1.0,0.0,0.0,0.0,0.0
38099.0,0.9999999999999998,2.3085874499957745e-05,1.0,1.0,1.0,0.0,0.0,0.0,0.0
38160.0,0.9999999999999998,2.309226618834604e-05,1.0,1.0,1.0,0.0,0.0,0.0,0.0
38219.0,0.9999999999999997,2.30966871433298e-05,1.0,1.0,1.0,0.0,0.0,0.0,0.0
38280.0,0.9999999999999997,2.309962232602235e-05,1.0,0.9999999999999999,1.0,0.0,0.0,0.0,0.0
38340.0,0.9999999999999997,2.310176408827528e-05,0.9999999999999999,1.0,1.0,0.0,0.0,0.0,0.0
38399.0,0.9999999999999998,2.310330960581122e-05,0.9999999999999999,1.0,0.9999999999999999,0.0,0.0,0.0,0.0
38460.0,0.9999999999999997,2.310447189009421e-05,0.9999999999999998,0.9999999999999999,1.0,0.0,0.0,0.0,0.0
38519.0,0.9999999999999996,2.3105430533869162e-05,0.9999999999999997,0.9999999999999999,1.0,0.0,0.0,0.0,0.0
38580.0,0.9999999999999994,2.3106215090035655e-05,0.9999999999999996,1.0,0.9999999999999999,0.0,0.0,0.0,0.0
38639.0,0.9999999999999993,2.3106940589696433e-05,0.9999999999999996,0.9999999999999999,0.9999999999999999,0.0,0.0,0.0,0.0
38700.0,0.9999999999999993,2.3107605739693726e-05,0.9999999999999997,0.9999999999999998,0.9999999999999998,0.0,0.0,0.0,0.0
38759.0,0.9999999999999993,2.3108294589628936e-05,0.9999999999999997,0.9999999999999997,0.9999999999999997,0.0,0.0,0.0,0.0
