Time (s),Altitude (km),L-shell,Dose Rate (rad/s),Total Dose (rad)
0.0,35786.0,6.75,0.0023,46.0
20000.0,35786.0,6.75,0.0023,92.0
40000.0,35786.0,6.75,0.0023,138.0
60000.0,35786.0,6.75,0.0023,184.0
80000.0,35786.0,6.75,0.0023,230.0
100000.0,35786.0,6.75,0.0023,276.0
120000.0,35786.0,6.75,0.0023,322.0
140000.0,35786.0,6.75,0.0023,368.0
160000.0,35786.0,6.75,0.0023,414.0
180000.0,35786.0,6.75,0.0023,460.0
200000.0,35786.0,6.75,0.0023,506.0
220000.0,35786.0,6.75,0.0023,552.0
240000.0,35786.0,6.75,0.0023,598.0
260000.0,35786.0,6.75,0.0023,644.0
280000.0,35786.0,6.75,0.0023,690.0
300000.0,35786.0,6.75,0.0023,736.0
320000.0,35786.0,6.75,0.0023,782.0
340000.0,35786.0,6.75,0.0023,828.0
360000.0,35786.0,6.75,0.0023,874.0
380000.0,35786.0,6.75,0.0023,920.0
400000.0,35786.0,6.75,0.0023,966.0
420000.0,35786.0,6.75,0.0023,1012.0
440000.0,35786.0,6.75,0.0023,1058.0
460000.0,35786.0,6.75,0.0023,1104.0
480000.0,35786.0,6.75,0.0023,1150.0
500000.0,35786.0,6.75,0.0023,1196.0
520000.0,35786.0,6.75,0.0023,1242.0
540000.0,35786.0,6.75,0.0023,1288.0
560000.0,35786.0,6.75,0.0023,1334.0
580000.0,35786.0,6.75,0.0023,1380.0
600000.0,35786.0,6.75,0.0023,1426.0
620000.0,35786.0,6.75,0.0023,1472.0
640000.0,35786.0,6.75,0.0023,1518.0
660000.0,35786.0,6.75,0.0023,1564.0
680000.0,35786.0,6.75,0.0023,1610.0
700000.0,35786.0,6.75,0.0023,1656.0
720000.0,35786.0,6.75,0.0023,1702.0
740000.0,35786.0,6.75,0.0023,1748.0
760000.0,35786.0,6.75,0.0023,1794.0
780000.0,35786.0,6.75,0.0023,1840.0
800000.0,35786.0,6.75,0.0023,1886.0
820000.0,35786.0,6.75,0.0023,1932.0
840000.0,35786.0,6.75,0.0023,1978.0
860000.0,35786.0,6.75,0.0023,2024.0
880000.0,35786.0,6.75,0.0023,2070.0
900000.0,35786.0,6.75,0.0023,2116.0
920000.0,35786.0,6.75,0.0023,2162.0
940000.0,35786.0,6.75,0.0023,2208.0
960000.0,35786.0,6.75,0.0023,2254.0
980000.0,35786.0,6.75,0.0023,2300.0
1000000.0,35786.0,6.75,0.0023,2346.0
1020000.0,35786.0,6.75,0.0023,2392.0
1040000.0,35786.0,6.75,0.0023,2438.0
1060000.0,35786.0,6.75,0.0023,2484.0
1080000.0,35786.0,6.75,0.0023,2530.0
1100000.0,35786.0,6.75,0.0023,2576.0
1120000.0,35786.0,6.75,0.0023,2622.0
1140000.0,35786.0,6.75,0.0023,2668.0
1160000.0,35786.0,6.75,0.0023,2714.0
1180000.0,35786.0,6.75,0.0023,2760.0
1200000.0,35786.0,6.75,0.0023,2806.0
1220000.0,35786.0,6.75,0.0023,2852.0
1240000.0,35786.0,6.75,0.0023,2898.0
1260000.0,35786.0,6.75,0.0023,2944.0
1280000.0,35786.0,6.75,0.0023,2990.0
1300000.0,35786.0,6.75,0.0023,3036.0
1320000.0,35786.0,6.75,0.0023,3082.0
1340000.0,35786.0,6.75,0.0023,3128.0
1360000.0,35786.0,6.75,0.0023,3174.0
1380000.0,35786.0,6.75,0.0023,3220.0
1400000.0,35786.0,6.75,0.0023,3266.0
1420000.0,35786.0,6.75,0.0023,3312.0
1440000.0,35786.0,6.75,0.0023,3358.0
1460000.0,35786.0,6.75,0.0023,3404.0
1480000.0,35786.0,6.75,0.0023,3450.0
1500000.0,35786.0,6.75,0.0023,3496.0
1520000.0,35786.0,6.75,0.0023,3542.0
1540000.0,35786.0,6.75,0.0023,3588.0
1560000.0,35786.0,6.75,0.0023,3634.0
1580000.0,35786.0,6.75,0.0023,3680.0
1600000.0,35786.0,6.75,0.0023,3726.0
1620000.0,35786.0,6.75,0.0023,3772.0
1640000.0,35786.0,6.75,0.0023,3818.0
1660000.0,35786.0,6.75,0.0023,3864.0
1680000.0,35786.0,6.75,0.0023,3910.0
1700000.0,35786.0,6.75,0.0023,3956.0
1720000.0,35786.0,6.75,0.0023,4002.0
1740000.0,35786.0,6.75,0.0023,4048.0
1760000.0,35786.0,6.75,0.0023,4094.0
1780000.0,35786.0,6.75,0.0023,4140.0
1800000.0,35786.0,6.75,0.0023,4186.0
1820000.0,35786.0,6.75,0.0023,4232.0
1840000.0,35786.0,6.75,0.0023,4278.0
1860000.0,35786.0,6.75,0.0023,4324.0
1880000.0,35786.0,6.75,0.0023,4370.0
1900000.0,35786.0,6.75,0.0023,4416.0
1920000.0,35786.0,6.75,0.0023,4462.0
1940000.0,35786.0,6.75,0.0023,4508.0
1960000.0,35786.0,6.75,0.0023,4554.0
1980000.0,35786.0,6.75,0.0023,4600.0
2000000.0,35786.0,6.75,0.0023,4646.0
2020000.0,35786.0,6.75,0.0023,4692.0
2040000.0,35786.0,6.75,0.0023,4738.0
2060000.0,35786.0,6.75,0.0023,4784.0
2080000.0,35786.0,6.75,0.0023,4830.0
2100000.0,35786.0,6.75,0.0023,4876.0
2120000.0,35786.0,6.75,0.0023,4922.0
2140000.0,35786.0,6.75,0.0023,4968.0
2160000.0,35786.0,6.75,0.0023,5014.0
2180000.0,35786.0,6.75,0.0023,5060.0
2200000.0,35786.0,6.75,0.0023,5106.0
2220000.0,35786.0,6.75,0.0023,5152.0
2240000.0,35786.0,6.75,0.0023,5198.0
2260000.0,35786.0,6.75,0.0023,5244.0
2280000.0,35786.0,6.75,0.0023,5290.0
2300000.0,35786.0,6.75,0.0023,5336.0
2320000.0,35786.0,6.75,0.0023,5382.0
2340000.0,35786.0,6.75,0.0023,5428.0
2360000.0,35786.0,6.75,0.0023,5474.0
2380000.0,35786.0,6.75,0.0023,5520.0
2400000.0,35786.0,6.75,0.0023,5566.0
2420000.0,35786.0,6.75,0.0023,5612.0
2440000.0,35786.0,6.75,0.0023,5658.0
2460000.0,35786.0,6.75,0.0023,5704.0
2480000.0,35786.0,6.75,0.0023,5750.0
2500000.0,35786.0,6.75,0.0023,5796.0
2520000.0,35786.0,6.75,0.0023,5842.0
2540000.0,35786.0,6.75,0.0023,5888.0
2560000.0,35786.0,6.75,0.0023,5934.0
2580000.0,35786.0,6.75,0.0023,5980.0
2600000.0,35786.0,6.75,0.0023,6026.0
2620000.0,35786.0,6.75,0.0023,6072.0
2640000.0,35786.0,6.75,0.0023,6118.0
2660000.0,35786.0,6.75,0.0023,6164.0
2680000.0,35786.0,6.75,0.0023,6210.0
2700000.0,35786.0,6.75,0.0023,6256.0
2720000.0,35786.0,6.75,0.0023,6302.0
2740000.0,35786.0,6.75,0.0023,6348.0
2760000.0,35786.0,6.75,0.0023,6394.0
2780000.0,35786.0,6.75,0.0023,6440.0
2800000.0,35786.0,6.75,0.0023,6486.0
2820000.0,35786.0,6.75,0.0023,6532.0
2840000.0,35786.0,6.75,0.0023,6578.0
2860000.0,35786.0,6.75,0.0023,6624.0
2880000.0,35786.0,6.75,0.0023,6670.0
2900000.0,35786.0,6.75,0.0023,6716.0
2920000.0,35786.0,6.75,0.0023,6762.0
2940000.0,35786.0,6.75,0.0023,6808.0
2960000.0,35786.0,6.75,0.0023,6854.0
2980000.0,35786.0,6.75,0.0023,6900.0
3000000.0,35786.0,6.75,0.0023,6946.0
3020000.0,35786.0,6.75,0.0023,6992.0
3040000.0,35786.0,6.75,0.0023,7038.0
3060000.0,35786.0,6.75,0.0023,7084.0
3080000.0,35786.0,6.75,0.0023,7130.0
3100000.0,35786.0,6.75,0.0023,7176.0
3120000.0,35786.0,6.75,0.0023,7222.0
3140000.0,35786.0,6.75,0.0023,7268.0
3160000.0,35786.0,6.75,0.0023,7314.0
3180000.0,35786.0,6.75,0.0023,7360.0
3200000.0,35786.0,6.75,0.0023,7406.0
3220000.0,35786.0,6.75,0.0023,7452.0
3240000.0,35786.0,6.75,0.0023,7498.0
3260000.0,35786.0,6.75,0.0023,7544.0
3280000.0,35786.0,6.75,0.0023,7590.0
3300000.0,35786.0,6.75,0.0023,7636.0
3320000.0,35786.0,6.75,0.0023,7682.0
3340000.0,35786.0,6.75,0.0023,7728.0
3360000.0,35786.0,6.75,0.0023,7774.0
3380000.0,35786.0,6.75,0.0023,7820.0
3400000.0,35786.0,6.75,0.0023,7866.0
3420000.0,35786.0,6.75,0.0023,7912.0
3440000.0,35786.0,6.75,0.0023,7958.0
3460000.0,35786.0,6.75,0.0023,8004.0
3480000.0,35786.0,6.75,0.0023,8050.0
3500000.0,35786.0,6.75,0.0023,8096.0
3520000.0,35786.0,6.75,0.0023,8142.0
3540000.0,35786.0,6.75,0.0023,8188.0
3560000.0,35786.0,6.75,0.0023,8234.0
3580000.0,35786.0,6.75,0.0023,8280.0
3600000.0,35786.0,6.75,0.0023,8326.0
3620000.0,35786.0,6.75,0.0023,8372.0
3640000.0,35786.0,6.75,0.0023,8418.0
3660000.0,35786.0,6.75,0.0023,8464.0
3680000.0,35786.0,6.75,0.0023,8510.0
3700000.0,35786.0,6.75,0.0023,8556.0
3720000.0,35786.0,6.75,0.0023,8602.0
3740000.0,35786.0,6.75,0.0023,8648.0
3760000.0,35786.0,6.75,0.0023,8694.0
3780000.0,35786.0,6.75,0.0023,8740.0
3800000.0,35786.0,6.75,0.0023,8786.0
3820000.0,35786.0,6.75,0.0023,8832.0
3840000.0,35786.0,6.75,0.0023,8878.0
3860000.0,35786.0,6.75,0.0023,8924.0
3880000.0,35786.0,6.75,0.0023,8970.0
3900000.0,35786.0,6.75,0.0023,9016.0
3920000.0,35786.0,6.75,0.0023,9062.0
3940000.0,35786.0,6.75,0.0023,9108.0
3960000.0,35786.0,6.75,0.0023,9154.0
3980000.0,35786.0,6.75,0.0023,9200.0
4000000.0,35786.0,6.75,0.0023,9246.0
4020000.0,35786.0,6.75,0.0023,9292.0
4040000.0,35786.0,6.75,0.0023,9338.0
4060000.0,35786.0,6.75,0.0023,9384.0
4080000.0,35786.0,6.75,0.0023,9430.0
4100000.0,35786.0,6.75,0.0023,9476.0
4120000.0,35786.0,6.75,0.0023,9522.0
4140000.0,35786.0,6.75,0.0023,9568.0
4160000.0,35786.0,6.75,0.0023,9614.0
4180000.0,35786.0,6.75,0.0023,9660.0
4200000.0,35786.0,6.75,0.0023,9706.0
4220000.0,35786.0,6.75,0.0023,9752.0
4240000.0,35786.0,6.75,0.0023,9798.0
4260000.0,35786.0,6.75,0.0023,9844.0
4280000.0,35786.0,6.75,0.0023,9890.0
4300000.0,35786.0,6.75,0.0023,9936.0
4320000.0,35786.0,6.75,0.0023,9982.0
4340000.0,35786.0,6.75,0.0023,10028.0
4360000.0,35786.0,6.75,0.0023,10074.0
4380000.0,35786.0,6.75,0.0023,10120.0
4400000.0,35786.0,6.75,0.0023,10166.0
4420000.0,35786.0,6.75,0.0023,10212.0
4440000.0,35786.0,6.75,0.0023,10258.0
4460000.0,35786.0,6.75,0.0023,10304.0
4480000.0,35786.0,6.75,0.0023,10350.0
4500000.0,35786.0,6.75,0.0023,10396.0
4520000.0,35786.0,6.75,0.0023,10442.0
4540000.0,35786.0,6.75,0.0023,10488.0
4560000.0,35786.0,6.75,0.0023,10534.0
4580000.0,35786.0,6.75,0.0023,10580.0
4600000.0,35786.0,6.75,0.0023,10626.0
4620000.0,35786.0,6.75,0.0023,10672.0
4640000.0,35786.0,6.75,0.0023,10718.0
4660000.0,35786.0,6.75,0.0023,10764.0
4680000.0,35786.0,6.75,0.0023,10810.0
4700000.0,35786.0,6.75,0.0023,10856.0
4720000.0,35786.0,6.75,0.0023,10902.0
4740000.0,35786.0,6.75,0.0023,10948.0
4760000.0,35786.0,6.75,0.0023,10994.0
4780000.0,35786.0,6.75,0.0023,11040.0
4800000.0,35786.0,6.75,0.0023,11086.0
4820000.0,35786.0,6.75,0.0023,11132.0
4840000.0,35786.0,6.75,0.0023,11178.0
4860000.0,35786.0,6.75,0.0023,11224.0
4880000.0,35786.0,6.75,0.0023,11270.0
4900000.0,35786.0,6.75,0.0023,11316.0
4920000.0,35786.0,6.75,0.0023,11362.0
4940000.0,35786.0,6.75,0.0023,11408.0
4960000.0,35786.0,6.75,0.0023,11454.0
4980000.0,35786.0,6.75,0.0023,11500.0
5000000.0,35786.0,6.75,0.0023,11546.0
5020000.0,35786.0,6.75,0.0023,11592.0
5040000.0,35786.0,6.75,0.0023,11638.0
5060000.0,35786.0,6.75,0.0023,11684.0
5080000.0,35786.0,6.75,0.0023,11730.0
5100000.0,35786.0,6.75,0.0023,11776.0
5120000.0,35786.0,6.75,0.0023,11822.0
5140000.0,35786.0,6.75,0.0023,11868.0
5160000.0,35786.0,6.75,0.0023,11914.0
5180000.0,35786.0,6.75,0.0023,11960.0
5200000.0,35786.0,6.75,0.0023,12006.0
5220000.0,35786.0,6.75,0.0023,12052.0
5240000.0,35786.0,6.75,0.0023,12098.0
5260000.0,35786.0,6.75,0.0023,12144.0
5280000.0,35786.0,6.75,0.0023,12190.0
5300000.0,35786.0,6.75,0.0023,12236.0
5320000.0,35786.0,6.75,0.0023,12282.0
5340000.0,35786.0,6.75,0.0023,12328.0
5360000.0,35786.0,6.75,0.0023,12374.0
5380000.0,35786.0,6.75,0.0023,12420.0
5400000.0,35786.0,6.75,0.0023,12466.0
5420000.0,35786.0,6.75,0.0023,12512.0
5440000.0,35786.0,6.75,0.0023,12558.0
5460000.0,35786.0,6.75,0.0023,12604.0
5480000.0,35786.0,6.75,0.0023,12650.0
5500000.0,35786.0,6.75,0.0023,12696.0
5520000.0,35786.0,6.75,0.0023,12742.0
5540000.0,35786.0,6.75,0.0023,12788.0
5560000.0,35786.0,6.75,0.0023,12834.0
5580000.0,35786.0,6.75,0.0023,12880.0
5600000.0,35786.0,6.75,0.0023,12926.0
5620000.0,35786.0,6.75,0.0023,12972.0
5640000.0,35786.0,6.75,0.0023,13018.0
5660000.0,35786.0,6.75,0.0023,13064.0
5680000.0,35786.0,6.75,0.0023,13110.0
5700000.0,35786.0,6.75,0.0023,13156.0
5720000.0,35786.0,6.75,0.0023,13202.0
5740000.0,35786.0,6.75,0.0023,13248.0
5760000.0,35786.0,6.75,0.0023,13294.0
5780000.0,35786.0,6.75,0.0023,13340.0
5800000.0,35786.0,6.75,0.0023,13386.0
5820000.0,35786.0,6.75,0.0023,13432.0
5840000.0,35786.0,6.75,0.0023,13478.0
5860000.0,35786.0,6.75,0.0023,13524.0
5880000.0,35786.0,6.75,0.0023,13570.0
5900000.0,35786.0,6.75,0.0023,13616.0
5920000.0,35786.0,6.75,0.0023,13662.0
5940000.0,35786.0,6.75,0.0023,13708.0
5960000.0,35786.0,6.75,0.0023,13754.0
5980000.0,35786.0,6.75,0.0023,13800.0
6000000.0,35786.0,6.75,0.0023,13846.0
6020000.0,35786.0,6.75,0.0023,13892.0
6040000.0,35786.0,6.75,0.0023,13938.0
6060000.0,35786.0,6.75,0.0023,13984.0
6080000.0,35786.0,6.75,0.0023,14030.0
6100000.0,35786.0,6.75,0.0023,14076.0
6120000.0,35786.0,6.75,0.0023,14122.0
6140000.0,35786.0,6.75,0.0023,14168.0
6160000.0,35786.0,6.75,0.0023,14214.0
6180000.0,35786.0,6.75,0.0023,14260.0
6200000.0,35786.0,6.75,0.0023,14306.0
6220000.0,35786.0,6.75,0.0023,14352.0
6240000.0,35786.0,6.75,0.0023,14398.0
6260000.0,35786.0,6.75,0.0023,14444.0
6280000.0,35786.0,6.75,0.0023,14490.0
6300000.0,35786.0,6.75,0.0023,14536.0
6320000.0,35786.0,6.75,0.0023,14582.0
6340000.0,35786.0,6.75,0.0023,14628.0
6360000.0,35786.0,6.75,0.0023,14674.0
6380000.0,35786.0,6.75,0.0023,14720.0
6400000.0,35786.0,6.75,0.0023,14766.0
6420000.0,35786.0,6.75,0.0023,14812.0
6440000.0,35786.0,6.75,0.0023,14858.0
6460000.0,35786.0,6.75,0.0023,14904.0
6480000.0,35786.0,6.75,0.0023,14950.0
6500000.0,35786.0,6.75,0.0023,14996.0
6520000.0,35786.0,6.75,0.0023,15042.0
6540000.0,35786.0,6.75,0.0023,15088.0
6560000.0,35786.0,6.75,0.0023,15134.0
6580000.0,35786.0,6.75,0.0023,15180.0
6600000.0,35786.0,6.75,0.0023,15226.0
6620000.0,35786.0,6.75,0.0023,15272.0
6640000.0,35786.0,6.75,0.0023,15318.0
6660000.0,35786.0,6.75,0.0023,15364.0
6680000.0,35786.0,6.75,0.0023,15410.0
6700000.0,35786.0,6.75,0.0023,15456.0
6720000.0,35786.0,6.75,0.0023,15502.0
6740000.0,35786.0,6.75,0.0023,15548.0
6760000.0,35786.0,6.75,0.0023,15594.0
6780000.0,35786.0,6.75,0.0023,15640.0
6800000.0,35786.0,6.75,0.0023,15686.0
6820000.0,35786.0,6.75,0.0023,15732.0
6840000.0,35786.0,6.75,0.0023,15778.0
6860000.0,35786.0,6.75,0.0023,15824.0
6880000.0,35786.0,6.75,0.0023,15870.0
6900000.0,35786.0,6.75,0.0023,15916.0
6920000.0,35786.0,6.75,0.0023,15962.0
6940000.0,35786.0,6.75,0.0023,16008.0
6960000.0,35786.0,6.75,0.0023,16054.0
6980000.0,35786.0,6.75,0.0023,16100.0
7000000.0,35786.0,6.75,0.0023,16146.0
7020000.0,35786.0,6.75,0.0023,16192.0
7040000.0,35786.0,6.75,0.0023,16238.0
7060000.0,35786.0,6.75,0.0023,16284.0
7080000.0,35786.0,6.75,0.0023,16330.0
7100000.0,35786.0,6.75,0.0023,16376.0
7120000.0,35786.0,6.75,0.0023,16422.0
7140000.0,35786.0,6.75,0.0023,16468.0
7160000.0,35786.0,6.75,0.0023,16514.0
7180000.0,35786.0,6.75,0.0023,16560.0
7200000.0,35786.0,6.75,0.0023,16606.0
7220000.0,35786.0,6.75,0.0023,16652.0
7240000.0,35786.0,6.75,0.0023,16698.0
7260000.0,35786.0,6.75,0.0023,16744.0
7280000.0,35786.0,6.75,0.0023,16790.0
7300000.0,35786.0,6.75,0.0023,16836.0
7320000.0,35786.0,6.75,0.0023,16882.0
7340000.0,35786.0,6.75,0.0023,16928.0
7360000.0,35786.0,6.75,0.0023,16974.0
7380000.0,35786.0,6.75,0.0023,17020.0
7400000.0,35786.0,6.75,0.0023,17066.0
7420000.0,35786.0,6.75,0.0023,17112.0
7440000.0,35786.0,6.75,0.0023,17158.0
7460000.0,35786.0,6.75,0.0023,17204.0
7480000.0,35786.0,6.75,0.0023,17250.0
7500000.0,35786.0,6.75,0.0023,17296.0
7520000.0,35786.0,6.75,0.0023,17342.0
7540000.0,35786.0,6.75,0.0023,17388.0
7560000.0,35786.0,6.75,0.0023,17434.0
7580000.0,35786.0,6.75,0.0023,17480.0
7600000.0,35786.0,6.75,0.0023,17526.0
7620000.0,35786.0,6.75,0.0023,17572.0
7640000.0,35786.0,6.75,0.0023,17618.0
7660000.0,35786.0,6.75,0.0023,17664.0
7680000.0,35786.0,6.75,0.0023,17710.0
7700000.0,35786.0,6.75,0.0023,17756.0
7720000.0,35786.0,6.75,0.0023,17802.0
7740000.0,35786.0,6.75,0.0023,17848.0
7760000.0,35786.0,6.75,0.0023,17894.0
7780000.0,35786.0,6.75,0.0023,17940.0
7800000.0,35786.0,6.75,0.0023,17986.0
7820000.0,35786.0,6.75,0.0023,18032.0
7840000.0,35786.0,6.75,0.0023,18078.0
7860000.0,35786.0,6.75,0.0023,18124.0
7880000.0,35786.0,6.75,0.0023,18170.0
7900000.0,35786.0,6.75,0.0023,18216.0
7920000.0,35786.0,6.75,0.0023,18262.0
7940000.0,35786.0,6.75,0.0023,18308.0
7960000.0,35786.0,6.75,0.0023,18354.0
7980000.0,35786.0,6.75,0.0023,18400.0
8000000.0,35786.0,6.75,0.0023,18446.0
8020000.0,35786.0,6.75,0.0023,18492.0
8040000.0,35786.0,6.75,0.0023,18538.0
8060000.0,35786.0,6.75,0.0023,18584.0
8080000.0,35786.0,6.75,0.0023,18630.0
8100000.0,35786.0,6.75,0.0023,18676.0
8120000.0,35786.0,6.75,0.0023,18722.0
8140000.0,35786.0,6.75,0.0023,18768.0
8160000.0,35786.0,6.75,0.0023,18814.0
8180000.0,35786.0,6.75,0.0023,18860.0
8200000.0,35786.0,6.75,0.0023,18906.0
8220000.0,35786.0,6.75,0.0023,18952.0
8240000.0,35786.0,6.75,0.0023,18998.0
8260000.0,35786.0,6.75,0.0023,19044.0
8280000.0,35786.0,6.75,0.0023,19090.0
8300000.0,35786.0,6.75,0.0023,19136.0
8320000.0,35786.0,6.75,0.0023,19182.0
8340000.0,35786.0,6.75,0.0023,19228.0
8360000.0,35786.0,6.75,0.0023,19274.0
8380000.0,35786.0,6.75,0.0023,19320.0
8400000.0,35786.0,6.75,0.0023,19366.0
8420000.0,35786.0,6.75,0.0023,19412.0
8440000.0,35786.0,6.75,0.0023,19458.0
8460000.0,35786.0,6.75,0.0023,19504.0
8480000.0,35786.0,6.75,0.0023,19550.0
8500000.0,35786.0,6.75,0.0023,19596.0
8520000.0,35786.0,6.75,0.0023,19642.0
8540000.0,35786.0,6.75,0.0023,19688.0
8560000.0,35786.0,6.75,0.0023,19734.0
8580000.0,35786.0,6.75,0.0023,19780.0
8600000.0,35786.0,6.75,0.0023,19826.0
8620000.0,35786.0,6.75,0.0023,19872.0
8640000.0,35786.0,6.75,0.0023,19918.0
8660000.0,35786.0,6.75,0.0023,19964.0
8680000.0,35786.0,6.75,0.0023,20010.0
8700000.0,35786.0,6.75,0.0023,20056.0
8720000.0,35786.0,6.75,0.0023,20102.0
8740000.0,35786.0,6.75,0.0023,20148.0
8760000.0,35786.0,6.75,0.0023,20194.0
8780000.0,35786.0,6.75,0.0023,20240.0
8800000.0,35786.0,6.75,0.0023,20286.0
8820000.0,35786.0,6.75,0.0023,20332.0
8840000.0,35786.0,6.75,0.0023,20378.0
8860000.0,35786.0,6.75,0.0023,20424.0
8880000.0,35786.0,6.75,0.0023,20470.0
8900000.0,35786.0,6.75,0.0023,20516.0
8920000.0,35786.0,6.75,0.0023,20562.0
8940000.0,35786.0,6.75,0.0023,20608.0
8960000.0,35786.0,6.75,0.0023,20654.0
8980000.0,35786.0,6.75,0.0023,20700.0
9000000.0,35786.0,6.75,0.0023,20746.0
9020000.0,35786.0,6.75,0.0023,20792.0
9040000.0,35786.0,6.75,0.0023,20838.0
9060000.0,35786.0,6.75,0.0023,20884.0
9080000.0,35786.0,6.75,0.0023,20930.0
9100000.0,35786.0,6.75,0.0023,20976.0
9120000.0,35786.0,6.75,0.0023,21022.0
9140000.0,35786.0,6.75,0.0023,21068.0
9160000.0,35786.0,6.75,0.0023,21114.0
9180000.0,35786.0,6.75,0.0023,21160.0
9200000.0,35786.0,6.75,0.0023,21206.0
9220000.0,35786.0,6.75,0.0023,21252.0
9240000.0,35786.0,6.75,0.0023,21298.0
9260000.0,35786.0,6.75,0.0023,21344.0
9280000.0,35786.0,6.75,0.0023,21390.0
9300000.0,35786.0,6.75,0.0023,21436.0
9320000.0,35786.0,6.75,0.0023,21482.0
9340000.0,35786.0,6.75,0.0023,21528.0
9360000.0,35786.0,6.75,0.0023,21574.0
9380000.0,35786.0,6.75,0.0023,21620.0
9400000.0,35786.0,6.75,0.0023,21666.0
9420000.0,35786.0,6.75,0.0023,21712.0
9440000.0,35786.0,6.75,0.0023,21758.0
9460000.0,35786.0,6.75,0.0023,21804.0
9480000.0,35786.0,6.75,0.0023,21850.0
9500000.0,35786.0,6.75,0.0023,21896.0
9520000.0,35786.0,6.75,0.0023,21942.0
9540000.0,35786.0,6.75,0.0023,21988.0
9560000.0,35786.0,6.75,0.0023,22034.0
9580000.0,35786.0,6.75,0.0023,22080.0
9600000.0,35786.0,6.75,0.0023,22126.0
9620000.0,35786.0,6.75,0.0023,22172.0
9640000.0,35786.0,6.75,0.0023,22218.0
9660000.0,35786.0,6.75,0.0023,22264.0
9680000.0,35786.0,6.75,0.0023,22310.0
9700000.0,35786.0,6.75,0.0023,22356.0
9720000.0,35786.0,6.75,0.0023,22402.0
9740000.0,35786.0,6.75,0.0023,22448.0
9760000.0,35786.0,6.75,0.0023,22494.0
9780000.0,35786.0,6.75,0.0023,22540.0
9800000.0,35786.0,6.75,0.0023,22586.0
9820000.0,35786.0,6.75,0.0023,22632.0
9840000.0,35786.0,6.75,0.0023,22678.0
9860000.0,35786.0,6.75,0.0023,22724.0
9880000.0,35786.0,6.75,0.0023,22770.0
9900000.0,35786.0,6.75,0.0023,22816.0
9920000.0,35786.0,6.75,0.0023,22862.0
9940000.0,35786.0,6.75,0.0023,22908.0
9960000.0,35786.0,6.75,0.0023,22954.0
9980000.0,35786.0,6.75,0.0023,23000.0
10000000.0,35786.0,6.75,0.0023,23046.0
10020000.0,35786.0,6.75,0.0023,23092.0
10040000.0,35786.0,6.75,0.0023,23138.0
10060000.0,35786.0,6.75,0.0023,23184.0
10080000.0,35786.0,6.75,0.0023,23230.0
10100000.0,35786.0,6.75,0.0023,23276.0
10120000.0,35786.0,6.75,0.0023,23322.0
10140000.0,35786.0,6.75,0.0023,23368.0
10160000.0,35786.0,6.75,0.0023,23414.0
10180000.0,35786.0,6.75,0.0023,23460.0
10200000.0,35786.0,6.75,0.0023,23506.0
10220000.0,35786.0,6.75,0.0023,23552.0
10240000.0,35786.0,6.75,0.0023,23598.0
10260000.0,35786.0,6.75,0.0023,23644.0
10280000.0,35786.0,6.75,0.0023,23690.0
10300000.0,35786.0,6.75,0.0023,23736.0
10320000.0,35786.0,6.75,0.0023,23782.0
10340000.0,35786.0,6.75,0.0023,23828.0
10360000.0,35786.0,6.75,0.0023,23874.0
10380000.0,35786.0,6.75,0.0023,23920.0
10400000.0,35786.0,6.75,0.0023,23966.0
10420000.0,35786.0,6.75,0.0023,24012.0
10440000.0,35786.0,6.75,0.0023,24058.0
10460000.0,35786.0,6.75,0.0023,24104.0
10480000.0,35786.0,6.75,0.0023,24150.0
10500000.0,35786.0,6.75,0.0023,24196.0
10520000.0,35786.0,6.75,0.0023,24242.0
10540000.0,35786.0,6.75,0.0023,24288.0
10560000.0,35786.0,6.75,0.0023,24334.0
10580000.0,35786.0,6.75,0.0023,24380.0
10600000.0,35786.0,6.75,0.0023,24426.0
10620000.0,35786.0,6.75,0.0023,24472.0
10640000.0,35786.0,6.75,0.0023,24518.0
10660000.0,35786.0,6.75,0.0023,24564.0
10680000.0,35786.0,6.75,0.0023,24610.0
10700000.0,35786.0,6.75,0.0023,24656.0
10720000.0,35786.0,6.75,0.0023,24702.0
10740000.0,35786.0,6.75,0.0023,24748.0
10760000.0,35786.0,6.75,0.0023,24794.0
10780000.0,35786.0,6.75,0.0023,24840.0
10800000.0,35786.0,6.75,0.0023,24886.0
10820000.0,35786.0,6.75,0.0023,24932.0
10840000.0,35786.0,6.75,0.0023,24978.0
10860000.0,35786.0,6.75,0.0023,25024.0
10880000.0,35786.0,6.75,0.0023,25070.0
10900000.0,35786.0,6.75,0.0023,25116.0
10920000.0,35786.0,6.75,0.0023,25162.0
10940000.0,35786.0,6.75,0.0023,25208.0
10960000.0,35786.0,6.75,0.0023,25254.0
10980000.0,35786.0,6.75,0.0023,25300.0
11000000.0,35786.0,6.75,0.0023,25346.0
11020000.0,35786.0,6.75,0.0023,25392.0
11040000.0,35786.0,6.75,0.0023,25438.0
11060000.0,35786.0,6.75,0.0023,25484.0
11080000.0,35786.0,6.75,0.0023,25530.0
11100000.0,35786.0,6.75,0.0023,25576.0
11120000.0,35786.0,6.75,0.0023,25622.0
11140000.0,35786.0,6.75,0.0023,25668.0
11160000.0,35786.0,6.75,0.0023,25714.0
11180000.0,35786.0,6.75,0.0023,25760.0
11200000.0,35786.0,6.75,0.0023,25806.0
11220000.0,35786.0,6.75,0.0023,25852.0
11240000.0,35786.0,6.75,0.0023,25898.0
11260000.0,35786.0,6.75,0.0023,25944.0
11280000.0,35786.0,6.75,0.0023,25990.0
11300000.0,35786.0,6.75,0.0023,26036.0
11320000.0,35786.0,6.75,0.0023,26082.0
11340000.0,35786.0,6.75,0.0023,26128.0
11360000.0,35786.0,6.75,0.0023,26174.0
11380000.0,35786.0,6.75,0.0023,26220.0
11400000.0,35786.0,6.75,0.0023,26266.0
11420000.0,35786.0,6.75,0.0023,26312.0
11440000.0,35786.0,6.75,0.0023,26358.0
11460000.0,35786.0,6.75,0.0023,26404.0
11480000.0,35786.0,6.75,0.0023,26450.0
11500000.0,35786.0,6.75,0.0023,26496.0
11520000.0,35786.0,6.75,0.0023,26542.0
11540000.0,35786.0,6.75,0.0023,26588.0
11560000.0,35786.0,6.75,0.0023,26634.0
11580000.0,35786.0,6.75,0.0023,26680.0
11600000.0,35786.0,6.75,0.0023,26726.0
11620000.0,35786.0,6.75,0.0023,26772.0
11640000.0,35786.0,6.75,0.0023,26818.0
11660000.0,35786.0,6.75,0.0023,26864.0
11680000.0,35786.0,6.75,0.0023,26910.0
11700000.0,35786.0,6.75,0.0023,26956.0
11720000.0,35786.0,6.75,0.0023,27002.0
11740000.0,35786.0,6.75,0.0023,27048.0
11760000.0,35786.0,6.75,0.0023,27094.0
11780000.0,35786.0,6.75,0.0023,27140.0
11800000.0,35786.0,6.75,0.0023,27186.0
11820000.0,35786.0,6.75,0.0023,27232.0
11840000.0,35786.0,6.75,0.0023,27278.0
11860000.0,35786.0,6.75,0.0023,27324.0
11880000.0,35786.0,6.75,0.0023,27370.0
11900000.0,35786.0,6.75,0.0023,27416.0
11920000.0,35786.0,6.75,0.0023,27462.0
11940000.0,35786.0,6.75,0.0023,27508.0
11960000.0,35786.0,6.75,0.0023,27554.0
11980000.0,35786.0,6.75,0.0023,27600.0
12000000.0,35786.0,6.75,0.0023,27646.0
12020000.0,35786.0,6.75,0.0023,27692.0
12040000.0,35786.0,6.75,0.0023,27738.0
12060000.0,35786.0,6.75,0.0023,27784.0
12080000.0,35786.0,6.75,0.0023,27830.0
12100000.0,35786.0,6.75,0.0023,27876.0
12120000.0,35786.0,6.75,0.0023,27922.0
12140000.0,35786.0,6.75,0.0023,27968.0
12160000.0,35786.0,6.75,0.0023,28014.0
12180000.0,35786.0,6.75,0.0023,28060.0
12200000.0,35786.0,6.75,0.0023,28106.0
12220000.0,35786.0,6.75,0.0023,28152.0
12240000.0,35786.0,6.75,0.0023,28198.0
12260000.0,35786.0,6.75,0.0023,28244.0
12280000.0,35786.0,6.75,0.0023,28290.0
12300000.0,35786.0,6.75,0.0023,28336.0
12320000.0,35786.0,6.75,0.0023,28382.0
12340000.0,35786.0,6.75,0.0023,28428.0
12360000.0,35786.0,6.75,0.0023,28474.0
12380000.0,35786.0,6.75,0.0023,28520.0
12400000.0,35786.0,6.75,0.0023,28566.0
12420000.0,35786.0,6.75,0.0023,28612.0
12440000.0,35786.0,6.75,0.0023,28658.0
12460000.0,35786.0,6.75,0.0023,28704.0
12480000.0,35786.0,6.75,0.0023,28750.0
12500000.0,35786.0,6.75,0.0023,28796.0
12520000.0,35786.0,6.75,0.0023,28842.0
12540000.0,35786.0,6.75,0.0023,28888.0
12560000.0,35786.0,6.75,0.0023,28934.0
12580000.0,35786.0,6.75,0.0023,28980.0
12600000.0,35786.0,6.75,0.0023,29026.0
12620000.0,35786.0,6.75,0.0023,29072.0
12640000.0,35786.0,6.75,0.0023,29118.0
12660000.0,35786.0,6.75,0.0023,29164.0
12680000.0,35786.0,6.75,0.0023,29210.0
12700000.0,35786.0,6.75,0.0023,29256.0
12720000.0,35786.0,6.75,0.0023,29302.0
12740000.0,35786.0,6.75,0.0023,29348.0
12760000.0,35786.0,6.75,0.0023,29394.0
12780000.0,35786.0,6.75,0.0023,29440.0
12800000.0,35786.0,6.75,0.0023,29486.0
12820000.0,35786.0,6.75,0.0023,29532.0
12840000.0,35786.0,6.75,0.0023,29578.0
12860000.0,35786.0,6.75,0.0023,29624.0
12880000.0,35786.0,6.75,0.0023,29670.0
12900000.0,35786.0,6.75,0.0023,29716.0
12920000.0,35786.0,6.75,0.0023,29762.0
12940000.0,35786.0,6.75,0.0023,29808.0
12960000.0,35786.0,6.75,0.0023,29854.0
12980000.0,35786.0,6.75,0.0023,29900.0
13000000.0,35786.0,6.75,0.0023,29946.0
13020000.0,35786.0,6.75,0.0023,29992.0
13040000.0,35786.0,6.75,0.0023,30038.0
13060000.0,35786.0,6.75,0.0023,30084.0
13080000.0,35786.0,6.75,0.0023,30130.0
13100000.0,35786.0,6.75,0.0023,30176.0
13120000.0,35786.0,6.75,0.0023,30222.0
13140000.0,35786.0,6.75,0.0023,30268.0
13160000.0,35786.0,6.75,0.0023,30314.0
13180000.0,35786.0,6.75,0.0023,30360.0
13200000.0,35786.0,6.75,0.0023,30406.0
13220000.0,35786.0,6.75,0.0023,30452.0
13240000.0,35786.0,6.75,0.0023,30498.0
13260000.0,35786.0,6.75,0.0023,30544.0
13280000.0,35786.0,6.75,0.0023,30590.0
13300000.0,35786.0,6.75,0.0023,30636.0
13320000.0,35786.0,6.75,0.0023,30682.0
13340000.0,35786.0,6.75,0.0023,30728.0
13360000.0,35786.0,6.75,0.0023,30774.0
13380000.0,35786.0,6.75,0.0023,30820.0
13400000.0,35786.0,6.75,0.0023,30866.0
13420000.0,35786.0,6.75,0.0023,30912.0
13440000.0,35786.0,6.75,0.0023,30958.0
13460000.0,35786.0,6.75,0.0023,31004.0
13480000.0,35786.0,6.75,0.0023,31050.0
13500000.0,35786.0,6.75,0.0023,31096.0
13520000.0,35786.0,6.75,0.0023,31142.0
13540000.0,35786.0,6.75,0.0023,31188.0
13560000.0,35786.0,6.75,0.0023,31234.0
13580000.0,35786.0,6.75,0.0023,31280.0
13600000.0,35786.0,6.75,0.0023,31326.0
13620000.0,35786.0,6.75,0.0023,31372.0
13640000.0,35786.0,6.75,0.0023,31418.0
13660000.0,35786.0,6.75,0.0023,31464.0
13680000.0,35786.0,6.75,0.0023,31510.0
13700000.0,35786.0,6.75,0.0023,31556.0
13720000.0,35786.0,6.75,0.0023,31602.0
13740000.0,35786.0,6.75,0.0023,31648.0
13760000.0,35786.0,6.75,0.0023,31694.0
13780000.0,35786.0,6.75,0.0023,31740.0
13800000.0,35786.0,6.75,0.0023,31786.0
13820000.0,35786.0,6.75,0.0023,31832.0
13840000.0,35786.0,6.75,0.0023,31878.0
13860000.0,35786.0,6.75,0.0023,31924.0
13880000.0,35786.0,6.75,0.0023,31970.0
13900000.0,35786.0,6.75,0.0023,32016.0
13920000.0,35786.0,6.75,0.0023,32062.0
13940000.0,35786.0,6.75,0.0023,32108.0
13960000.0,35786.0,6.75,0.0023,32154.0
13980000.0,35786.0,6.75,0.0023,32200.0
14000000.0,35786.0,6.75,0.0023,32246.0
14020000.0,35786.0,6.75,0.0023,32292.0
14040000.0,35786.0,6.75,0.0023,32338.0
14060000.0,35786.0,6.75,0.0023,32384.0
14080000.0,35786.0,6.75,0.0023,32430.0
14100000.0,35786.0,6.75,0.0023,32476.0
14120000.0,35786.0,6.75,0.0023,32522.0
14140000.0,35786.0,6.75,0.0023,32568.0
14160000.0,35786.0,6.75,0.0023,32614.0
14180000.0,35786.0,6.75,0.0023,32660.0
14200000.0,35786.0,6.75,0.0023,32706.0
14220000.0,35786.0,6.75,0.0023,32752.0
14240000.0,35786.0,6.75,0.0023,32798.0
14260000.0,35786.0,6.75,0.0023,32844.0
14280000.0,35786.0,6.75,0.0023,32890.0
14300000.0,35786.0,6.75,0.0023,32936.0
14320000.0,35786.0,6.75,0.0023,32982.0
14340000.0,35786.0,6.75,0.0023,33028.0
14360000.0,35786.0,6.75,0.0023,33074.0
14380000.0,35786.0,6.75,0.0023,33120.0
14400000.0,35786.0,6.75,0.0023,33166.0
14420000.0,35786.0,6.75,0.0023,33212.0
14440000.0,35786.0,6.75,0.0023,33258.0
14460000.0,35786.0,6.75,0.0023,33304.0
14480000.0,35786.0,6.75,0.0023,33350.0
14500000.0,35786.0,6.75,0.0023,33396.0
14520000.0,35786.0,6.75,0.0023,33442.0
14540000.0,35786.0,6.75,0.0023,33488.0
14560000.0,35786.0,6.75,0.0023,33534.0
14580000.0,35786.0,6.75,0.0023,33580.0
14600000.0,35786.0,6.75,0.0023,33626.0
14620000.0,35786.0,6.75,0.0023,33672.0
14640000.0,35786.0,6.75,0.0023,33718.0
14660000.0,35786.0,6.75,0.0023,33764.0
14680000.0,35786.0,6.75,0.0023,33810.0
14700000.0,35786.0,6.75,0.0023,33856.0
14720000.0,35786.0,6.75,0.0023,33902.0
14740000.0,35786.0,6.75,0.0023,33948.0
14760000.0,35786.0,6.75,0.0023,33994.0
14780000.0,35786.0,6.75,0.0023,34040.0
14800000.0,35786.0,6.75,0.0023,34086.0
14820000.0,35786.0,6.75,0.0023,34132.0
14840000.0,35786.0,6.75,0.0023,34178.0
14860000.0,35786.0,6.75,0.0023,34224.0
14880000.0,35786.0,6.75,0.0023,34270.0
14900000.0,35786.0,6.75,0.0023,34316.0
14920000.0,35786.0,6.75,0.0023,34362.0
14940000.0,35786.0,6.75,0.0023,34408.0
14960000.0,35786.0,6.75,0.0023,34454.0
14980000.0,35786.0,6.75,0.0023,34500.0
15000000.0,35786.0,6.75,0.0023,34546.0
15020000.0,35786.0,6.75,0.0023,34592.0
15040000.0,35786.0,6.75,0.0023,34638.0
15060000.0,35786.0,6.75,0.0023,34684.0
15080000.0,35786.0,6.75,0.0023,34730.0
15100000.0,35786.0,6.75,0.0023,34776.0
15120000.0,35786.0,6.75,0.0023,34822.0
15140000.0,35786.0,6.75,0.0023,34868.0
15160000.0,35786.0,6.75,0.0023,34914.0
15180000.0,35786.0,6.75,0.0023,34960.0
15200000.0,35786.0,6.75,0.0023,35006.0
15220000.0,35786.0,6.75,0.0023,35052.0
15240000.0,35786.0,6.75,0.0023,35098.0
15260000.0,35786.0,6.75,0.0023,35144.0
15280000.0,35786.0,6.75,0.0023,35190.0
15300000.0,35786.0,6.75,0.0023,35236.0
15320000.0,35786.0,6.75,0.0023,35282.0
15340000.0,35786.0,6.75,0.0023,35328.0
15360000.0,35786.0,6.75,0.0023,35374.0
15380000.0,35786.0,6.75,0.0023,35420.0
15400000.0,35786.0,6.75,0.0023,35466.0
15420000.0,35786.0,6.75,0.0023,35512.0
15440000.0,35786.0,6.75,0.0023,35558.0
15460000.0,35786.0,6.75,0.0023,35604.0
15480000.0,35786.0,6.75,0.0023,35650.0
15500000.0,35786.0,6.75,0.0023,35696.0
15520000.0,35786.0,6.75,0.0023,35742.0
15540000.0,35786.0,6.75,0.0023,35788.0
15560000.0,35786.0,6.75,0.0023,35834.0
15580000.0,35786.0,6.75,0.0023,35880.0
15600000.0,35786.0,6.75,0.0023,35926.0
15620000.0,35786.0,6.75,0.0023,35972.0
15640000.0,35786.0,6.75,0.0023,36018.0
15660000.0,35786.0,6.75,0.0023,36064.0
15680000.0,35786.0,6.75,0.0023,36110.0
15700000.0,35786.0,6.75,0.0023,36156.0
15720000.0,35786.0,6.75,0.0023,36202.0
15740000.0,35786.0,6.75,0.0023,36248.0
15760000.0,35786.0,6.75,0.0023,36294.0
15780000.0,35786.0,6.75,0.0023,36340.0
15800000.0,35786.0,6.75,0.0023,36386.0
15820000.0,35786.0,6.75,0.0023,36432.0
15840000.0,35786.0,6.75,0.0023,36478.0
15860000.0,35786.0,6.75,0.0023,36524.0
15880000.0,35786.0,6.75,0.0023,36570.0
15900000.0,35786.0,6.75,0.0023,36616.0
15920000.0,35786.0,6.75,0.0023,36662.0
15940000.0,35786.0,6.75,0.0023,36708.0
15960000.0,35786.0,6.75,0.0023,36754.0
15980000.0,35786.0,6.75,0.0023,36800.0
16000000.0,35786.0,6.75,0.0023,36846.0
16020000.0,35786.0,6.75,0.0023,36892.0
16040000.0,35786.0,6.75,0.0023,36938.0
16060000.0,35786.0,6.75,0.0023,36984.0
16080000.0,35786.0,6.75,0.0023,37030.0
16100000.0,35786.0,6.75,0.0023,37076.0
16120000.0,35786.0,6.75,0.0023,37122.0
16140000.0,35786.0,6.75,0.0023,37168.0
16160000.0,35786.0,6.75,0.0023,37214.0
16180000.0,35786.0,6.75,0.0023,37260.0
16200000.0,35786.0,6.75,0.0023,37306.0
16220000.0,35786.0,6.75,0.0023,37352.0
16240000.0,35786.0,6.75,0.0023,37398.0
16260000.0,35786.0,6.75,0.0023,37444.0
16280000.0,35786.0,6.75,0.0023,37490.0
16300000.0,35786.0,6.75,0.0023,37536.0
16320000.0,35786.0,6.75,0.0023,37582.0
16340000.0,35786.0,6.75,0.0023,37628.0
16360000.0,35786.0,6.75,0.0023,37674.0
16380000.0,35786.0,6.75,0.0023,37720.0
16400000.0,35786.0,6.75,0.0023,37766.0
16420000.0,35786.0,6.75,0.0023,37812.0
16440000.0,35786.0,6.75,0.0023,37858.0
16460000.0,35786.0,6.75,0.0023,37904.0
16480000.0,35786.0,6.75,0.0023,37950.0
16500000.0,35786.0,6.75,0.0023,37996.0
16520000.0,35786.0,6.75,0.0023,38042.0
16540000.0,35786.0,6.75,0.0023,38088.0
16560000.0,35786.0,6.75,0.0023,38134.0
16580000.0,35786.0,6.75,0.0023,38180.0
16600000.0,35786.0,6.75,0.0023,38226.0
16620000.0,35786.0,6.75,0.0023,38272.0
16640000.0,35786.0,6.75,0.0023,38318.0
16660000.0,35786.0,6.75,0.0023,38364.0
16680000.0,35786.0,6.75,0.0023,38410.0
16700000.0,35786.0,6.75,0.0023,38456.0
16720000.0,35786.0,6.75,0.0023,38502.0
16740000.0,35786.0,6.75,0.0023,38548.0
16760000.0,35786.0,6.75,0.0023,38594.0
16780000.0,35786.0,6.75,0.0023,38640.0
16800000.0,35786.0,6.75,0.0023,38686.0
16820000.0,35786.0,6.75,0.0023,38732.0
16840000.0,35786.0,6.75,0.0023,38778.0
16860000.0,35786.0,6.75,0.0023,38824.0
16880000.0,35786.0,6.75,0.0023,38870.0
16900000.0,35786.0,6.75,0.0023,38916.0
16920000.0,35786.0,6.75,0.0023,38962.0
16940000.0,35786.0,6.75,0.0023,39008.0
16960000.0,35786.0,6.75,0.0023,39054.0
16980000.0,35786.0,6.75,0.0023,39100.0
17000000.0,35786.0,6.75,0.0023,39146.0
17020000.0,35786.0,6.75,0.0023,39192.0
17040000.0,35786.0,6.75,0.0023,39238.0
17060000.0,35786.0,6.75,0.0023,39284.0
17080000.0,35786.0,6.75,0.0023,39330.0
17100000.0,35786.0,6.75,0.0023,39376.0
17120000.0,35786.0,6.75,0.0023,39422.0
17140000.0,35786.0,6.75,0.0023,39468.0
17160000.0,35786.0,6.75,0.0023,39514.0
17180000.0,35786.0,6.75,0.0023,39560.0
17200000.0,35786.0,6.75,0.0023,39606.0
17220000.0,35786.0,6.75,0.0023,39652.0
17240000.0,35786.0,6.75,0.0023,39698.0
17260000.0,35786.0,6.75,0.0023,39744.0
17280000.0,35786.0,6.75,0.0023,39790.0
17300000.0,35786.0,6.75,0.0023,39836.0
17320000.0,35786.0,6.75,0.0023,39882.0
17340000.0,35786.0,6.75,0.0023,39928.0
17360000.0,35786.0,6.75,0.0023,39974.0
17380000.0,35786.0,6.75,0.0023,40020.0
17400000.0,35786.0,6.75,0.0023,40066.0
17420000.0,35786.0,6.75,0.0023,40112.0
17440000.0,35786.0,6.75,0.0023,40158.0
17460000.0,35786.0,6.75,0.0023,40204.0
17480000.0,35786.0,6.75,0.0023,40250.0
17500000.0,35786.0,6.75,0.0023,40296.0
17520000.0,35786.0,6.75,0.0023,40342.0
17540000.0,35786.0,6.75,0.0023,40388.0
17560000.0,35786.0,6.75,0.0023,40434.0
17580000.0,35786.0,6.75,0.0023,40480.0
17600000.0,35786.0,6.75,0.0023,40526.0
17620000.0,35786.0,6.75,0.0023,40572.0
17640000.0,35786.0,6.75,0.0023,40618.0
17660000.0,35786.0,6.75,0.0023,40664.0
17680000.0,35786.0,6.75,0.0023,40710.0
17700000.0,35786.0,6.75,0.0023,40756.0
17720000.0,35786.0,6.75,0.0023,40802.0
17740000.0,35786.0,6.75,0.0023,40848.0
17760000.0,35786.0,6.75,0.0023,40894.0
17780000.0,35786.0,6.75,0.0023,40940.0
17800000.0,35786.0,6.75,0.0023,40986.0
17820000.0,35786.0,6.75,0.0023,41032.0
17840000.0,35786.0,6.75,0.0023,41078.0
17860000.0,35786.0,6.75,0.0023,41124.0
17880000.0,35786.0,6.75,0.0023,41170.0
17900000.0,35786.0,6.75,0.0023,41216.0
17920000.0,35786.0,6.75,0.0023,41262.0
17940000.0,35786.0,6.75,0.0023,41308.0
17960000.0,35786.0,6.75,0.0023,41354.0
17980000.0,35786.0,6.75,0.0023,41400.0
18000000.0,35786.0,6.75,0.0023,41446.0
18020000.0,35786.0,6.75,0.0023,41492.0
18040000.0,35786.0,6.75,0.0023,41538.0
18060000.0,35786.0,6.75,0.0023,41584.0
18080000.0,35786.0,6.75,0.0023,41630.0
18100000.0,35786.0,6.75,0.0023,41676.0
18120000.0,35786.0,6.75,0.0023,41722.0
18140000.0,35786.0,6.75,0.0023,41768.0
18160000.0,35786.0,6.75,0.0023,41814.0
18180000.0,35786.0,6.75,0.0023,41860.0
18200000.0,35786.0,6.75,0.0023,41906.0
18220000.0,35786.0,6.75,0.0023,41952.0
18240000.0,35786.0,6.75,0.0023,41998.0
18260000.0,35786.0,6.75,0.0023,42044.0
18280000.0,35786.0,6.75,0.0023,42090.0
18300000.0,35786.0,6.75,0.0023,42136.0
18320000.0,35786.0,6.75,0.0023,42182.0
18340000.0,35786.0,6.75,0.0023,42228.0
18360000.0,35786.0,6.75,0.0023,42274.0
18380000.0,35786.0,6.75,0.0023,42320.0
18400000.0,35786.0,6.75,0.0023,42366.0
18420000.0,35786.0,6.75,0.0023,42412.0
18440000.0,35786.0,6.75,0.0023,42458.0
18460000.0,35786.0,6.75,0.0023,42504.0
18480000.0,35786.0,6.75,0.0023,42550.0
18500000.0,35786.0,6.75,0.0023,42596.0
18520000.0,35786.0,6.75,0.0023,42642.0
18540000.0,35786.0,6.75,0.0023,42688.0
18560000.0,35786.0,6.75,0.0023,42734.0
18580000.0,35786.0,6.75,0.0023,42780.0
18600000.0,35786.0,6.75,0.0023,42826.0
18620000.0,35786.0,6.75,0.0023,42872.0
18640000.0,35786.0,6.75,0.0023,42918.0
18660000.0,35786.0,6.75,0.0023,42964.0
18680000.0,35786.0,6.75,0.0023,43010.0
18700000.0,35786.0,6.75,0.0023,43056.0
18720000.0,35786.0,6.75,0.0023,43102.0
18740000.0,35786.0,6.75,0.0023,43148.0
18760000.0,35786.0,6.75,0.0023,43194.0
18780000.0,35786.0,6.75,0.0023,43240.0
18800000.0,35786.0,6.75,0.0023,43286.0
18820000.0,35786.0,6.75,0.0023,43332.0
18840000.0,35786.0,6.75,0.0023,43378.0
18860000.0,35786.0,6.75,0.0023,43424.0
18880000.0,35786.0,6.75,0.0023,43470.0
18900000.0,35786.0,6.75,0.0023,43516.0
18920000.0,35786.0,6.75,0.0023,43562.0
18940000.0,35786.0,6.75,0.0023,43608.0
18960000.0,35786.0,6.75,0.0023,43654.0
18980000.0,35786.0,6.75,0.0023,43700.0
19000000.0,35786.0,6.75,0.0023,43746.0
19020000.0,35786.0,6.75,0.0023,43792.0
19040000.0,35786.0,6.75,0.0023,43838.0
19060000.0,35786.0,6.75,0.0023,43884.0
19080000.0,35786.0,6.75,0.0023,43930.0
19100000.0,35786.0,6.75,0.0023,43976.0
19120000.0,35786.0,6.75,0.0023,44022.0
19140000.0,35786.0,6.75,0.0023,44068.0
19160000.0,35786.0,6.75,0.0023,44114.0
19180000.0,35786.0,6.75,0.0023,44160.0
19200000.0,35786.0,6.75,0.0023,44206.0
19220000.0,35786.0,6.75,0.0023,44252.0
19240000.0,35786.0,6.75,0.0023,44298.0
19260000.0,35786.0,6.75,0.0023,44344.0
19280000.0,35786.0,6.75,0.0023,44390.0
19300000.0,35786.0,6.75,0.0023,44436.0
19320000.0,35786.0,6.75,0.0023,44482.0
19340000.0,35786.0,6.75,0.0023,44528.0
19360000.0,35786.0,6.75,0.0023,44574.0
19380000.0,35786.0,6.75,0.0023,44620.0
19400000.0,35786.0,6.75,0.0023,44666.0
19420000.0,35786.0,6.75,0.0023,44712.0
19440000.0,35786.0,6.75,0.0023,44758.0
19460000.0,35786.0,6.75,0.0023,44804.0
19480000.0,35786.0,6.75,0.0023,44850.0
19500000.0,35786.0,6.75,0.0023,44896.0
19520000.0,35786.0,6.75,0.0023,44942.0
19540000.0,35786.0,6.75,0.0023,44988.0
19560000.0,35786.0,6.75,0.0023,45034.0
19580000.0,35786.0,6.75,0.0023,45080.0
19600000.0,35786.0,6.75,0.0023,45126.0
19620000.0,35786.0,6.75,0.0023,45172.0
19640000.0,35786.0,6.75,0.0023,45218.0
19660000.0,35786.0,6.75,0.0023,45264.0
19680000.0,35786.0,6.75,0.0023,45310.0
19700000.0,35786.0,6.75,0.0023,45356.0
19720000.0,35786.0,6.75,0.0023,45402.0
19740000.0,35786.0,6.75,0.0023,45448.0
19760000.0,35786.0,6.75,0.0023,45494.0
19780000.0,35786.0,6.75,0.0023,45540.0
19800000.0,35786.0,6.75,0.0023,45586.0
19820000.0,35786.0,6.75,0.0023,45632.0
19840000.0,35786.0,6.75,0.0023,45678.0
19860000.0,35786.0,6.75,0.0023,45724.0
19880000.0,35786.0,6.75,0.0023,45770.0
19900000.0,35786.0,6.75,0.0023,45816.0
19920000.0,35786.0,6.75,0.0023,45862.0
19940000.0,35786.0,6.75,0.0023,45908.0
19960000.0,35786.0,6.75,0.0023,45954.0
19980000.0,35786.0,6.75,0.0023,46000.0
