Time (s),A,B,C,X,Z
0.0,1.0,0.0,0.0,1.0,1.0
20000.0,1.0,0.0,0.001339102600882991,1.0,1.0
40000.0,1.0,0.0,0.0026764120059903362,1.0,1.0
60000.0,1.0,0.0,0.004011930616595105,1.0,1.0
80000.0,1.0,0.0,0.005345660830754939,1.0,1.0
100000.0,1.0,0.0,0.006677605043316048,1.0,1.0
120000.0,1.0,0.0,0.008007765645917875,1.0,1.0
140000.0,1.0,0.0,0.0093361450269972,1.0,1.0
160000.0,1.0,0.0,0.010662745571792365,1.0,1.0
180000.0,1.0,0.0,0.011987569662347706,1.0,1.0
200000.0,1.0,0.0,0.013310619677517566,1.0,1.0
220000.0,1.0,0.0,0.014631897992971044,1.0,1.0
240000.0,1.0,0.0,0.015951406981195904,1.0,1.0
260000.0,1.0,0.0,0.01726914901150267,1.0,1.0
280000.0,1.0,0.0,0.0185851264500293,1.0,1.0
300000.0,1.0,0.0,0.019899341659745384,1.0,1.0
320000.0,1.0,0.0,0.021211797000455945,1.0,1.0
340000.0,1.0,0.0,0.022522494828806305,1.0,1.0
360000.0,1.0,0.0,0.023831437498285646,1.0,1.0
380000.0,1.0,0.0,0.025138627359232,1.0,1.0
400000.0,1.0,0.0,0.026444066758835594,1.0,1.0
420000.0,1.0,0.0,0.02774775804114393,1.0,1.0
440000.0,1.0,0.0,0.029049703547065486,1.0,1.0
460000.0,1.0,0.0,0.030349905614373673,1.0,1.0
480000.0,1.0,0.0,0.03164836657771197,1.0,1.0
500000.0,1.0,0.0,0.03294508876859714,1.0,1.0
520000.0,1.0,0.0,0.03424007451542377,1.0,1.0
540000.0,1.0,0.0,0.035533326143468824,1.0,1.0
560000.0,1.0,0.0,0.036824845974895104,1.0,1.0
580000.0,1.0,0.0,0.038114636328756,1.0,1.0
600000.0,1.0,0.0,0.03940269952099951,1.0,1.0
620000.0,1.0,0.0,0.04068903786447209,1.0,1.0
640000.0,1.0,0.0,0.04197365366892336,1.0,1.0
660000.0,1.0,0.0,0.043256549241009856,1.0,1.0
680000.0,1.0,0.0,0.04453772688429902,1.0,1.0
700000.0,1.0,0.0,0.045817188899273775,1.0,1.0
720000.0,1.0,0.0,0.047094937583336716,1.0,1.0
740000.0,1.0,0.0,0.04837097523081346,1.0,1.0
760000.0,1.0,0.0,0.049645304132957646,1.0,1.0
780000.0,1.0,0.0,0.05091792657795457,1.0,1.0
800000.0,1.0,0.0,0.05218884485092557,1.0,1.0
820000.0,1.0,0.0,0.053458061233931604,1.0,1.0
840000.0,1.0,0.0,0.054725578005978104,1.0,1.0
860000.0,1.0,0.0,0.05599139744301851,1.0,1.0
880000.0,1.0,0.0,0.057255521817958455,1.0,1.0
900000.0,1.0,0.0,0.058517953400660135,1.0,1.0
920000.0,1.0,0.0,0.05977869445794604,1.0,1.0
940000.0,1.0,0.0,0.061037747253603,1.0,1.0
960000.0,1.0,0.0,0.062295114048386724,1.0,1.0
980000.0,1.0,0.0,0.0635507971000252,1.0,1.0
1000000.0,1.0,0.0,0.06480479866322342,1.0,1.0
1020000.0,1.0,0.0,0.06605712098966687,1.0,1.0
1040000.0,1.0,0.0,0.06730776632802582,1.0,1.0
1060000.0,1.0,0.0,0.06855673692395936,1.0,1.0
1080000.0,1.0,0.0,0.06980403502011945,1.0,1.0
1100000.0,1.0,0.0,0.07104966285615488,1.0,1.0
1120000.0,1.0,0.0,0.07229362266871542,1.0,1.0
1140000.0,1.0,0.0,0.07353591669145543,1.0,1.0
1160000.0,1.0,0.0,0.07477654715503868,1.0,1.0
1180000.0,1.0,0.0,0.07601551628714132,1.0,1.0
1200000.0,1.0,0.0,0.07725282631245678,1.0,1.0
1220000.0,1.0,0.0,0.07848847945269921,1.0,1.0
1240000.0,1.0,0.0,0.0797224779266078,1.0,1.0
1260000.0,1.0,0.0,0.08095482394995046,1.0,1.0
1280000.0,1.0,0.0,0.08218551973552801,1.0,1.0
1300000.0,1.0,0.0,0.08341456749317833,1.0,1.0
1320000.0,1.0,0.0,0.08464196942977975,1.0,1.0
1340000.0,1.0,0.0,0.08586772774925544,1.0,1.0
1360000.0,1.0,0.0,0.08709184465257758,1.0,1.0
1380000.0,1.0,0.0,0.08831432233777059,1.0,1.0
1400000.0,1.0,0.0,0.08953516299991593,1.0,1.0
1420000.0,1.0,0.0,0.09075436883115529,1.0,1.0
1440000.0,1.0,0.0,0.09197194202069503,1.0,1.0
1460000.0,1.0,0.0,0.09318788475480988,1.0,1.0
1480000.0,1.0,0.0,0.0944021992168469,1.0,1.0
1500000.0,1.0,0.0,0.09561488758722958,1.0,1.0
1520000.0,1.0,0.0,0.09682595204346145,1.0,1.0
1540000.0,1.0,0.0,0.09803539476013001,1.0,1.0
1560000.0,1.0,0.0,0.09924321790891123,1.0,1.0
1580000.0,1.0,0.0,0.10044942365857246,1.0,1.0
1600000.0,1.0,0.0,0.10165401417497698,1.0,1.0
1620000.0,1.0,0.0,0.10285699162108819,1.0,1.0
1640000.0,1.0,0.0,0.1040583581569724,1.0,1.0
1660000.0,1.0,0.0,0.10525811593980383,1.0,1.0
1680000.0,1.0,0.0,0.1064562671238678,1.0,1.0
1700000.0,1.0,0.0,0.10765281386056491,1.0,1.0
1720000.0,1.0,0.0,0.10884775829841487,1.0,1.0
1740000.0,1.0,0.0,0.11004110258306021,1.0,1.0
1760000.0,1.0,0.0,0.11123284885727025,1.0,1.0
1780000.0,1.0,0.0,0.1124229992609449,1.0,1.0
1800000.0,1.0,0.0,0.11361155593111849,1.0,1.0
1820000.0,1.0,0.0,0.11479852100196387,1.0,1.0
1840000.0,1.0,0.0,0.11598389660479558,1.0,1.0
1860000.0,1.0,0.0,0.11716768486807459,1.0,1.0
1880000.0,1.0,0.0,0.11834988791741131,1.0,1.0
1900000.0,1.0,0.0,0.11953050787556994,1.0,1.0
1920000.0,1.0,0.0,0.12070954686247193,1.0,1.0
1940000.0,1.0,0.0,0.12188700699520007,1.0,1.0
1960000.0,1.0,0.0,0.12306289038800189,1.0,1.0
1980000.0,1.0,0.0,0.12423719915229413,1.0,1.0
2000000.0,1.0,0.0,0.125409935396666,1.0,1.0
2020000.0,1.0,0.0,0.1265811012268827,1.0,1.0
2040000.0,1.0,0.0,0.12775069874589018,1.0,1.0
2060000.0,1.0,0.0,0.12891873005381804,1.0,1.0
2080000.0,1.0,0.0,0.1300851972479834,1.0,1.0
2100000.0,1.0,0.0,0.13125010242289525,1.0,1.0
2120000.0,1.0,0.0,0.13241344767025764,1.0,1.0
2140000.0,1.0,0.0,0.1335752350789735,1.0,1.0
2160000.0,1.0,0.0,0.1347354667351488,1.0,1.0
2180000.0,1.0,0.0,0.1358941447220956,1.0,1.0
2200000.0,1.0,0.0,0.13705127112033644,1.0,1.0
2220000.0,1.0,0.0,0.13820684800760796,1.0,1.0
2240000.0,1.0,0.0,0.13936087745886416,1.0,1.0
2260000.0,1.0,0.0,0.1405133615462807,1.0,1.0
2280000.0,1.0,0.0,0.1416643023392582,1.0,1.0
2300000.0,1.0,0.0,0.14281370190442644,1.0,1.0
2320000.0,1.0,0.0,0.1439615623056476,1.0,1.0
2340000.0,1.0,0.0,0.14510788560401988,1.0,1.0
2360000.0,1.0,0.0,0.146252673857882,1.0,1.0
2380000.0,1.0,0.0,0.14739592912281585,1.0,1.0
2400000.0,1.0,0.0,0.14853765345165093,1.0,1.0
2420000.0,1.0,0.0,0.14967784889446778,1.0,1.0
2440000.0,1.0,0.0,0.1508165174986016,1.0,1.0
2460000.0,1.0,0.0,0.15195366130864618,1.0,1.0
2480000.0,1.0,0.0,0.15308928236645702,1.0,1.0
2500000.0,1.0,0.0,0.15422338271115588,1.0,1.0
2520000.0,1.0,0.0,0.15535596437913346,1.0,1.0
2540000.0,1.0,0.0,0.15648702940405368,1.0,1.0
2560000.0,1.0,0.0,0.15761657981685728,1.0,1.0
2580000.0,1.0,0.0,0.1587446176457652,1.0,1.0
2600000.0,1.0,0.0,0.15987114491628263,1.0,1.0
2620000.0,1.0,0.0,0.16099616365120217,1.0,1.0
2640000.0,1.0,0.0,0.1621196758706076,1.0,1.0
2660000.0,1.0,0.0,0.16324168359187807,1.0,1.0
2680000.0,1.0,0.0,0.16436218882969067,1.0,1.0
2700000.0,1.0,0.0,0.16548119359602498,1.0,1.0
2720000.0,1.0,0.0,0.1665986999001664,1.0,1.0
2740000.0,1.0,0.0,0.1677147097487094,1.0,1.0
2760000.0,1.0,0.0,0.16882922514556153,1.0,1.0
2780000.0,1.0,0.0,0.16994224809194713,1.0,1.0
2800000.0,1.0,0.0,0.1710537805864103,1.0,1.0
2820000.0,1.0,0.0,0.17216382462481916,1.0,1.0
2840000.0,1.0,0.0,0.1732723822003691,1.0,1.0
2860000.0,1.0,0.0,0.17437945530358645,1.0,1.0
2880000.0,1.0,0.0,0.17548504592233194,1.0,1.0
2900000.0,1.0,0.0,0.17658915604180425,1.0,1.0
2920000.0,1.0,0.0,0.17769178764454396,1.0,1.0
2940000.0,1.0,0.0,0.17879294271043666,1.0,1.0
2960000.0,1.0,0.0,0.17989262321671662,1.0,1.0
2980000.0,1.0,0.0,0.18099083113797043,1.0,1.0
3000000.0,1.0,0.0,0.1820875684461406,1.0,1.0
3020000.0,1.0,0.0,0.18318283711052896,1.0,1.0
3040000.0,1.0,0.0,0.18427663909780012,1.0,1.0
3060000.0,1.0,0.0,0.18536897637198538,1.0,1.0
3080000.0,1.0,0.0,0.18645985089448558,1.0,1.0
3100000.0,1.0,0.0,0.18754926462407562,1.0,1.0
3120000.0,1.0,0.0,0.18863721951690682,1.0,1.0
3140000.0,1.0,0.0,0.1897237175265114,1.0,1.0
3160000.0,1.0,0.0,0.1908087606038055,1.0,1.0
3180000.0,1.0,0.0,0.19189235069709268,1.0,1.0
3200000.0,1.0,0.0,0.19297448975206766,1.0,1.0
3220000.0,1.0,0.0,0.19405517971181963,1.0,1.0
3240000.0,1.0,0.0,0.19513442251683577,1.0,1.0
3260000.0,1.0,0.0,0.1962122201050046,1.0,1.0
3280000.0,1.0,0.0,0.19728857441162007,1.0,1.0
3300000.0,1.0,0.0,0.19836348736938395,1.0,1.0
3320000.0,1.0,0.0,0.19943696090841048,1.0,1.0
3340000.0,1.0,0.0,0.2005089969562288,1.0,1.0
3360000.0,1.0,0.0,0.2015795974377873,1.0,1.0
3380000.0,1.0,0.0,0.20264876427545642,1.0,1.0
3400000.0,1.0,0.0,0.20371649938903244,1.0,1.0
3420000.0,1.0,0.0,0.20478280469574084,1.0,1.0
3440000.0,1.0,0.0,0.20584768211023974,1.0,1.0
3460000.0,1.0,0.0,0.20691113354462318,1.0,1.0
3480000.0,1.0,0.0,0.20797316090842488,1.0,1.0
3500000.0,1.0,0.0,0.20903376610862157,1.0,1.0
3520000.0,1.0,0.0,0.2100929510496362,1.0,1.0
3540000.0,1.0,0.0,0.21115071763334148,1.0,1.0
3560000.0,1.0,0.0,0.21220706775906342,1.0,1.0
3580000.0,1.0,0.0,0.21326200332358447,1.0,1.0
3600000.0,1.0,0.0,0.21431552622114733,1.0,1.0
3620000.0,1.0,0.0,0.21536763834345807,1.0,1.0
3640000.0,1.0,0.0,0.21641834157968934,1.0,1.0
3660000.0,1.0,0.0,0.21746763781648418,1.0,1.0
3680000.0,1.0,0.0,0.21851552893795934,1.0,1.0
3700000.0,1.0,0.0,0.21956201682570817,1.0,1.0
3720000.0,1.0,0.0,0.22060710335880473,1.0,1.0
3740000.0,1.0,0.0,0.22165079041380675,1.0,1.0
3760000.0,1.0,0.0,0.22269307986475884,1.0,1.0
3780000.0,1.0,0.0,0.22373397358319635,1.0,1.0
3800000.0,1.0,0.0,0.22477347343814824,1.0,1.0
3820000.0,1.0,0.0,0.22581158129614065,1.0,1.0
3840000.0,1.0,0.0,0.22684829902120052,1.0,1.0
3860000.0,1.0,0.0,0.22788362847485846,1.0,1.0
3880000.0,1.0,0.0,0.2289175715161521,1.0,1.0
3900000.0,1.0,0.0,0.22995013000163,1.0,1.0
3920000.0,1.0,0.0,0.23098130578535447,1.0,1.0
3940000.0,1.0,0.0,0.232011100718905,1.0,1.0
3960000.0,1.0,0.0,0.23303951665138156,1.0,1.0
3980000.0,1.0,0.0,0.23406655542940824,1.0,1.0
4000000.0,1.0,0.0,0.23509221889713608,1.0,1.0
4020000.0,1.0,0.0,0.23611650889624647,1.0,1.0
4040000.0,1.0,0.0,0.23713942726595513,1.0,1.0
4060000.0,1.0,0.0,0.23816097584301446,1.0,1.0
4080000.0,1.0,0.0,0.23918115646171723,1.0,1.0
4100000.0,1.0,0.0,0.2401999709539001,1.0,1.0
4120000.0,1.0,0.0,0.24121742114894684,1.0,1.0
4140000.0,1.0,0.0,0.24223350887379103,1.0,1.0
4160000.0,1.0,0.0,0.24324823595292014,1.0,1.0
4180000.0,0.9999999999999999,0.0,0.2442616042083783,0.9999999999999999,0.9999999999999999
4200000.0,0.9999999999999999,0.0,0.24527361545977008,0.9999999999999999,0.9999999999999999
4220000.0,0.9999999999999999,0.0,0.24628427152426288,0.9999999999999999,0.9999999999999999
4240000.0,0.9999999999999997,0.0,0.24729357421659123,0.9999999999999999,0.9999999999999997
4260000.0,0.9999999999999996,0.0,0.248301525349059,0.9999999999999996,0.9999999999999996
4280000.0,0.9999999999999994,0.0,0.24930812673154396,0.9999999999999993,0.9999999999999994
4300000.0,0.9999999999999991,0.0,0.2503133801714994,0.9999999999999991,0.9999999999999991
4320000.0,0.9999999999999988,0.0,0.2513172874739589,0.999999999999999,0.9999999999999988
4340000.0,0.9999999999999982,0.0,0.2523198504415385,0.9999999999999982,0.9999999999999982
4360000.0,0.9999999999999974,0.0,0.25332107087444067,0.9999999999999973,0.9999999999999974
4380000.0,0.9999999999999962,0.0,0.25432095057045695,0.9999999999999962,0.9999999999999962
4400000.0,0.9999999999999947,0.0,0.2553194913249716,0.9999999999999946,0.9999999999999947
4420000.0,0.9999999999999925,0.0,0.2563166949309646,0.9999999999999925,0.9999999999999925
4440000.0,0.9999999999999893,0.0,0.25731256317901513,0.9999999999999893,0.9999999999999893
4460000.0,0.9999999999999849,0.0,0.2583070978573041,0.9999999999999849,0.9999999999999849
4480000.0,0.9999999999999787,0.0,0.25930030075161814,0.9999999999999787,0.9999999999999787
4500000.0,0.99999999999997,0.0,0.2602921736453527,0.99999999999997,0.99999999999997
4520000.0,0.999999999999958,0.0,0.26128271831951455,0.999999999999958,0.999999999999958
4540000.0,0.9999999999999415,0.0,0.26227193655272574,0.9999999999999415,0.9999999999999415
4560000.0,0.9999999999999186,0.0,0.2632598301212263,0.9999999999999186,0.9999999999999186
4580000.0,0.9999999999998873,0.0,0.2642464007988776,0.9999999999998873,0.9999999999998873
4600000.0,0.9999999999998443,0.0,0.26523165035716534,0.9999999999998443,0.9999999999998443
4620000.0,0.9999999999997857,0.0,0.26621558056520267,0.9999999999997857,0.9999999999997857
4640000.0,0.9999999999997059,0.0,0.2671981931897337,0.9999999999997059,0.9999999999997059
4660000.0,0.9999999999995978,0.0,0.26817948999513563,0.9999999999995977,0.9999999999995978
4680000.0,0.9999999999994513,0.0,0.2691594727434228,0.9999999999994513,0.9999999999994513
4700000.0,0.9999999999992542,0.0,0.2701381431942488,0.9999999999992542,0.9999999999992542
4720000.0,0.9999999999989893,0.0,0.27111550310490995,0.9999999999989893,0.9999999999989893
4740000.0,0.9999999999986341,0.0,0.2720915542303474,0.9999999999986341,0.9999999999986341
4760000.0,0.9999999999981599,0.0,0.273066298323151,0.9999999999981599,0.9999999999981599
4780000.0,0.9999999999975283,0.0,0.2740397371335605,0.9999999999975283,0.9999999999975283
4800000.0,0.9999999999966898,0.0,0.27501187240946867,0.9999999999966898,0.9999999999966898
4820000.0,0.9999999999955794,0.0,0.2759827058964236,0.9999999999955794,0.9999999999955794
4840000.0,0.9999999999941135,0.0,0.27695223933763014,0.9999999999941135,0.9999999999941135
4860000.0,0.9999999999921837,0.0,0.27792047447395163,0.9999999999921837,0.9999999999921837
4880000.0,0.9999999999896504,0.0,0.27888741304391085,0.9999999999896504,0.9999999999896504
4900000.0,0.9999999999863338,0.0,0.2798530567836913,0.9999999999863338,0.9999999999863338
4920000.0,0.9999999999820038,0.0,0.280817407427136,0.9999999999820038,0.9999999999820038
4940000.0,0.9999999999763663,0.0,0.28178046670574736,0.9999999999763663,0.9999999999763663
4960000.0,0.999999999969046,0.0,0.28274223634868534,0.999999999969046,0.999999999969046
4980000.0,0.999999999959566,0.0,0.28370271808276337,0.9999999999595659,0.999999999959566
5000000.0,0.9999999999473211,0.0,0.2846619136324444,0.9999999999473211,0.9999999999473211
5020000.0,0.9999999999315466,0.0,0.2856198247198339,0.9999999999315466,0.9999999999315466
5040000.0,0.9999999999112772,0.0,0.2865764530646704,0.9999999999112772,0.9999999999112772
5060000.0,0.9999999998852988,0.0,0.2875318003843143,0.9999999998852988,0.9999999998852988
5080000.0,0.9999999998520871,0.0,0.28848586839373136,0.9999999998520871,0.9999999998520871
5100000.0,0.9999999998097348,0.0,0.28943865880547387,0.9999999998097348,0.9999999998097348
5120000.0,0.9999999997558593,0.0,0.29039017332965467,0.9999999997558592,0.9999999997558593
5140000.0,0.9999999996874936,0.0,0.29134041367391655,0.9999999996874936,0.9999999996874936
5160000.0,0.9999999996009511,0.0,0.29228938154339246,0.999999999600951,0.9999999996009511
5180000.0,0.9999999994916613,0.0,0.29323707864065807,0.9999999994916613,0.9999999994916613
5200000.0,0.9999999993539733,0.0,0.2941835066656719,0.9999999993539733,0.9999999993539733
5220000.0,0.9999999991809165,0.0,0.2951286673157028,0.9999999991809165,0.9999999991809165
5240000.0,0.9999999989639118,0.0,0.2960725622852422,0.9999999989639117,0.9999999989639118
5260000.0,0.9999999986924257,0.0,0.2970151932658961,0.9999999986924257,0.9999999986924257
5280000.0,0.9999999983535556,0.0,0.2979565619462556,0.9999999983535556,0.9999999983535556
5300000.0,0.9999999979315326,0.0,0.29889667001174014,0.9999999979315326,0.9999999979315326
5320000.0,0.9999999974071283,0.0,0.2998355191444102,0.9999999974071283,0.9999999974071283
5340000.0,0.9999999967569494,0.0,0.30077311102274135,0.9999999967569493,0.9999999967569494
5360000.0,0.9999999959525981,0.0,0.30170944732135513,0.9999999959525981,0.9999999959525981
5380000.0,0.9999999949596791,0.0,0.30264452971069766,0.999999994959679,0.9999999949596791
5400000.0,0.999999993736622,0.0,0.30357835985665893,0.999999993736622,0.999999993736622
5420000.0,0.9999999922332954,0.0,0.30451093942011936,0.9999999922332954,0.9999999922332954
5440000.0,0.999999990389373,0.0,0.30544227005641533,0.999999990389373,0.999999990389373
5460000.0,0.9999999881324149,0.0,0.30637235341470703,0.9999999881324149,0.9999999881324149
5480000.0,0.9999999853756182,0.0,0.3073011911372348,0.9999999853756182,0.9999999853756182
5500000.0,0.9999999820151874,0.0,0.30822878485844657,0.9999999820151874,0.9999999820151874
5520000.0,0.9999999779272647,0.0,0.3091551362039727,0.9999999779272646,0.9999999779272647
5540000.0,0.9999999729643553,0.0,0.3100802467894307,0.9999999729643552,0.9999999729643553
5560000.0,0.9999999669511742,0.0,0.311004118219028,0.9999999669511741,0.9999999669511742
5580000.0,0.9999999596798304,0.0,0.31192675208393617,0.9999999596798304,0.9999999596798304
5600000.0,0.9999999509042533,0.0,0.3128481499604025,0.9999999509042533,0.9999999509042533
5620000.0,0.9999999403337592,0.0,0.3137683134075615,0.9999999403337592,0.9999999403337592
5640000.0,0.999999927625636,0.0,0.31468724396490205,0.9999999276256359,0.999999927625636
5660000.0,0.999999912376618,0.0,0.31560494314934434,0.9999999123766179,0.999999912376618
5680000.0,0.9999998941131016,0.0,0.31652141245187326,0.9999998941131015,0.9999998941131016
5700000.0,0.9999998722799412,0.0,0.31743665333366716,0.9999998722799412,0.9999998722799412
5720000.0,0.9999998462276442,0.0,0.3183506672216577,0.999999846227644,0.9999998462276442
5740000.0,0.9999998151977637,0.0,0.31926345550344576,0.9999998151977637,0.9999998151977637
5760000.0,0.9999997783062743,0.0,0.32017501952149213,0.9999997783062742,0.9999997783062743
5780000.0,0.9999997345246825,0.0,0.32108536056649356,0.9999997345246827,0.9999997345246825
5800000.0,0.9999996826586113,0.0,0.321994479869844,0.9999996826586112,0.9999996826586113
5820000.0,0.9999996213235661,0.0,0.32290237859507115,0.9999996213235661,0.9999996213235661
5840000.0,0.9999995489175649,0.0,0.32380905782813,0.9999995489175648,0.9999995489175649
5860000.0,0.9999994635902861,0.0,0.3247145185664191,0.9999994635902861,0.9999994635902861
5880000.0,0.9999993632083608,0.0,0.32561876170637866,0.9999993632083608,0.9999993632083608
5900000.0,0.999999245316398,0.0,0.32652178802951165,0.999999245316398,0.999999245316398
5920000.0,0.9999991070933069,0.0,0.32742359818665817,0.9999991070933067,0.9999991070933069
5940000.0,0.9999989453034355,0.0,0.32832419268034035,0.9999989453034355,0.9999989453034355
5960000.0,0.999998756242021,0.0,0.3292235718449738,0.999998756242021,0.999998756242021
5980000.0,0.9999985356743974,0.0,0.3301217358247343,0.9999985356743974,0.9999985356743974
6000000.0,0.9999982787683769,0.0,0.3310186845488449,0.9999982787683769,0.9999982787683769
6020000.0,0.9999979800191768,0.0,0.33191441770403485,0.9999979800191767,0.9999979800191768
6040000.0,0.9999976331662269,0.0,0.3328089347039044,0.9999976331662269,0.9999976331662269
6060000.0,0.9999972311011477,0.0,0.3337022346549081,0.9999972311011479,0.9999972311011477
6080000.0,0.9999967657661504,0.0,0.33459431631865566,0.9999967657661504,0.9999967657661504
6100000.0,0.9999962280420694,0.0,0.33548517807020534,0.9999962280420694,0.9999962280420694
6120000.0,0.9999956076251939,0.0,0.336374817852008,0.9999956076251939,0.9999956076251939
6140000.0,0.9999948928920255,0.0,0.337263233123143,0.9999948928920255,0.9999948928920255
6160000.0,0.99999407075105,0.0,0.33815042080346175,0.99999407075105,0.99999407075105
6180000.0,0.9999931264805711,0.0,0.33903637721224184,0.9999931264805711,0.9999931264805711
6200000.0,0.999992043551618,0.0,0.3399210980009305,0.999992043551618,0.999992043551618
6220000.0,0.9999908034349015,0.0,0.34080457807954356,0.9999908034349015,0.9999908034349015
6240000.0,0.999989385390766,0.0,0.34168681153626074,0.999989385390766,0.999989385390766
6260000.0,0.9999877662410493,0.0,0.342567791549749,0.9999877662410493,0.9999877662410493
6280000.0,0.9999859201217429,0.0,0.34344751029372367,0.9999859201217429,0.9999859201217429
6300000.0,0.9999838182153179,0.0,0.34432595883324707,0.9999838182153178,0.9999838182153179
6320000.0,0.9999814284615713,0.0,0.3452031270122481,0.9999814284615712,0.9999814284615713
6340000.0,0.9999787152458334,0.0,0.3460790033317358,0.9999787152458334,0.9999787152458334
6360000.0,0.9999756390633705,0.0,0.34695357481817346,0.9999756390633705,0.9999756390633705
6380000.0,0.9999721561588228,0.0,0.34782682688146865,0.9999721561588228,0.9999721561588228
6400000.0,0.9999682181395231,0.0,0.3486987431620336,0.9999682181395231,0.9999682181395231
6420000.0,0.9999637715615605,0.0,0.349569305366367,0.9999637715615605,0.9999637715615605
6440000.0,0.999958757487477,0.0,0.35043849309061165,0.9999587574874769,0.999958757487477
6460000.0,0.9999531110145214,0.0,0.3513062836315468,0.9999531110145214,0.9999531110145214
6480000.0,0.9999467607724274,0.0,0.3521726517844826,0.9999467607724276,0.9999467607724274
6500000.0,0.9999396283897366,0.0,0.3530375696275374,0.9999396283897366,0.9999396283897366
6520000.0,0.9999316279277546,0.0,0.35390100629179616,0.9999316279277545,0.9999316279277546
6540000.0,0.9999226652813031,0.0,0.3547629277168702,0.9999226652813031,0.9999226652813031
6560000.0,0.9999126375455176,0.0,0.35562329639140217,0.9999126375455176,0.9999126375455176
6580000.0,0.9999014323480432,0.0,0.3564820710780977,0.9999014323480431,0.9999014323480432
6600000.0,0.9998889271460915,0.0,0.3573392065228948,0.9998889271460917,0.9998889271460915
6620000.0,0.9998749884879472,0.0,0.3581946531479291,0.9998749884879472,0.9998749884879472
6640000.0,0.9998594712386502,0.0,0.3590483567279994,0.9998594712386502,0.9998594712386502
6660000.0,0.9998422177697313,0.0,0.3599002580502913,0.9998422177697311,0.9998422177697313
6680000.0,0.9998230571130415,0.0,0.3607502925571761,0.9998230571130415,0.9998230571130415
6700000.0,0.9998018040788934,0.0,0.3615983899719663,0.9998018040788936,0.9998018040788934
6720000.0,0.9997782583389183,0.0,0.3624444739075831,0.9997782583389183,0.9997782583389183
6740000.0,0.9997522034742524,0.0,0.3632884614581653,0.9997522034742524,0.9997522034742524
6760000.0,0.9997234059898668,0.0,0.3641302627737332,0.9997234059898668,0.9997234059898668
6780000.0,0.9996916142960934,0.0,0.3649697806181099,0.9996916142960937,0.9996916142960934
6800000.0,0.9996565576586268,0.0,0.3658069099103978,0.9996565576586268,0.9996565576586268
6820000.0,0.999617945118529,0.0,0.36664153725040427,0.999617945118529,0.999617945118529
6840000.0,0.9995754643840218,0.0,0.3674735404285213,0.9995754643840218,0.9995754643840218
6860000.0,0.9995287806961134,0.0,0.368302787920668,0.9995287806961133,0.9995287806961134
6880000.0,0.9994775356703746,0.0,0.3691291383690236,0.9994775356703746,0.9994775356703746
6900000.0,0.999421346117459,0.0,0.36995244004939565,0.999421346117459,0.999421346117459
6920000.0,0.999359802845242,0.0,0.37077253032618984,0.999359802845242,0.999359802845242
6940000.0,0.9992924694457345,0.0,0.37158923509607494,0.9992924694457344,0.9992924694457345
6960000.0,0.9992188810702198,0.0,0.3724023682215639,0.9992188810702198,0.9992188810702198
6980000.0,0.9991385431963401,0.0,0.373211730955863,0.9991385431963401,0.9991385431963401
7000000.0,0.9990509303911472,0.0,0.3740171113604701,0.9990509303911472,0.9990509303911472
7020000.0,0.9989554850744158,0.0,0.374818283717141,0.9989554850744158,0.9989554850744158
7040000.0,0.998851616286784,0.0,0.3756150079359666,0.9988516162867842,0.998851616286784
7060000.0,0.9987386984675631,0.0,0.3764070289614464,0.9987386984675631,0.9987386984675631
7080000.0,0.9986160702473124,0.0,0.37719407617856054,0.9986160702473124,0.9986160702473124
7100000.0,0.9984830332605191,0.0,0.37797586282097967,0.9984830332605191,0.9984830332605191
7120000.0,0.998338850983967,0.0,0.37875208538367383,0.998338850983967,0.998338850983967
7140000.0,0.9981827476065848,0.0,0.3795224230422952,0.9981827476065848,0.9981827476065848
7160000.0,0.9980139069367726,0.0,0.3802865370818321,0.9980139069367726,0.9980139069367726
7180000.0,0.9978314713533873,0.0,0.3810440703371319,0.9978314713533873,0.9978314713533873
7200000.0,0.9976345408067213,0.0,0.38179464664799945,0.9976345408067213,0.9976345408067213
7220000.0,0.9974221718759534,0.0,0.38253787033166126,0.9974221718759534,0.9974221718759534
7240000.0,0.997193376889657,0.0,0.3832733256754776,0.997193376889657,0.997193376889657
7260000.0,0.996947123116037,0.0,0.38400057645285546,0.996947123116037,0.996947123116037
7280000.0,0.9966823320296199,0.0,0.3847191654653767,0.9966823320296199,0.9966823320296199
7300000.0,0.9963978786611531,0.0,0.3854286141142134,0.9963978786611531,0.9963978786611531
7320000.0,0.9960925910374565,0.0,0.38612842200393444,0.9960925910374565,0.9960925910374565
7340000.0,0.9957652497179295,0.0,0.3868180665818395,0.9957652497179295,0.9957652497179295
7360000.0,0.9954145874343541,0.0,0.3874970028159673,0.9954145874343541,0.9954145874343541
7380000.0,0.9950392888405085,0.0,0.38816466291492135,0.9950392888405085,0.9950392888405085
7400000.0,0.9946379903779791,0.0,0.3888204560926426,0.9946379903779791,0.9946379903779791
7420000.0,0.9942092802643618,0.0,0.38946376838122154,0.9942092802643621,0.9942092802643618
7440000.0,0.9937516986098396,0.0,0.39009396249479783,0.9937516986098396,0.9937516986098396
7460000.0,0.9932637376678577,0.0,0.3907103777475291,0.9932637376678576,0.9932637376678577
7480000.0,0.9927438422253333,0.0,0.3913123300285246,0.9927438422253333,0.9927438422253333
7500000.0,0.992190410137505,0.0,0.3918991118365515,0.992190410137505,0.992190410137505
7520000.0,0.9916017930121583,0.0,0.392469992377191,0.9916017930121583,0.9916017930121583
7540000.0,0.9909762970475806,0.0,0.3930242177250057,0.9909762970475806,0.9909762970475806
7560000.0,0.990312184028137,0.0,0.39356101105311597,0.990312184028137,0.990312184028137
7580000.0,0.9896076724809184,0.0,0.3940795729324288,0.9896076724809184,0.9896076724809184
7600000.0,0.9888609389963989,0.0,0.394579081702573,0.9888609389963989,0.9888609389963989
7620000.0,0.9880701197155111,0.0,0.3950586939164029,0.9880701197155111,0.9880701197155111
7640000.0,0.9872333119849958,0.0,0.3955175448597156,0.9872333119849956,0.9872333119849958
7660000.0,0.9863485761822952,0.0,0.395954749147602,0.9863485761822952,0.9863485761822952
7680000.0,0.985413937710652,0.0,0.39636940139861043,0.985413937710652,0.985413937710652
7700000.0,0.9844273891644495,0.0,0.3967605769876475,0.9844273891644495,0.9844273891644495
7720000.0,0.9833868926641803,0.0,0.39712733287827423,0.9833868926641803,0.9833868926641803
7740000.0,0.9822903823597644,0.0,0.3974687085347792,0.9822903823597643,0.9822903823597644
7760000.0,0.9811357671002677,0.0,0.3977837269141214,0.9811357671002677,0.9811357671002677
7780000.0,0.9799209332673843,0.0,0.3980713955375448,0.9799209332673843,0.9799209332673843
7800000.0,0.9786437477693489,0.0,0.39833070764135525,0.9786437477693489,0.9786437477693489
7820000.0,0.9773020611912592,0.0,0.39856064340604946,0.9773020611912591,0.9773020611912592
7840000.0,0.9758937110970933,0.0,0.39876017126266905,0.9758937110970933,0.9758937110970933
7860000.0,0.9744165254779931,0.0,0.3989282492749273,0.9744165254779931,0.9744165254779931
7880000.0,0.9728683263407492,0.0,0.3990638265953555,0.9728683263407492,0.9728683263407492
7900000.0,0.9712469334296976,0.0,0.39916584499337804,0.9712469334296976,0.9712469334296976
7920000.0,0.9695501680746027,0.0,0.3992332404529131,0.9695501680746026,0.9695501680746027
7940000.0,0.967775857156485,0.0,0.39926494483679625,0.967775857156485,0.967775857156485
7960000.0,0.9659218371826692,0.0,0.3992598876149807,0.9659218371826692,0.9659218371826692
7980000.0,0.963985958461804,0.0,0.3992169976532023,0.963985958461804,0.963985958461804
8000000.0,0.9619660893689904,0.0,0.39913520505847194,0.9619660893689903,0.9619660893689904
8020000.0,0.9598601206906231,0.0,0.39901344307747855,0.9598601206906231,0.9598601206906231
8040000.0,0.9576659700380772,0.0,0.39885065004372156,0.9576659700380772,0.9576659700380772
8060000.0,0.9553815863188709,0.0,0.39864577136890594,0.9553815863188709,0.9553815863188709
8080000.0,0.9530049542535179,0.0,0.3983977615738966,0.9530049542535179,0.9530049542535179
8100000.0,0.9505340989259283,0.0,0.398105586354296,0.9505340989259283,0.9505340989259283
8120000.0,0.9479670903548179,0.0,0.39776822467546946,0.9479670903548179,0.9479670903548179
8140000.0,0.9453020480733455,0.0,0.3973846708916627,0.9453020480733454,0.9453020480733455
8160000.0,0.942537145703945,0.0,0.39695393688366853,0.942537145703945,0.942537145703945
8180000.0,0.9396706155150618,0.0,0.39647505420931295,0.9396706155150618,0.9396706155150618
8200000.0,0.9367007529464728,0.0,0.3959470762609325,0.9367007529464728,0.9367007529464728
8220000.0,0.9336259210896451,0.0,0.39536908042384195,0.9336259210896451,0.9336259210896451
8240000.0,0.9304445551096585,0.0,0.39474017022973773,0.9304445551096585,0.9304445551096585
8260000.0,0.9271551665951613,0.0,0.3940594774988748,0.9271551665951613,0.9271551665951613
8280000.0,0.9237563478229447,0.0,0.3933261644648267,0.9237563478229447,0.9237563478229447
8300000.0,0.9202467759237726,0.0,0.39253942587557766,0.9202467759237726,0.9202467759237726
8320000.0,0.9166252169363949,0.0,0.39169849106474125,0.9166252169363949,0.9166252169363949
8340000.0,0.9128905297367544,0.0,0.39080262598665994,0.9128905297367544,0.9128905297367544
8360000.0,0.9090416698298247,0.0,0.38985113520924286,0.9090416698298247,0.9090416698298247
8380000.0,0.9050776929917195,0.0,0.38884336385842005,0.9050776929917195,0.9050776929917195
8400000.0,0.9009977587501925,0.0,0.38777869950821714,0.9009977587501924,0.9009977587501925
8420000.0,0.8968011336920128,0.0,0.38665657401055537,0.8968011336920128,0.8968011336920128
8440000.0,0.8924871945862283,0.0,0.3854764652590334,0.8924871945862283,0.8924871945862283
8460000.0,0.8880554313127971,0.0,0.3842378988810946,0.8880554313127971,0.8880554313127971
8480000.0,0.8835054495866583,0.0,0.38294044985318054,0.8835054495866583,0.8835054495866583
8500000.0,0.8788369734679399,0.0,0.38158374403368817,0.8788369734679399,0.8788369734679399
8520000.0,0.8740498476495838,0.0,0.3801674596087481,0.8740498476495837,0.8740498476495838
8540000.0,0.8691440395143618,0.0,0.37869132844610454,0.8691440395143618,0.8691440395143618
8560000.0,0.8641196409540435,0.0,0.3771551373526701,0.8641196409540435,0.8641196409540435
8580000.0,0.858976869944002,0.0,0.3755587292315298,0.858976869944002,0.858976869944002
8600000.0,0.8537160718676058,0.0,0.3739020041345915,0.8537160718676058,0.8537160718676058
8620000.0,0.8483377205851768,0.0,0.37218492020725047,0.8483377205851766,0.8483377205851768
8640000.0,0.8428424192434059,0.0,0.3704074945218961,0.8428424192434059,0.8428424192434059
8660000.0,0.8372309008217091,0.0,0.3685698037973298,0.8372309008217091,0.8372309008217091
8680000.0,0.8315040284129498,0.0,0.36667198500157044,0.8315040284129498,0.8315040284129498
8700000.0,0.8256627952367207,0.0,0.36471423583584994,0.8256627952367206,0.8256627952367207
8720000.0,0.8197083243842609,0.0,0.36269681509799084,0.8197083243842609,0.8197083243842609
8740000.0,0.8136418682948579,0.0,0.36062004292370387,0.8136418682948579,0.8136418682948579
8760000.0,0.8074648079644895,0.0,0.35848430090474964,0.8074648079644895,0.8074648079644895
8780000.0,0.8011786518882453,0.0,0.35629003208326937,0.8011786518882453,0.8011786518882453
8800000.0,0.7947850347388389,0.0,0.3540377408219534,0.7947850347388389,0.7947850347388389
8820000.0,0.788285715784439,0.0,0.35172799255014303,0.788285715784439,0.788285715784439
8840000.0,0.7816825770497495,0.0,0.3493614133863019,0.7816825770497495,0.7816825770497495
8860000.0,0.7749776212249906,0.0,0.3469386896376464,0.7749776212249906,0.7749776212249906
8880000.0,0.7681729693283443,0.0,0.34446056717817247,0.7681729693283443,0.7681729693283443
8900000.0,0.7612708581279836,0.0,0.3419278507065967,0.7612708581279836,0.7612708581279836
8920000.0,0.7542736373305715,0.0,0.339341402886126,0.7542736373305715,0.7542736373305715
8940000.0,0.7471837665437501,0.0,0.3367021433682963,0.7471837665437501,0.7471837665437501
8960000.0,0.7400038120208381,0.0,0.3340110477034941,0.7400038120208381,0.7400038120208381
8980000.0,0.7327364431964252,0.0,0.33126914614103,0.7327364431964252,0.7327364431964252
9000000.0,0.7253844290222767,0.0,0.3284775223220322,0.7253844290222767,0.7253844290222767
9020000.0,0.7179506341133022,0.0,0.32563731186863015,0.7179506341133022,0.7179506341133022
9040000.0,0.7104380147139809,0.0,0.3227497008732606,0.7104380147139809,0.7104380147139809
9060000.0,0.7028496144959566,0.0,0.3198159242921353,0.7028496144959566,0.7028496144959566
9080000.0,0.6951885601980082,0.0,0.31683726424720005,0.6951885601980082,0.6951885601980082
9100000.0,0.6874580571199385,0.0,0.31381504824114326,0.6874580571199385,0.6874580571199385
9120000.0,0.679661384482082,0.0,0.3107506472901517,0.679661384482082,0.679661384482082
9140000.0,0.6718018906627502,0.0,0.3076454739794646,0.6718018906627502,0.6718018906627502
9160000.0,0.6638829883256958,0.0,0.30450098044674995,0.6638829883256958,0.6638829883256958
9180000.0,0.655908149450301,0.0,0.3013186562986762,0.655908149450301,0.655908149450301
9200000.0,0.6478809002769992,0.0,0.2981000264660505,0.6478809002769992,0.6478809002769992
9220000.0,0.6398048161806946,0.0,0.29484664900307533,0.6398048161806946,0.6398048161806946
9240000.0,0.6316835164849756,0.0,0.2915601128363753,0.6316835164849756,0.6316835164849756
9260000.0,0.6235206592298453,0.0,0.2882420354694799,0.6235206592298453,0.6235206592298453
9280000.0,0.6153199359057313,0.0,0.2848940606485466,0.6153199359057313,0.6153199359057313
9300000.0,0.6070850661664606,0.0,0.2815178559951432,0.6070850661664606,0.6070850661664606
9320000.0,0.5988197925336689,0.0,0.27811511061188426,0.5988197925336689,0.5988197925336689
9340000.0,0.5905278751050356,0.0,0.2746875326667498,0.5905278751050356,0.5905278751050356
9360000.0,0.5822130862785764,0.0,0.27123684696191047,0.5822130862785764,0.5822130862785764
9380000.0,0.5738792055048633,0.0,0.26776479249278984,0.5738792055048633,0.5738792055048633
9400000.0,0.5655300140788728,0.0,0.26427312000307107,0.5655300140788728,0.5655300140788728
9420000.0,0.5571692899828549,0.0,0.26076358954129014,0.5571692899828549,0.5571692899828549
9440000.0,0.5488008027912729,0.0,0.25723796802454957,0.5488008027912729,0.5488008027912729
9460000.0,0.5404283086484325,0.0,0.2536980268147515,0.5404283086484325,0.5404283086484325
9480000.0,0.5320555453292044,0.0,0.25014553931270544,0.5320555453292044,0.5320555453292044
9500000.0,0.5236862273926228,0.0,0.24658227857522602,0.5236862273926228,0.5236862273926228
9520000.0,0.5153240414379023,0.0,0.24301001496028357,0.5153240414379023,0.5153240414379023
9540000.0,0.5069726414718235,0.0,0.23943051380503422,0.5069726414718235,0.5069726414718235
9560000.0,0.4986356443960468,0.0,0.23584553314142231,0.4986356443960468,0.4986356443960468
9580000.0,0.49031662562232814,0.0,0.2322568214538171,0.49031662562232814,0.49031662562232814
9600000.0,0.48201911482327886,0.0,0.22866611548302584,0.48201911482327886,0.48201911482327886
9620000.0,0.4737465918256477,0.0,0.2250751380807524,0.4737465918256477,0.4737465918256477
9640000.0,0.4655024826525258,0.0,0.2214855961183313,0.4655024826525258,0.4655024826525258
9660000.0,0.4572901557206369,0.0,0.21789917845348084,0.4572901557206369,0.4572901557206369
9680000.0,0.44911291819800025,0.0,0.21431755395844,0.44911291819800025,0.44911291819800025
9700000.0,0.440974012526843,0.0,0.21074236961267367,0.440974012526843,0.440974012526843
9720000.0,0.43287661311628245,0.0,0.20717524866318926,0.43287661311628245,0.43287661311628245
9740000.0,0.4248238232083227,0.0,0.2036177888550602,0.4248238232083227,0.4248238232083227
9760000.0,0.416818671920689,0.0,0.2000715607347524,0.416818671920689,0.416818671920689
9780000.0,0.40886411146908586,0.0,0.1965381060284187,0.40886411146908586,0.40886411146908586
9800000.0,0.40096301457107675,0.0,0.19301893609714804,0.40096301457107675,0.40096301457107675
9820000.0,0.39311817203339516,0.0,0.1895155304709737,0.39311817203339516,0.39311817203339516
9840000.0,0.38533229052369156,0.0,0.18602933546306488,0.38533229052369156,0.38533229052369156
9860000.0,0.37760799052751093,0.0,0.18256176286542214,0.37760799052751093,0.37760799052751093
9880000.0,0.36994780449064213,0.0,0.17911418872708407,0.36994780449064213,0.36994780449064213
9900000.0,0.36235417514653334,0.0,0.17568795221562494,0.36235417514653334,0.36235417514653334
9920000.0,0.3548294540280017,0.0,0.1722843545624987,0.3548294540280017,0.3548294540280017
9940000.0,0.3473759001620901,0.0,0.1689046580925867,0.3473759001620901,0.3473759001620901
9960000.0,0.3399956789463974,0.0,0.16555008533804083,0.3399956789463974,0.3399956789463974
9980000.0,0.3326908612048144,0.0,0.16222181823630966,0.3326908612048144,0.3326908612048144
10000000.0,0.32546342242031234,0.0,0.15892099741207355,0.32546342242031234,0.32546342242031234
10020000.0,0.3183152421418899,0.0,0.15564872154254372,0.3183152421418899,0.3183152421418899
10040000.0,0.3112481035625243,0.0,0.1524060468054187,0.3112481035625243,0.3112481035625243
10060000.0,0.3042636932646954,0.0,0.149193986408645,0.3042636932646954,0.3042636932646954
10080000.0,0.2973636011295866,0.0,0.1460135102008725,0.2973636011295866,0.2973636011295866
10100000.0,0.29054932040590664,0.0,0.1428655443613911,0.29054932040590664,0.29054932040590664
10120000.0,0.283822247933906,0.0,0.13975097116812774,0.283822247933906,0.283822247933906
10140000.0,0.2771836845200343,0.0,0.1366706288421906,0.2771836845200343,0.2771836845200343
10160000.0,0.27063483545730704,0.0,0.133625311467236,0.27063483545730704,0.27063483545730704
10180000.0,0.2641768111863616,0.0,0.13061576898185012,0.2641768111863616,0.2641768111863616
10200000.0,0.25781062809193966,0.0,0.12764270724299842,0.25781062809193966,0.25781062809193966
10220000.0,0.2515372094293755,0.0,0.12470678815847691,0.2515372094293755,0.2515372094293755
10240000.0,0.2453573863755475,0.0,0.12180862988620833,0.24535738637554738,0.2453573863755475
10260000.0,0.2392718991985644,0.0,0.11894880709810185,0.2392718991985644,0.2392718991985644
10280000.0,0.2332813985404838,0.0,0.11612785130617598,0.2332813985404838,0.2332813985404838
10300000.0,0.22738644680710418,0.0,0.11334625124847497,0.2273864468071044,0.22738644680710418
10320000.0,0.22158751965894907,0.0,0.11060445333232183,0.22158751965894896,0.22158751965894907
10340000.0,0.21588500759744655,0.0,0.10790286213235734,0.21588500759744655,0.21588500759744655
10360000.0,0.21027921764030566,0.0,0.10524184094077327,0.21027921764030555,0.21027921764030566
10380000.0,0.20477037508006735,0.0,0.10262171236710727,0.20477037508006735,0.20477037508006735
10400000.0,0.19935862531978998,0.0,0.10004275898492487,0.19935862531978998,0.19935862531978998
10420000.0,0.19404403577997753,0.0,0.09750522402274708,0.19404403577997753,0.19404403577997753
10440000.0,0.18882659787068534,1.1102230246251565e-16,0.0950093120964689,0.18882659787068534,0.18882659787068534
10460000.0,0.18370622902298128,1.1102230246251565e-16,0.09255518998060197,0.18370622902298128,0.18370622902298128
10480000.0,0.17868277477393257,0.0,0.09014298741563032,0.17868277477393257,0.17868277477393257
10500000.0,0.17375601089934445,-1.1102230246251565e-16,0.08777279794877602,0.17375601089934445,0.17375601089934445
10520000.0,0.16892564558862222,2.220446049250313e-16,0.08544467980550374,0.16892564558862222,0.16892564558862222
10540000.0,0.16419132165622008,1.1102230246251565e-16,0.08315865678911438,0.16419132165621986,0.16419132165621986
10560000.0,0.1595526187841998,3.3306690738754696e-16,0.08091471920577409,0.1595526187841998,0.1595526187841998
10580000.0,0.15500905579065805,-1.1102230246251565e-16,0.0787128248124197,0.15500905579065805,0.15500905579065805
10600000.0,0.15056009291880257,0.0,0.07655289978495883,0.15056009291880257,0.15056009291880257
10620000.0,0.14620513414167646,3.3306690738754696e-16,0.07443483970427212,0.14620513414167635,0.14620513414167646
10640000.0,0.14194352947764954,2.220446049250313e-16,0.07235851055755327,0.14194352947764954,0.14194352947764954
10660000.0,0.13777457731196907,0.0,0.07032374975259148,0.13777457731196907,0.13777457731196907
10680000.0,0.1336975267197832,1.1102230246251565e-16,0.0683303671426333,0.1336975267197832,0.1336975267197832
10700000.0,0.1297115797863252,3.3306690738754696e-16,0.06637814605957804,0.1297115797863252,0.1297115797863252
10720000.0,0.12581589391995796,6.661338147750939e-16,0.06446684435324923,0.12581589391995796,0.12581589391995796
10740000.0,0.12200958415413465,3.3306690738754696e-16,0.06259619543463646,0.12200958415413454,0.12200958415413465
10760000.0,0.11829172543435551,4.440892098500626e-16,0.06076590932100212,0.1182917254343554,0.11829172543435551
10780000.0,0.11466135488651741,8.881784197001252e-16,0.0589756736808873,0.1146613548865173,0.11466135488651741
10800000.0,0.11111747406309869,9.992007221626409e-16,0.057225154877053375,0.11111747406309858,0.11111747406309869
10820000.0,0.10765905116398644,1.2212453270876722e-15,0.05551399900557441,0.10765905116398644,0.10765905116398644
10840000.0,0.10428502322872668,2.220446049250313e-15,0.05384183292925426,0.10428502322872668,0.10428502322872668
10860000.0,0.1009942982973735,2.4424906541753444e-15,0.05220826530374301,0.1009942982973735,0.1009942982973735
10880000.0,0.09778575753713026,2.9976021664879227e-15,0.050612887594711276,0.09778575753713026,0.09778575753713026
10900000.0,0.09465825733230415,3.774758283725532e-15,0.04905527508460683,0.09465825733230415,0.09465825733230415
10920000.0,0.09161063133512137,4.773959005888173e-15,0.047534987867512646,0.09161063133512137,0.09161063133512137
10940000.0,0.0886416924753245,6.217248937900877e-15,0.046051571830813876,0.08864169247532461,0.08864169247532461
10960000.0,0.08575023492646061,7.771561172376096e-15,0.044604559622356654,0.08575023492646072,0.08575023492646072
10980000.0,0.08293503602708063,9.658940314238862e-15,0.04319347160194875,0.08293503602708063,0.08293503602708074
11000000.0,0.08019485815518823,1.2101430968414206e-14,0.041817816776087535,0.08019485815518801,0.08019485815518801
11020000.0,0.07752845055444357,1.5432100042289676e-14,0.04047709371489594,0.07752845055444335,0.07752845055444335
11040000.0,0.07493455111082004,1.9317880628477724e-14,0.03917079145033342,0.07493455111082004,0.07493455111082004
11060000.0,0.07241188807855226,2.4091839634365897e-14,0.037898390354816236,0.07241188807855214,0.07241188807855226
11080000.0,0.06995918175437088,3.0309088572266774e-14,0.03665936299946959,0.06995918175437066,0.06995918175437066
11100000.0,0.06757514609918602,3.774758283725532e-14,0.035453174991298964,0.06757514609918602,0.06757514609918602
11120000.0,0.06525849030651543,4.696243394164412e-14,0.03427928578865613,0.06525849030651543,0.06525849030651543
11140000.0,0.06300792031710778,5.873079800267078e-14,0.03313714949443658,0.06300792031710778,0.06300792031710778
11160000.0,0.060822140279334524,7.260858581048524e-14,0.032026215626524746,0.060822140279334524,0.060822140279334524
11180000.0,0.05869985395506949,9.00390872971002e-14,0.030945929865062727,0.05869985395506949,0.05869985395506949
11200000.0,0.056639766070901265,1.1102230246251565e-13,0.029895734776198668,0.056639766070901265,0.056639766070901265
11220000.0,0.05464058361462476,1.3744561044859438e-13,0.028875070512018874,0.05464058361462476,0.05464058361462476
11240000.0,0.052701017077089185,1.6930901125533637e-13,0.02788337548643327,0.052701017077089185,0.052701017077089185
11260000.0,0.05081978163961942,2.0838886172214188e-13,0.026920087026876094,0.0508197816396192,0.0508197816396192
11280000.0,0.0489955983072512,2.55351295663786e-13,0.025984642001674163,0.0489955983072512,0.0489955983072512
11300000.0,0.04722719498820571,3.1319391524675666e-13,0.025076477423060184,0.04722719498820571,0.04722719498820571
11320000.0,0.04551330752007665,3.829159211932165e-13,0.024195031025820324,0.04551330752007665,0.04551330752007665
11340000.0,0.04385268064327974,4.672928710647284e-13,0.0233397418216178,0.04385268064327974,0.04385268064327974
11360000.0,0.042244068922441924,5.693223670277803e-13,0.022510050629106382,0.04224406892244181,0.042244068922441924
11380000.0,0.040686237616437526,6.925571227611726e-13,0.02170540057996173,0.040686237616437526,0.040686237616437526
11400000.0,0.03917796349786418,8.40771896548631e-13,0.020925237601017943,0.03917796349786429,0.03917796349786429
11420000.0,0.0377180356228356,1.018407580488656e-12,0.020169010872741144,0.03771803562283549,0.0377180356228356
11440000.0,0.03630525605200663,1.2317924458216112e-12,0.019436173264300027,0.03630525605200663,0.03630525605200663
11460000.0,0.034938440523788805,1.4872547637878597e-12,0.018726181745518877,0.034938440523788805,0.034938440523788805
11480000.0,0.03361641908081037,1.7922330286523902e-12,0.018038497776063478,0.03361641908081037,0.03361641908081037
11500000.0,0.03233803665067325,2.156275158426979e-12,0.017372587672207285,0.03233803665067325,0.03233803665067325
11520000.0,0.031102153582113767,2.5895952049381776e-12,0.016727922951565777,0.031102153582113767,0.03110215358211388
11540000.0,0.029907646137732224,3.1041835768519377e-12,0.01610398065622254,0.029907646137732002,0.029907646137732002
11560000.0,0.02875340694444961,3.715028285000699e-12,0.015500243654679169,0.02875340694444961,0.02875340694444961
11580000.0,0.02763834540290011,4.438005518636601e-12,0.01491620092308188,0.02763834540290011,0.02763834540290011
11600000.0,0.026561388056995705,5.292766225295509e-12,0.014351347806220716,0.026561388056995483,0.026561388056995483
11620000.0,0.02552147892489043,6.301070776260076e-12,0.013805186258774915,0.02552147892489043,0.02552147892489043
11640000.0,0.024517579792617816,7.488787368004068e-12,0.013277225067331755,0.024517579792617927,0.024517579792617927
11660000.0,0.023548670471671196,8.885336910680053e-12,0.012766980053696031,0.023548670471670974,0.023548670471670974
11680000.0,0.02261374902178903,1.0523693028119396e-11,0.012273974260021081,0.02261374902178903,0.02261374902178903
11700000.0,0.021711831940255832,1.2444378860720917e-11,0.011797738116313572,0.021711831940255943,0.021711831940255943
11720000.0,0.02084195431897551,1.4690137994932684e-11,0.011337809590857284,0.020841954318975398,0.02084195431897551
11740000.0,0.020003169970616352,1.7312151712189916e-11,0.01089373432411822,0.020003169970616352,0.020003169970616352
11760000.0,0.019194551525096304,2.036804058747066e-11,0.010465065746689262,0.019194551525096193,0.019194551525096304
11780000.0,0.018415190497686695,2.3923751868437648e-11,0.010051365181846905,0.018415190497686695,0.018415190497686695
11800000.0,0.017664197329983256,2.8054003564648156e-11,0.009652201933276539,0.017664197329983033,0.017664197329983033
11820000.0,0.01694070140500592,3.2843616715183543e-11,0.009267153358545555,0.01694070140500592,0.01694070140500603
11840000.0,0.016243851037652024,3.838795947785911e-11,0.008895804928877538,0.016243851037652135,0.016243851037652135
11860000.0,0.015572813441727007,4.4795167575273354e-11,0.008537750275807499,0.015572813441727007,0.015572813441727007
11880000.0,0.01492677467474679,5.218714349553011e-11,0.008192591225259171,0.01492677467474679,0.01492677467474679
11900000.0,0.014304939561699204,6.070133284907797e-11,0.00785993781961769,0.014304939561699204,0.014304939561699204
11920000.0,0.013706531598915994,7.049172356943245e-11,0.007539408328336217,0.013706531598915994,0.013706531598915994
11940000.0,0.013130792839199823,8.173051124771291e-11,0.007230629247627518,0.013130792839199823,0.013130792839199823
11960000.0,0.012576983759311378,9.461087469020413e-11,0.006933235289774076,0.012576983759311378,0.012576983759311378
11980000.0,0.012044383110910495,1.0934830818598584e-10,0.006646869362584962,0.012044383110910495,0.012044383110910495
12000000.0,0.01153228775600279,1.2618284195298202e-10,0.0063711825395200705,0.01153228775600268,0.01153228775600279
12020000.0,0.01104001248794051,1.4538104053940515e-10,0.006105834020991963,0.01104001248794062,0.01104001248794062
12040000.0,0.010566889838973137,1.6723999962664493e-10,0.005850491087348586,0.010566889838973137,0.010566889838973137
12060000.0,0.010112269875324542,1.9208767909617563e-10,0.005604829044017934,0.010112269875324431,0.010112269875324542
12080000.0,0.009675519980759328,2.2028723289935215e-10,0.005368531159305134,0.009675519980759328,0.009675519980759328
12100000.0,0.009256024629540116,2.522386743919469e-10,0.005141288595295612,0.009256024629540116,0.009256024629540116
12120000.0,0.00885318514968414,2.883837613154583e-10,0.004922800332334942,0.008853185149683918,0.008853185149683918
12140000.0,0.00846641947735971,3.292078831762524e-10,0.004712773087511946,0.00846641947735971,0.00846641947735971
12160000.0,0.008095161903275638,3.7524316987003203e-10,0.004510921227587672,0.008095161903275305,0.008095161903275416
12180000.0,0.007738862811838554,4.2707160030630575e-10,0.004316966676782608,0.007738862811838554,0.007738862811838554
12200000.0,0.007396988413870376,4.853311086350232e-10,0.004130638819827337,0.007396988413870265,0.007396988413870376
12220000.0,0.007069020473608134,5.5071536220197e-10,0.003951674400668681,0.007069020473607912,0.007069020473607912
12240000.0,0.006754456030706124,6.239827543552678e-10,0.0037798174172116727,0.006754456030706124,0.006754456030706124
12260000.0,0.006452807117914627,7.059531847986023e-10,0.003614819012455528,0.006452807117914627,0.006452807117914627
12280000.0,0.006163600475090236,7.975183846653522e-10,0.0034564373623886535,0.006163600475090236,0.006163600475090236
12300000.0,0.00588637726015262,8.996434708308243e-10,0.0033044375609676546,0.00588637726015262,0.00588637726015262
12320000.0,0.005620692757583146,1.0133685002244874e-09,0.003158591502513186,0.0056206927575829235,0.0056206927575829235
12340000.0,0.005366116085031902,1.1398172405918672e-09,0.003018677761836286,0.005366116085031902,0.005366116085031902
12360000.0,0.005122229898564257,1.2801962823161261e-09,0.0028844814723880674,0.005122229898564368,0.005122229898564368
12380000.0,0.004888630097055424,1.4358019218008167e-09,0.002755794202726314,0.004888630097055535,0.004888630097055535
12400000.0,0.004664925526219665,1.6080230480497448e-09,0.0026324138315689805,0.004664925526219665,0.004664925526219665
12420000.0,0.004450737682721306,1.7983423639122975e-09,0.002514144421692066,0.004450737682721306,0.004450737682721306
12440000.0,0.004245700418807008,2.0083436025331025e-09,0.0024007960929318672,0.004245700418807119,0.004245700418807119
12460000.0,0.004049459647853526,2.2397117493966334e-09,0.002292184894512883,0.004049459647853637,0.004049459647853637
12480000.0,0.003861673051216319,2.494236261973981e-09,0.0021881326769378484,0.003861673051216319,0.003861673051216319
12500000.0,0.003682009786735607,2.7738137342581126e-09,0.002088466963645952,0.003682009786735607,0.003682009786735607
12520000.0,0.0035101501992299555,3.080449673120711e-09,0.0019930208226426327,0.0035101501992299555,0.0035101501992299555
12540000.0,0.003345785533288903,3.4162616069366436e-09,0.0019016327382908038,0.003345785533288903,0.003345785533288903
12560000.0,0.0031886176486539686,3.783475199803377e-09,0.0018141464834391385,0.0031886176486539686,0.0031886176486539686
12580000.0,0.0030383587384569255,4.184431467990635e-09,0.0017304109920620592,0.0030383587384567035,0.0030383587384567035
12600000.0,0.002894731050556709,4.621581006780673e-09,0.0016502802325617516,0.0028947310505568202,0.0028947310505568202
12620000.0,0.00275746661221421,5.097486988070443e-09,0.0015736130818831962,0.002757466612214099,0.00275746661221421
12640000.0,0.0026263069582994625,5.614820830501799e-09,0.0015002732005819919,0.0026263069582994625,0.0026263069582994625
12660000.0,0.0025010028632342918,6.1763614223053764e-09,0.0014301289089672098,0.0025010028632342918,0.0025010028632342918
12680000.0,0.002381314076836505,6.784991457564615e-09,0.0013630530644446193,0.002381314076836505,0.002381314076836505
12700000.0,0.0022670090642259444,7.443693883502078e-09,0.0012989229401665359,0.0022670090642259444,0.0022670090642259444
12720000.0,0.0021578647499297388,8.155546016297421e-09,0.0012376201050900981,0.0021578647499297388,0.0021578647499297388
12740000.0,0.0020536662663138694,8.923714767128388e-09,0.0011790303055380091,0.0020536662663136473,0.0020536662663136473
12760000.0,0.001954206706449746,9.751448870609636e-09,0.0011230433483456759,0.001954206706449746,0.001954206706449746
12780000.0,0.0018592868815181518,1.0642071890387683e-08,0.0010695529856763475,0.0018592868815182628,0.0018592868815182628
12800000.0,0.0017687150828217257,1.1598972449178291e-08,0.0010184568015667583,0.0017687150828218368,0.0017687150828218368
12820000.0,0.0016823068484885795,1.2625593126536216e-08,0.0009696561002728865,0.0016823068484886905,0.0016823068484886905
12840000.0,0.0015998847349190104,1.372542257627174e-08,0.0009230557964715613,0.0015998847349190104,0.0015998847349190104
12860000.0,0.0015212780930228265,1.4901980649462132e-08,0.0008785643073637717,0.0015212780930228265,0.0015212780930228265
12880000.0,0.0014463228492860303,1.61588068481322e-08,0.0008360934467291914,0.0014463228492859193,0.0014463228492860303
12900000.0,0.0013748612916869574,1.7499443338842013e-08,0.0007955583209613426,0.0013748612916869574,0.0013748612916869574
12920000.0,0.0013067418604865155,1.8927422740233624e-08,0.0007568772271273616,0.0013067418604862935,0.0013067418604862935
12940000.0,0.0012418189438921923,2.0446250470484983e-08,0.0007199715530702422,0.0012418189438921923,0.0012418189438921923
12960000.0,0.001179952678598939,2.205938620658543e-08,0.0006847656795760937,0.001179952678598939,0.001179952678598939
12980000.0,0.0011210087551936088,2.3770227230990315e-08,0.0006511868846285074,0.0011210087551936088,0.0011210087551936088
13000000.0,0.0010648582284137342,2.5582089224762683e-08,0.0006191652497619105,0.0010648582284137342,0.0010648582284137342
13020000.0,0.0010113773322261155,2.7498185950491916e-08,0.0005886335685149069,0.0010113773322261155,0.0010113773322261155
13040000.0,0.0009604472997039037,2.9521608158056267e-08,0.0005595272569980381,0.0009604472997039037,0.0009604472997039037
13060000.0,0.0009119541876619897,3.165530315651921e-08,0.000531784266570634,0.0009119541876619897,0.0009119541876619897
13080000.0,0.0008657887060101732,3.3902053164780455e-08,0.0005053449986264225,0.0008657887060099512,0.0008657887060099512
13100000.0,0.0008218460517730453,3.6264452552003945e-08,0.00048015222147757,0.0008218460517731563,0.0008218460517731563
13120000.0,0.0007800257477357242,3.8744886965424996e-08,0.00045615098933660114,0.0007800257477357242,0.0007800257477357242
13140000.0,0.0007402314856397307,4.1345507684198424e-08,0.00043328856337043753,0.0007402314856397307,0.0007402314856397307
13160000.0,0.0007023709738949169,4.4068213522763244e-08,0.00041151433482899957,0.0007023709738949169,0.0007023709738949169
13180000.0,0.0006663557897188532,4.691462529571311e-08,0.0003907797502139543,0.0006663557897188532,0.0006663557897188532
13200000.0,0.000632101235654936,4.988606505662574e-08,0.00037103823848005923,0.000632101235654936,0.000632101235654936
13220000.0,0.000599526200386058,5.298353389360244e-08,0.00035224514024045916,0.000599526200385947,0.000599526200386058
13240000.0,0.0005685530237848901,5.620769116809754e-08,0.0003343576389572833,0.0005685530237848901,0.0005685530237848901
13260000.0,0.0005391073661132895,5.955883475294854e-08,0.0003173346940884558,0.0005391073661130674,0.0005391073661130674
13280000.0,0.0005111180813018867,6.303688204756241e-08,0.00030113697616462876,0.0005111180813019978,0.0005111180813019978
13300000.0,0.0004845170942313626,6.664134999390114e-08,0.0002857268037680383,0.0004845170942313626,0.0004845170942313626
13320000.0,0.00045923928192903585,7.037134064358241e-08,0.0002710680823856393,0.00045923928192914687,0.00045923928192914687
13340000.0,0.00043522235860815606,7.42255231722666e-08,0.000257126245098771,0.00043522235860815606,0.00043522235860815606
13360000.0,0.0004124067644630802,7.820212266640425e-08,0.0002438681950882593,0.0004124067644628582,0.0004124067644628582
13380000.0,0.0003907355581365124,8.229890657851513e-08,0.00023126224990999145,0.0003907355581365124,0.0003907355581365124
13400000.0,0.0003701543127793139,8.651317306984652e-08,0.00021927808751631694,0.00037015431277920285,0.0003701543127793139
13420000.0,0.0003506110156156206,9.084174579232496e-08,0.00020788669398530413,0.00035061101561550956,0.0003506110156156206
13440000.0,0.00033205597092955674,9.528096489574978e-08,0.00019706031292243686,0.00033205597092966777,0.00033205597092966777
13460000.0,0.0003144417063936089,9.982668469632472e-08,0.00018677239650211064,0.0003144417063936089,0.0003144417063936089
13480000.0,0.0002977228826466227,1.0447427067905579e-07,0.0001769975581074057,0.0002977228826466227,0.0002977228826466227
13500000.0,0.00028185620604859185,1.0921860282842033e-07,0.00016771152654382337,0.00028185620604859185,0.00028185620604859185
13520000.0,0.00026680034451787016,1.1405407673859003e-07,0.000158891101774139,0.00026680034451787016,0.00026680034451787016
13540000.0,0.0002525158463748678,1.1897460916454605e-07,0.00015051411215338817,0.0002525158463748678,0.0002525158463748678
13560000.0,0.0002389650621108519,1.239736483471532e-07,0.00014255937311880018,0.00023896506211074087,0.0002389650621108519
13580000.0,0.00022611206899492142,1.2904418433823395e-07,0.0001350066473027045,0.00022611206899503244,0.00022611206899503244
13600000.0,0.00021392259844499328,1.3417876176813337e-07,0.00012783660602966318,0.00021392259844532635,0.0002139225984451043
13620000.0,0.00020236396607731244,1.393694970541759e-07,0.00012103079216163604,0.00020236396607731244,0.00020236396607731244
13640000.0,0.0001914050043619886,1.4460809683036757e-07,0.00011457158426009251,0.00019140500436209962,0.00019140500436209962
13660000.0,0.0001810159978051784,1.4988588104003497e-07,0.00010844216202410273,0.00018101599780506739,0.0001810159978051784
13680000.0,0.00017116862057409143,1.5519380258677273e-07,0.00010262647296932492,0.0001711686205739804,0.00017116862057409143
13700000.0,0.00016183587650731024,1.6052247842068823e-07,9.71092003202445e-05,0.00016183587650719922,0.00016183587650731024
13720000.0,0.00015299204141683287,1.6586221440739735e-07,9.187573207236621e-05,0.00015299204141672185,0.00015299204141683287
13740000.0,0.00014461260762399508,1.7120303730244757e-07,8.691213119493835e-05,0.00014461260762399508,0.00014461260762399508
13760000.0,0.0001366742306510016,1.7653472739187492e-07,8.22051069406804e-05,0.00013667423065111262,0.00013667423065111262
13780000.0,0.00012915467800400648,1.8184685235400622e-07,7.774198723276005e-05,0.0001291546780041175,0.0001291546780041175
13800000.0,0.00012203277996991613,1.8712880367477425e-07,7.351069208394456e-05,0.00012203277997002715,0.00012203277997002715
13820000.0,0.00011528838237340189,1.923698325079215e-07,6.949970803482586e-05,0.00011528838237317984,0.00011528838237317984
13840000.0,0.00010890230121829436,1.9755909153040818e-07,6.569806356615526e-05,0.00010890230121818334,0.00010890230121829436
13860000.0,0.0001028562791548504,2.0268567180181662e-07,6.209530545564501e-05,0.00010285627915473938,0.0001028562791548504
13880000.0,9.71329437089441e-05,2.0773864517487084e-07,5.868147605858631e-05,9.71329437089441e-05,9.71329437089441e-05
13900000.0,9.171576721511698e-05,2.127071047075546e-07,5.544709147353721e-05,9.171576721511698e-05,9.171576721511698e-05
13920000.0,8.658902838576399e-05,2.17580205963408e-07,5.238312056199401e-05,8.658902838576399e-05,8.658902838576399e-05
13940000.0,8.173777547504368e-05,2.2234721086533682e-07,4.948096481083297e-05,8.173777547493266e-05,8.173777547504368e-05
13960000.0,7.714779096312796e-05,2.2699752577626242e-07,4.673243898722923e-05,7.714779096312796e-05,7.714779096312796e-05
13980000.0,7.28055577183806e-05,2.3152074835053327e-07,4.4129752575394754e-05,7.28055577183806e-05,7.28055577183806e-05
14000000.0,6.869822657817881e-05,2.3590670139572723e-07,4.1665491961606627e-05,6.869822657817881e-05,6.869822657817881e-05
14020000.0,6.481358530374681e-05,2.401454793909963e-07,3.933260334798572e-05,6.481358530374681e-05,6.481358530374681e-05
14040000.0,6.114002884649583e-05,2.4422748390318105e-07,3.7124376360053724e-05,6.114002884649583e-05,6.114002884660685e-05
14060000.0,5.766653089123164e-05,2.481434617784828e-07,3.50344283337467e-05,5.766653089123164e-05,5.766653089123164e-05
14080000.0,5.4382616617831836e-05,2.5188454289004625e-07,3.305668925390748e-05,5.4382616617831836e-05,5.4382616617831836e-05
14100000.0,5.127833664220205e-05,2.5544227355567273e-07,3.1185387319943025e-05,5.127833664220205e-05,5.127833664220205e-05
14120000.0,4.834424208743915e-05,2.5880864840122086e-07,2.941503511788568e-05,4.834424208755017e-05,4.834424208755017e-05
14140000.0,4.557136074556656e-05,2.619761447775204e-07,2.7740416378985167e-05,4.557136074556656e-05,4.557136074556656e-05
14160000.0,4.295117428576578e-05,2.6493774740732334e-07,2.6156573298741215e-05,4.295117428576578e-05,4.295117428576578e-05
14180000.0,4.04755964670267e-05,2.6768697503065653e-07,2.4658794398835227e-05,4.04755964670267e-05,4.04755964670267e-05
14200000.0,3.8136952323797324e-05,2.7021790838244186e-07,2.324260291508562e-05,3.813695232401937e-05,3.8136952323797324e-05
14220000.0,3.59279582732297e-05,2.7252520529152946e-07,2.1903745683338194e-05,3.59279582732297e-05,3.59279582732297e-05
14240000.0,3.384170311993007e-05,2.746041226631135e-07,2.0638182512300318e-05,3.384170311993007e-05,3.384170311993007e-05
14260000.0,3.187162991591386e-05,2.7645053168878775e-07,1.9442076023556965e-05,3.187162991591386e-05,3.187162991591386e-05
14280000.0,3.0011518642902857e-05,2.7806092939286486e-07,1.8311781935342886e-05,3.0011518642791835e-05,3.0011518642902857e-05
14300000.0,2.8255469684212997e-05,2.794324506227852e-07,1.7243839783409598e-05,2.8255469684212997e-05,2.8255469684212997e-05
14320000.0,2.659788805214891e-05,2.8056287182387507e-07,1.6234964049344214e-05,2.6597888052037888e-05,2.659788805214891e-05
14340000.0,2.5033468343371723e-05,2.814506178117071e-07,1.528203569234332e-05,2.5033468343371723e-05,2.5033468343371723e-05
14360000.0,2.3557180387934196e-05,2.8209476132801115e-07,1.4382094059683936e-05,2.3557180387934196e-05,2.3557180387934196e-05
14380000.0,2.2164255569112612e-05,2.824950230406742e-07,1.3532329168564061e-05,2.216425556944568e-05,2.2164255569223634e-05
14400000.0,2.0850173775510683e-05,2.8265176221786703e-07,1.2730074332778507e-05,2.0850173775510683e-05,2.0850173775510683e-05
14420000.0,1.9610650973556076e-05,2.8256597572884345e-07,1.1972799137782708e-05,1.9610650973556076e-05,1.96106509736671e-05
14440000.0,1.8441627360088475e-05,2.822392823897957e-07,1.125810273050476e-05,1.8441627360088475e-05,1.8441627360088475e-05
14460000.0,1.7339256078829912e-05,2.81673913304914e-07,1.058370742890169e-05,1.7339256078829912e-05,1.7339256078940934e-05
14480000.0,1.6299892472759758e-05,2.8087269476895216e-07,9.947452621505981e-06,1.6299892472759758e-05,1.6299892472759758e-05
14500000.0,1.532008385196626e-05,2.7983903294614976e-07,9.347288960959155e-06,1.532008385196626e-05,1.532008385196626e-05
14520000.0,1.439655975010723e-05,2.7857689000043706e-07,8.781272824331943e-06,1.439655975010723e-05,1.439655975010723e-05
14540000.0,1.3526222654047793e-05,2.770907669980005e-07,8.247561040897189e-06,1.3526222654047793e-05,1.3526222654047793e-05
14560000.0,1.2706139179141651e-05,2.7538567615170706e-07,7.74440586726044e-06,1.2706139179030629e-05,1.2706139179141651e-05
14580000.0,1.1933531676722176e-05,2.734671168402869e-07,7.2701502051852884e-06,1.1933531676611153e-05,1.1933531676722176e-05
14600000.0,1.12057702498225e-05,2.713410475196909e-07,6.82322304812466e-06,1.1205770249711478e-05,1.12057702498225e-05
14620000.0,1.0520365161359457e-05,2.690138583005819e-07,6.402135148242394e-06,1.0520365161137413e-05,1.0520365161137413e-05
14640000.0,9.874959614131207e-06,2.664923403061792e-07,6.005474891823681e-06,9.874959614242229e-06,9.874959614242229e-06
14660000.0,9.267322890860186e-06,2.637836536978355e-07,5.631904376524055e-06,9.267322890749163e-06,9.267322890860186e-06
14680000.0,8.695343830411595e-06,2.608952974769707e-07,5.280155680353893e-06,8.69534383018955e-06,8.69534383018955e-06
14700000.0,8.157024631971765e-06,2.5783507517918025e-07,4.949027313738696e-06,8.157024631971765e-06,8.157024631971765e-06
14720000.0,7.650474970088972e-06,2.546110647871913e-07,4.637380846217454e-06,7.650474969866927e-06,7.650474969866927e-06
14740000.0,7.173906396928942e-06,2.5123158198248063e-07,4.344137698786277e-06,7.173906396928942e-06,7.173906396928942e-06
14760000.0,6.725627035852888e-06,2.4770514805982913e-07,4.0682760952259756e-06,6.725627035852888e-06,6.725627035852888e-06
14780000.0,6.304036536008972e-06,2.4404045828596566e-07,3.8088281671955215e-06,6.304036536008972e-06,6.304036536008972e-06
14800000.0,5.9076212849396015e-06,2.402463451511849e-07,3.5648772019891695e-06,5.907621285161646e-06,5.9076212849396015e-06
14820000.0,5.534949861996097e-06,2.3633174839332582e-07,3.335555025629766e-06,5.534949861996097e-06,5.534949861996097e-06
14840000.0,5.184668725566333e-06,2.3230568091392456e-07,3.1200395227415356e-06,5.184668725566333e-06,5.184668725566333e-06
14860000.0,4.855498118794266e-06,2.2817719935730452e-07,2.9175522753277505e-06,4.855498118794266e-06,4.855498118794266e-06
14880000.0,4.546228183688328e-06,2.2395537002672938e-07,2.727356322562713e-06,4.546228183688328e-06,4.546228183688328e-06
14900000.0,4.255715276846317e-06,2.1964924068473834e-07,2.5487540356028404e-06,4.255715276846317e-06,4.255715276846317e-06
14920000.0,3.982878472585938e-06,2.1526781346370427e-07,2.381085095981561e-06,3.9828784724749156e-06,3.982878472585938e-06
14940000.0,3.726696245154315e-06,2.1082001322447752e-07,2.2237245776990378e-06,3.726696245154315e-06,3.726696245154315e-06
14960000.0,3.4862033244653645e-06,2.063146640196578e-07,2.076081128565832e-06,3.4862033244653645e-06,3.4862033244653645e-06
14980000.0,3.2604877124864373e-06,2.0176046333642006e-07,1.937595239476231e-06,3.2604877124864373e-06,3.2604877124864373e-06
15000000.0,3.0486878545010754e-06,1.971659565613848e-07,1.8077376060521289e-06,3.0486878545010754e-06,3.0486878545010754e-06
15020000.0,2.849989956921206e-06,1.925395181068268e-07,1.686007569334791e-06,2.849989956810184e-06,2.849989956921206e-06
15040000.0,2.6636254432110817e-06,1.8788932709679074e-07,1.571931638189028e-06,2.6636254432110817e-06,2.6636254432110817e-06
15060000.0,2.4888685443702485e-06,1.8322335060272366e-07,1.4650620859812946e-06,2.4888685443702485e-06,2.4888685443702485e-06
15080000.0,2.3250340119851387e-06,1.7854932476968344e-07,1.3649756186451256e-06,2.3250340119851387e-06,2.3250340119851387e-06
15100000.0,2.1714749519619048e-06,1.738747391621942e-07,1.271272109915067e-06,2.171474952072927e-06,2.171474952072927e-06
15120000.0,2.0275807708358684e-06,1.6920682210930238e-07,1.1835734006204746e-06,2.0275807708358684e-06,2.0275807708358684e-06
15140000.0,1.892775228995447e-06,1.6455252849212343e-07,1.101522160484869e-06,1.892775228995447e-06,1.892775228995447e-06
15160000.0,1.7665145957135309e-06,1.599185287526339e-07,1.024780806324621e-06,1.7665145957135309e-06,1.7665145957135309e-06
15180000.0,1.648285900435198e-06,1.553111977914412e-07,9.530304743154971e-07,1.6482859003241757e-06,1.648285900435198e-06
15200000.0,1.5376052744375812e-06,1.5073660863951233e-07,8.859700451058217e-07,1.5376052745486035e-06,1.5376052745486035e-06
15220000.0,1.4340163820847351e-06,1.4620052546376883e-07,8.233152202219429e-07,1.4340163821957574e-06,1.4340163821957574e-06
15240000.0,1.337088930686292e-06,1.4170839812699398e-07,7.647976416613744e-07,1.337088930686292e-06,1.3370889307973144e-06
15260000.0,1.246417260181154e-06,1.3726535852409683e-07,7.101640578932589e-07,1.246417260181154e-06,1.246417260181154e-06
15280000.0,1.161619006428971e-06,1.328762196939337e-07,6.591755316032177e-07,1.161619006428971e-06,1.161619006428971e-06
15300000.0,1.0823338355558931e-06,1.2854547382090686e-07,6.116066887384974e-07,1.0823338355558931e-06,1.0823338355558931e-06
15320000.0,1.008222241805079e-06,1.2427729323416514e-07,5.67245001859007e-07,1.008222241805079e-06,1.008222241805079e-06
15340000.0,9.389644114454754e-07,1.2007553196191623e-07,5.258901141225181e-07,9.389644115564977e-07,9.389644115564977e-07
15360000.0,8.742591443011705e-07,1.1594372817391729e-07,4.873531926907759e-07,8.742591444121928e-07,8.742591444121928e-07
15380000.0,8.138228335674569e-07,1.1188510851134481e-07,4.5145631955012533e-07,8.138228336784792e-07,8.138228336784792e-07
15400000.0,7.57388496919198e-07,1.0790259308279815e-07,4.1803190786726674e-07,7.57388496919198e-07,7.57388496919198e-07
15420000.0,7.047048603547879e-07,1.039988012374593e-07,3.8692215109659145e-07,7.047048603547879e-07,7.047048603547879e-07
15440000.0,6.555354906678801e-07,1.0017605800438645e-07,3.579784999541147e-07,6.555354906678801e-07,6.555354906678801e-07
15460000.0,6.096579712178141e-07,9.643640097589667e-08,3.310611620399584e-07,6.096579712178141e-07,6.096579712178141e-07
15480000.0,5.668631228861187e-07,9.278158963343941e-08,3.060386307707219e-07,5.668631228861187e-07,5.668631228861187e-07
15500000.0,5.26954266444335e-07,8.921311311915758e-08,2.827872364052908e-07,5.269542666663796e-07,5.26954266444335e-07
15520000.0,4.897465222253317e-07,8.573220044993946e-08,2.6119071816488315e-07,4.897465222253317e-07,4.897465222253317e-07
15540000.0,4.5506614831936076e-07,8.23398288440913e-08,2.4113982044493554e-07,4.5506614831936076e-07,4.5506614831936076e-07
15560000.0,4.227499126319145e-07,7.903673548970147e-08,2.2253190745669116e-07,4.227499126319145e-07,4.227499126319145e-07
15580000.0,3.9264449924747424e-07,7.58234266484692e-08,2.0527059818586935e-07,3.9264449913645194e-07,3.9264449924747424e-07
15600000.0,3.64605945990526e-07,7.270018942406864e-08,1.892654202251265e-07,3.64605945990526e-07,3.64605945990526e-07
15620000.0,3.3849911063033034e-07,6.966710230926765e-08,1.744314788165724e-07,3.3849911063033034e-07,3.3849911063033034e-07
15640000.0,3.141971688380707e-07,6.672404662122489e-08,1.6068914776568022e-07,3.141971688380707e-07,3.141971688380707e-07
15660000.0,2.915811342374397e-07,6.387071704860858e-08,1.479637683488022e-07,2.915811342374397e-07,2.915811342374397e-07
15680000.0,2.7053940832022505e-07,6.110663264280447e-08,1.3618537164639122e-07,2.7053940832022505e-07,2.7053940832022505e-07
15700000.0,2.5096735256635583e-07,5.8431149807525173e-08,1.2528840964698418e-07,2.5096735256635583e-07,2.5096735256635583e-07
15720000.0,2.3276688376761e-07,5.584347140263901e-08,1.1521150244941936e-07,2.3276688398965462e-07,2.3276688376761e-07
15740000.0,2.158460914447602e-07,5.3342659289690175e-08,1.0589719801057385e-07,2.158460916668048e-07,2.158460914447602e-07
15760000.0,2.0011887558180064e-07,5.092764365777214e-08,9.72917443275989e-08,2.0011887558180064e-07,2.0011887558180064e-07
15780000.0,1.8550460478827802e-07,4.85972344588248e-08,8.934487361056398e-08,1.8550460501032262e-07,1.8550460478827802e-07
15800000.0,1.719277926692797e-07,4.635013295395396e-08,8.200959722426404e-08,1.719277926692797e-07,1.719277926692797e-07
15820000.0,1.5931779118183442e-07,4.4184939707037074e-08,7.524201250941331e-08,1.5931779118183442e-07,1.5931779118183442e-07
15840000.0,1.4760850275408188e-07,4.2100166464109634e-08,6.9001119151757e-08,1.476085029761265e-07,1.4760850275408188e-07
15860000.0,1.3673810539405196e-07,4.0094244146970937e-08,6.324864409990028e-08,1.3673810539405196e-07,1.3673810539405196e-07
15880000.0,1.2664879656121286e-07,3.816553340030282e-08,5.7948878362523715e-08,1.2664879645019056e-07,1.2664879656121286e-07
15900000.0,1.1728654791820503e-07,3.631233302936465e-08,5.306852057795908e-08,1.1728654780718273e-07,1.1728654791820503e-07
15920000.0,1.0860087595876422e-07,3.453288743848759e-08,4.8576530242705473e-08,1.0860087595876422e-07,1.0860087595876422e-07
15940000.0,1.0054462451503099e-07,3.2825397067171025e-08,4.4443987268216745e-08,1.0054462451503099e-07,1.0054462451503099e-07
15960000.0,9.307376036549186e-08,3.118802427426459e-08,4.064396197378528e-08,9.307376036549186e-08,9.307376036549186e-08
15980000.0,8.614718016719536e-08,2.9618902774863898e-08,3.7151389964407144e-08,8.614718016719536e-08,8.614718016719536e-08
16000000.0,7.972652582566297e-08,2.8116140859957284e-08,3.394295355896304e-08,7.972652582566297e-08,7.972652582566297e-08
16020000.0,7.377601607405637e-08,2.667783283172298e-08,3.099697332142881e-08,7.377601607405637e-08,7.377601607405637e-08
16040000.0,6.826228204914742e-08,2.5302061446019763e-08,2.8293301257420467e-08,6.826228204914742e-08,6.826228204914742e-08
16060000.0,6.315421552383071e-08,2.3986905794970426e-08,2.5813222892523413e-08,6.315421574587532e-08,6.315421552383071e-08
16080000.0,5.842282557733114e-08,2.2730446080920785e-08,2.353936523480371e-08,5.842282557733114e-08,5.842282557733114e-08
16100000.0,5.4041103036972515e-08,2.153076916755481e-08,2.1455608290033013e-08,5.4041103036972515e-08,5.4041103036972515e-08
16120000.0,4.998389202537368e-08,2.038597135545217e-08,1.95470011288279e-08,4.998389202537368e-08,4.998389202537368e-08
16140000.0,4.622777216578555e-08,1.9294166042627126e-08,1.7799687279662635e-08,4.622777205476325e-08,4.622777216578555e-08
16160000.0,4.275094522832035e-08,1.8253484834751532e-08,1.620083001085959e-08,4.275094522832035e-08,4.275094522832035e-08
16180000.0,3.953312754934046e-08,1.726208187502465e-08,1.4738542164494106e-08,3.953312754934046e-08,3.953312754934046e-08
16200000.0,3.655545388614456e-08,1.6318138396087534e-08,1.3401825316172733e-08,3.655545388614456e-08,3.655545388614456e-08
16220000.0,3.380038071654212e-08,1.541986371922377e-08,1.2180504826986294e-08,3.380038071654212e-08,3.380038071654212e-08
16240000.0,3.125160052963594e-08,1.4565499362184653e-08,1.1065176885871608e-08,3.125160052963594e-08,3.125160052963594e-08
16260000.0,2.8893958337050663e-08,1.3753320815546033e-08,1.0047152110281843e-08,2.8893958337050663e-08,2.8893958337050663e-08
16280000.0,2.6713375178566423e-08,1.2981639430087455e-08,9.118407251484939e-09,2.671337506754412e-08,2.6713375178566423e-08
16300000.0,2.4696775513532998e-08,1.2248804970305116e-08,8.27153767701816e-09,2.4696775513532998e-08,2.4696775513532998e-08
16320000.0,2.2832018276019994e-08,1.155320539236726e-08,7.499712517677892e-09,2.2832018276019994e-08,2.2832018276019994e-08
16340000.0,2.110783492437207e-08,1.0893270729894766e-08,6.796636253803001e-09,2.110783492437207e-08,2.110783492437207e-08
16360000.0,1.951376848996489e-08,1.0267471872715817e-08,6.1565065267998875e-09,1.951376848996489e-08,1.951376848996489e-08
16380000.0,1.8040118843209996e-08,9.674323564468068e-09,5.573981831652475e-09,1.8040118843209996e-08,1.8040118843209996e-08
16400000.0,1.6677888625693527e-08,9.112381182951879e-09,5.0441448795623955e-09,1.6677888625693527e-08,1.6677888625693527e-08
16420000.0,1.5418737175920683e-08,8.58024673533464e-09,4.562473288061142e-09,1.541873706489838e-08,1.5418737175920683e-08
16440000.0,1.4254932012569554e-08,8.07656397316947e-09,4.124809493966097e-09,1.4254932012569554e-08,1.4254932012569554e-08
16460000.0,1.3179308311350724e-08,7.600022056131195e-09,3.727333108827224e-09,1.3179308311350724e-08,1.3179308311350724e-08
16480000.0,1.2185227049599234e-08,7.149353109525691e-09,3.3665360499313124e-09,1.2185226938576932e-08,1.2185227049599234e-08
16500000.0,1.1266540034249317e-08,6.72333400064673e-09,3.0391988925515534e-09,1.1266539923227015e-08,1.1266540034249317e-08
16520000.0,1.041755337549688e-08,6.32078478446374e-09,2.7423686654870494e-09,1.041755337549688e-08,1.041755337549688e-08
16540000.0,9.632995290331792e-09,5.940568481577202e-09,2.473337645803042e-09,9.63299517930949e-09,9.632995290331792e-09
16560000.0,8.90798657060543e-09,5.581590856174046e-09,2.2296257062848213e-09,8.90798657060543e-09,8.90798657060543e-09
16580000.0,8.238011717232041e-09,5.242800082960741e-09,2.0089614416463064e-09,8.238011717232041e-09,8.238011717232041e-09
16600000.0,7.618893071992261e-09,4.9231850818287626e-09,1.8092654041623746e-09,7.618893071992261e-09,7.618893071992261e-09
16620000.0,7.046766059559673e-09,4.621775739899192e-09,1.6286371140594724e-09,7.04676594853737e-09,7.046766059559673e-09
16640000.0,6.5180560948618904e-09,4.337641468232789e-09,1.4653376290141296e-09,6.518055983839588e-09,6.5180560948618904e-09
16660000.0,6.02945826599921e-09,4.069890424673872e-09,1.3177788860119222e-09,6.02945826599921e-09,6.02945826599921e-09
16680000.0,5.577917017163259e-09,3.817669735894924e-09,1.1845110448049923e-09,5.577917017163259e-09,5.577917017163259e-09
16700000.0,5.160607718934784e-09,3.5801621667275185e-09,1.0642106085256842e-09,5.160607718934784e-09,5.160607718934784e-09
16720000.0,4.7749192377821714e-09,3.3565873414076464e-09,9.556700986124156e-10,4.774919126759869e-09,4.7749192377821714e-09
16740000.0,4.418439281117514e-09,3.146199523129667e-09,8.577890620031781e-10,4.418439281117514e-09,4.418439281117514e-09
16760000.0,4.088938632129668e-09,2.948287169957098e-09,7.6956518935134e-10,4.088938632129668e-09,4.088938632129668e-09
16780000.0,3.784357605063349e-09,2.762171158465776e-09,6.900853222191472e-10,3.784357605063349e-09,3.784357605063349e-09
16800000.0,3.5027940548104652e-09,2.587205227833067e-09,6.185191248064825e-10,3.5027940548104652e-09,3.5027940548104652e-09
16820000.0,3.242490387300734e-09,2.422771983034977e-09,5.541106462558787e-10,3.2424906093453387e-09,3.242490387300734e-09
16840000.0,3.0018240115836647e-09,2.2682861144929234e-09,4.961728805596977e-10,3.0018240115836647e-09,3.0018240115836647e-09
16860000.0,2.7792957935091067e-09,2.12318918002552e-09,4.4408177135579763e-10,2.7792957935091067e-09,2.7792957935091067e-09
16880000.0,2.573521729054562e-09,1.986950826093903e-09,3.9727088285701484e-10,2.5735216180322595e-09,2.573521729054562e-09
16900000.0,2.3832240625409895e-09,1.859067122467195e-09,3.5522584873604046e-10,2.3832242845855944e-09,2.3832240625409895e-09
16920000.0,2.2072226268932127e-09,1.739059785066388e-09,3.17480153277927e-10,2.2072225158709102e-09,2.2072226268932127e-09
16940000.0,2.0444284043463767e-09,1.6264753988082248e-09,2.8361113457719966e-10,2.0444284043463767e-09,2.0444284043463767e-09
16960000.0,1.8938354218178688e-09,1.5208828640922434e-09,2.5323554364575784e-10,1.8938354218178688e-09,1.8938354218178688e-09
16980000.0,1.7545150887698924e-09,1.421874396001499e-09,2.260066578330111e-10,1.7545150887698924e-09,1.7545150887698924e-09
17000000.0,1.6256105350720418e-09,1.3290637479457246e-09,2.0161061708989791e-10,1.6256105350720418e-09,1.6256105350720418e-09
17020000.0,1.5063300606854568e-09,1.2420847683713987e-09,1.797633153444167e-10,1.5063299496631544e-09,1.5063300606854568e-09
17040000.0,1.3959434719268415e-09,1.1605916228063506e-09,1.6020818005557658e-10,1.3959434719268415e-09,1.3959434719268415e-09
17060000.0,1.293776530353341e-09,1.084256573413711e-09,1.427137297227432e-10,1.2937764193310386e-09,1.293776530353341e-09
17080000.0,1.1992062898258382e-09,1.0127700900142145e-09,1.2706957708275013e-10,1.1992062898258382e-09,1.1992062898258382e-09
17100000.0,1.1116582099290895e-09,9.45839850885477e-10,1.130877613775283e-10,1.1116582099290895e-09,1.1116582099290895e-09
17120000.0,1.0306014930350216e-09,8.831894104943672e-10,1.0059753030589036e-10,1.0306014930350216e-09,1.0306014930350216e-09
17140000.0,9.555465307897748e-10,8.245584215416102e-10,8.94452290012282e-11,9.555464197674723e-10,9.555465307897748e-10
17160000.0,8.860404632216046e-10,7.697004145157393e-10,7.949207958546367e-11,8.860404632216046e-10,8.860404632216046e-10
17180000.0,8.216662905624617e-10,7.183841299607252e-10,7.061384810214122e-11,8.216662905624617e-10,8.216662905624617e-10
17200000.0,7.620376551997765e-10,6.703901878069018e-10,6.269806895886632e-11,7.62037544177474e-10,7.620376551997765e-10
17220000.0,7.067985086095518e-10,6.255124196385964e-10,5.5643933905002996e-11,7.067985086095518e-10,7.067985086095518e-10
17240000.0,6.556202247764986e-10,5.835573135826166e-10,4.9360737719439385e-11,6.556202247764986e-10,6.556202247764986e-10
17260000.0,6.081983805472646e-10,5.443414607952946e-10,4.3766990032167996e-11,6.081983805472646e-10,6.081983805472646e-10
17280000.0,5.642523115412246e-10,5.076928877301157e-10,3.878897203435372e-11,5.642523115412246e-10,5.642523115412246e-10
17300000.0,5.235233357936409e-10,4.734503900039044e-10,3.436162465675352e-11,5.235233357936409e-10,5.235233357936409e-10
17320000.0,4.857712010419846e-10,4.414609788838675e-10,3.042555096754995e-11,4.857712010419846e-10,4.857712010419846e-10
17340000.0,4.507747508597504e-10,4.1158187968903803e-10,2.6928237417678247e-11,4.507747508597504e-10,4.507747508597504e-10
17360000.0,4.183293711434999e-10,3.8367864441113397e-10,2.382194441707952e-11,4.183293711434999e-10,4.183293711434999e-10
17380000.0,3.8824587988983694e-10,3.576250406922554e-10,2.1064372468515558e-11,3.8824587988983694e-10,3.8824587988983694e-10
17400000.0,3.6034952799468556e-10,3.3330205262416257e-10,1.8617662966846638e-11,3.603494169723831e-10,3.6034952799468556e-10
17420000.0,3.344786669856603e-10,3.1059821381518304e-10,1.644773206521677e-11,3.3447855596335785e-10,3.344786669856603e-10
17440000.0,3.1048386084364665e-10,2.8940894125639716e-10,1.4523826585843835e-11,3.1048386084364665e-10,3.1048386084364665e-10
17460000.0,2.882271088466837e-10,2.6963664634394036e-10,1.2819412198439295e-11,2.882273308912886e-10,2.882271088466837e-10
17480000.0,2.675804022800321e-10,2.511890695444663e-10,1.1309952974158932e-11,2.675804022800321e-10,2.675804022800321e-10
17500000.0,2.484257244361743e-10,2.3397983550665913e-10,9.973688541720094e-12,2.484257244361743e-10,2.484257244361743e-10
17520000.0,2.306534963025797e-10,2.1792756488281384e-10,8.791412042796765e-12,2.306534963025797e-10,2.306534963025797e-10
17540000.0,2.1416268758400747e-10,2.0295698455186084e-10,7.745915020507255e-12,2.1416268758400747e-10,2.1416268758400747e-10
17560000.0,1.9885948443487678e-10,1.889968181956192e-10,6.821432307901887e-12,1.9885937341257431e-10,1.9885948443487678e-10
17580000.0,1.846574004815693e-10,1.759807854995188e-10,6.004752250987622e-12,1.846574004815693e-10,1.846574004815693e-10
17600000.0,1.7147605557710222e-10,1.638461588626683e-10,5.2834403518886575e-12,1.7147594455479975e-10,1.7147605557710222e-10
17620000.0,1.5924161989033792e-10,1.5253498464318227e-10,4.646838469568593e-12,1.5924161989033792e-10,1.5924161989033792e-10
17640000.0,1.478848155045398e-10,1.4199263986824917e-10,4.0852876637131885e-12,1.478848155045398e-10,1.478848155045398e-10
17660000.0,1.3734202664039685e-10,1.3216761018952639e-10,3.589573083218056e-12,1.3734202664039685e-10,1.3734202664039685e-10
17680000.0,1.275545224999064e-10,1.2301237806155996e-10,3.152922367632982e-12,1.275545224999064e-10,1.275545224999064e-10
17700000.0,1.1846768011025688e-10,1.1448209047415503e-10,2.768341111902828e-12,1.1846768011025688e-10,1.1846768011025688e-10
17720000.0,1.1003031819001308e-10,1.0653478099698077e-10,2.42905695557738e-12,1.1003031819001308e-10,1.1003031819001308e-10
17740000.0,1.0219636248365305e-10,9.913203591338515e-11,2.1309620734655255e-12,1.0219636248365305e-10,1.0219636248365305e-10
17760000.0,9.492173713709917e-11,9.22364407074383e-11,1.8682833058392134e-12,9.492162611479671e-11,9.492173713709917e-11
17780000.0,8.816636309916248e-11,8.581424459919162e-11,1.6375789613221059e-12,8.816636309916248e-11,8.816636309916248e-11
17800000.0,8.189293687621557e-11,7.98334731655359e-11,1.4344081478157023e-12,8.189293687621557e-11,8.189293687621557e-11
17820000.0,7.606681950989014e-11,7.42643724294112e-11,1.2562173523633646e-12,7.606681950989014e-11,7.606681950989014e-11
17840000.0,7.065581453247205e-11,6.907918681520187e-11,1.0994538612862925e-12,7.065581453247205e-11,7.065581453247205e-11
17860000.0,6.563016796690135e-11,6.425182608182922e-11,9.618972285352356e-13,6.563016796690135e-11,6.563016796690135e-11
17880000.0,6.096245730446981e-11,5.975753225584413e-11,8.412159857584811e-13,6.096234628216735e-11,6.096245730446981e-11
17900000.0,5.662692537100611e-11,5.5574211899056536e-11,7.354117315117037e-13,5.662692537100611e-11,5.662692537100611e-11
17920000.0,5.2599702371480817e-11,5.168043770709119e-11,6.424860643505781e-13,5.2599702371480817e-11,5.2599702371480817e-11
17940000.0,4.88592499792162e-11,4.8056558732412213e-11,5.615508058554042e-13,4.88592499792162e-11,4.88592499792162e-11
17960000.0,4.5384362934441924e-11,4.46842562951133e-11,4.900524430695441e-13,4.5384362934441924e-11,4.5384362934441924e-11
17980000.0,4.215672255725167e-11,4.154587784910291e-11,4.277689313880728e-13,4.215672255725167e-11,4.215672255725167e-11
18000000.0,3.9158232212344046e-11,3.8625880272036284e-11,3.730349362740526e-13,3.9158121190041584e-11,3.9158232212344046e-11
18020000.0,3.637279366586199e-11,3.590883146387114e-11,3.2518432391270835e-13,3.637268264355953e-11,3.637279366586199e-11
18040000.0,3.37853078846706e-11,3.338107568140458e-11,2.8343993818680246e-13,3.37853078846706e-11,3.37853078846706e-11
18060000.0,3.13817860586596e-11,3.103006740445835e-11,2.4713564528155985e-13,3.13817860586596e-11,3.13817860586596e-11
18080000.0,2.91485724446261e-11,2.8842150889829554e-11,2.1505019986989282e-13,2.91485724446261e-11,2.91485724446261e-11
18100000.0,2.7074231745416455e-11,2.6807667197203955e-11,1.8707257964933888e-13,2.7074231745416455e-11,2.7074231745416455e-11
18120000.0,2.5147106619272108e-11,2.4915403074032838e-11,1.6286971771251046e-13,2.5147106619272108e-11,2.5147106619272108e-11
18140000.0,2.3356871992064043e-11,2.315547753539704e-11,1.417754802446325e-13,2.3357094036668968e-11,2.3356871992064043e-11
18160000.0,2.169375790117556e-11,2.1518897774797097e-11,1.2312373343092986e-13,2.169375790117556e-11,2.169375790117556e-11
18180000.0,2.014866051780473e-11,1.9996670985733545e-11,1.071365218763276e-13,2.014866051780473e-11,2.014866051780473e-11
18200000.0,1.8713364191569326e-11,1.8581358673941395e-11,9.29256671611256e-14,1.8713364191569326e-11,1.8713364191569326e-11
18220000.0,1.7379986338994513e-11,1.7265411322853197e-11,8.08242361927114e-14,1.7379986338994513e-11,1.7379986338994513e-11
18240000.0,1.6141310510420226e-11,1.6042056572018737e-11,7.005507285384738e-14,1.6141310510420226e-11,1.6141310510420226e-11
18260000.0,1.4990675367698714e-11,1.49045220609878e-11,6.09512440519211e-14,1.4990675367698714e-11,1.4990675367698714e-11
18280000.0,1.392164161728715e-11,1.3847145652334802e-11,5.2735593669694936e-14,1.3921863661892075e-11,1.392164161728715e-11
18300000.0,1.292865814406241e-11,1.2864154186331689e-11,4.574118861455645e-14,1.292865814406241e-11,1.292865814406241e-11
18320000.0,1.2006173832901368e-11,1.1950107570157797e-11,3.941291737419306e-14,1.2006173832901368e-11,1.2006173832901368e-11
18340000.0,1.1149303702495672e-11,1.1100786956319553e-11,3.419486915845482e-14,1.1149303702495672e-11,1.1149303702495672e-11
18360000.0,1.0353384816141897e-11,1.0311418385811066e-11,2.964295475749168e-14,1.0353384816141897e-11,1.0353384816141897e-11
18380000.0,9.613976281741543e-12,9.577560966533838e-12,2.55351295663786e-14,9.613976281741543e-12,9.613976281741543e-12
18400000.0,8.927303341010884e-12,8.895995051716454e-12,2.2315482794965646e-14,8.927303341010884e-12,8.927303341010884e-12
18420000.0,8.289369191061269e-12,8.26205770465549e-12,1.942890293094024e-14,8.289258168758806e-12,8.289369191061269e-12
18440000.0,7.696843162818823e-12,7.673417456999232e-12,1.6653345369377348e-14,7.696843162818823e-12,7.696843162818823e-12
18460000.0,7.14639458720967e-12,7.126188528161492e-12,1.4432899320127035e-14,7.146283564907208e-12,7.14639458720967e-12
18480000.0,6.6351368843697855e-12,6.617595360580708e-12,1.2434497875801753e-14,6.6351368843697855e-12,6.6351368843697855e-12
18500000.0,6.160405519040069e-12,6.1453064859051665e-12,1.0658141036401503e-14,6.160405519040069e-12,6.160405519040069e-12
18520000.0,5.719535955961419e-12,5.706546346573305e-12,9.43689570931383e-15,5.7194249336589564e-12,5.719535955961419e-12
18540000.0,5.309863659874736e-12,5.298761429628485e-12,7.993605777301127e-15,5.309863659874736e-12,5.309863659874736e-12
18560000.0,4.9295012516381576e-12,4.919842311323919e-12,6.8833827526759706e-15,4.9295012516381576e-12,4.9295012516381576e-12
18580000.0,4.576339307504895e-12,4.5680126348202066e-12,5.995204332975845e-15,4.576339307504895e-12,4.576339307504895e-12
18600000.0,4.248157381425699e-12,4.2411629763705605e-12,4.9960036108132044e-15,4.248379426030624e-12,4.248157381425699e-12
18620000.0,3.9436232057710185e-12,3.937405956833118e-12,4.440892098500626e-15,3.943512183468556e-12,3.9436232057710185e-12
18640000.0,3.660627356794066e-12,3.655187263973403e-12,3.6637359812630166e-15,3.660627356794066e-12,3.660627356794066e-12
18660000.0,3.3980596114702166e-12,3.3935076970692535e-12,3.3306690738754696e-15,3.3980596114702166e-12,3.3980596114702166e-12
18680000.0,3.1540325906576072e-12,3.150146810071419e-12,2.7755575615628914e-15,3.1540325906576072e-12,3.1540325906576072e-12
18700000.0,2.9275470936340753e-12,2.9241054022577373e-12,2.55351295663786e-15,2.9275470936340753e-12,2.9275470936340753e-12
18720000.0,2.7172708527700706e-12,2.7142732506035827e-12,2.1094237467877974e-15,2.7172708527700706e-12,2.7172708527700706e-12
18740000.0,2.521871600436043e-12,2.5192070651769427e-12,1.887379141862766e-15,2.521871600436043e-12,2.521871600436043e-12
18760000.0,2.340572180514755e-12,2.3384627567679672e-12,1.5543122344752192e-15,2.340572180514755e-12,2.340572180514755e-12
18780000.0,2.1721513476791188e-12,2.1701529462347935e-12,1.2212453270876722e-15,2.1720403253766563e-12,2.1721513476791188e-12
18800000.0,2.0158319458118967e-12,2.014388655879884e-12,8.881784197001252e-16,2.0158319458118967e-12,2.0158319458118967e-12
18820000.0,1.8708368187958513e-12,1.8693935288638386e-12,8.881784197001252e-16,1.8708368187958513e-12,1.8708368187958513e-12
18840000.0,1.7360557436063573e-12,1.7349455205817321e-12,7.771561172376096e-16,1.7360557436063573e-12,1.7360557436063573e-12
18860000.0,1.6110446310335647e-12,1.610267474916327e-12,6.661338147750939e-16,1.6110446310335647e-12,1.6110446310335647e-12
18880000.0,1.4949153026577733e-12,1.4941381465405357e-12,5.551115123125783e-16,1.4948042803553108e-12,1.4949153026577733e-12
18900000.0,1.387223669269133e-12,1.3864465131518955e-12,4.440892098500626e-16,1.3871126469666706e-12,1.387223669269133e-12
18920000.0,1.287081552447944e-12,1.2864154186331689e-12,3.3306690738754696e-16,1.2869705301454815e-12,1.287081552447944e-12
18940000.0,1.1942669075892809e-12,1.1936007737745058e-12,3.3306690738754696e-16,1.1942669075892809e-12,1.1942669075892809e-12
18960000.0,1.1080025785759062e-12,1.1075584893660562e-12,3.3306690738754696e-16,1.1080025785759062e-12,1.1080025785759062e-12
18980000.0,1.028066520802895e-12,1.0276224315930449e-12,3.3306690738754696e-16,1.028066520802895e-12,1.028066520802895e-12
19000000.0,9.536815781530095e-13,9.532374889431594e-13,1.1102230246251565e-16,9.536815781530095e-13,9.536815781530095e-13
19020000.0,8.848477506262498e-13,8.845146837188622e-13,2.220446049250313e-16,8.848477506262498e-13,8.848477506262498e-13
19040000.0,8.207878821053782e-13,8.206768598029157e-13,0.0,8.210099267103033e-13,8.207878821053782e-13
19060000.0,7.617240171953199e-13,7.616129948928574e-13,3.3306690738754696e-16,7.616129948928574e-13,7.617240171953199e-13
19080000.0,7.064349105689871e-13,7.063238882665246e-13,1.1102230246251565e-16,7.064349105689871e-13,7.064349105689871e-13
19100000.0,6.553646514362299e-13,6.552536291337674e-13,2.220446049250313e-16,6.553646514362299e-13,6.553646514362299e-13
19120000.0,6.079581282847357e-13,6.078471059822732e-13,1.1102230246251565e-16,6.081801728896608e-13,6.079581282847357e-13
19140000.0,5.63882274207117e-13,5.637712519046545e-13,1.1102230246251565e-16,5.63882274207117e-13,5.63882274207117e-13
19160000.0,5.230260669009112e-13,5.229150445984487e-13,0.0,5.230260669009112e-13,5.230260669009112e-13
19180000.0,4.851674617611934e-13,4.850564394587309e-13,0.0,4.853895063661184e-13,4.851674617611934e-13
19200000.0,4.4986236957811343e-13,4.497513472756509e-13,0.0,4.4986236957811343e-13,4.4986236957811343e-13
19220000.0,4.1733283495659634e-13,4.1722181265413383e-13,0.0,4.1733283495659634e-13,4.1733283495659634e-13
19240000.0,3.8702374638432957e-13,3.8702374638432957e-13,0.0,3.8702374638432957e-13,3.8702374638432957e-13
19260000.0,3.589351038613131e-13,3.589351038613131e-13,0.0,3.589351038613131e-13,3.589351038613131e-13
19280000.0,3.3295588508508445e-13,3.3295588508508445e-13,0.0,3.3284486278262193e-13,3.3295588508508445e-13
19300000.0,3.086420008457935e-13,3.086420008457935e-13,0.0,3.086420008457935e-13,3.086420008457935e-13
19320000.0,2.8621549574836536e-13,2.8621549574836536e-13,0.0,2.8621549574836536e-13,2.8621549574836536e-13
19340000.0,2.6545432518787493e-13,2.6545432518787493e-13,0.0,2.6545432518787493e-13,2.6545432518787493e-13
19360000.0,2.461364445593972e-13,2.461364445593972e-13,0.0,2.461364445593972e-13,2.461364445593972e-13
19380000.0,2.282618538629322e-13,2.282618538629322e-13,0.0,2.282618538629322e-13,2.282618538629322e-13
19400000.0,2.1171953079601735e-13,2.1171953079601735e-13,0.0,2.1171953079601735e-13,2.1171953079601735e-13
19420000.0,1.9628743075372768e-13,1.9628743075372768e-13,0.0,1.9617640845126516e-13,1.9628743075372768e-13
19440000.0,1.8207657603852567e-13,1.8207657603852567e-13,0.0,1.8207657603852567e-13,1.8207657603852567e-13
19460000.0,1.6864287744056128e-13,1.6864287744056128e-13,0.0,1.6864287744056128e-13,1.6864287744056128e-13
19480000.0,1.5643042416968456e-13,1.5643042416968456e-13,0.0,1.5643042416968456e-13,1.5643042416968456e-13
19500000.0,1.4499512701604544e-13,1.4499512701604544e-13,0.0,1.4499512701604544e-13,1.4499512701604544e-13
19520000.0,1.3455903058456897e-13,1.3455903058456897e-13,0.0,1.3455903058456897e-13,1.3455903058456897e-13
19540000.0,1.2467804566540508e-13,1.2467804566540508e-13,0.0,1.2456702336294256e-13,1.2467804566540508e-13
19560000.0,1.1546319456101628e-13,1.1546319456101628e-13,0.0,1.1546319456101628e-13,1.1546319456101628e-13
19580000.0,1.071365218763276e-13,1.071365218763276e-13,0.0,1.071365218763276e-13,1.071365218763276e-13
19600000.0,9.9253938401489e-14,9.9253938401489e-14,0.0,9.9253938401489e-14,9.9253938401489e-14
19620000.0,9.203748874142548e-14,9.203748874142548e-14,0.0,9.203748874142548e-14,9.203748874142548e-14
19640000.0,8.515410598874951e-14,8.515410598874951e-14,0.0,8.537615059367454e-14,8.515410598874951e-14
19660000.0,7.915890165577366e-14,7.915890165577366e-14,0.0,7.915890165577366e-14,7.915890165577366e-14
19680000.0,7.327471962526033e-14,7.327471962526033e-14,0.0,7.327471962526033e-14,7.327471962526033e-14
19700000.0,6.794564910705958e-14,6.794564910705958e-14,0.0,6.794564910705958e-14,6.794564910705958e-14
19720000.0,6.294964549624638e-14,6.283862319378386e-14,0.0,6.283862319378386e-14,6.294964549624638e-14
19740000.0,5.828670879282072e-14,5.81756864903582e-14,0.0,5.828670879282072e-14,5.828670879282072e-14
19760000.0,5.4067861299245124e-14,5.395683899678261e-14,0.0,5.4067861299245124e-14,5.4067861299245124e-14
19780000.0,5.0182080713057076e-14,5.0182080713057076e-14,0.0,5.0182080713057076e-14,5.0182080713057076e-14
19800000.0,4.6407322429331543e-14,4.6407322429331543e-14,0.0,4.629630012686903e-14,4.6407322429331543e-14
19820000.0,4.3076653355456074e-14,4.3076653355456074e-14,0.0,4.3076653355456074e-14,4.3076653355456074e-14
19840000.0,3.985700658404312e-14,3.985700658404312e-14,0.0,3.985700658404312e-14,3.985700658404312e-14
19860000.0,3.708144902248023e-14,3.708144902248023e-14,0.0,3.708144902248023e-14,3.708144902248023e-14
19880000.0,3.419486915845482e-14,3.419486915845482e-14,0.0,3.419486915845482e-14,3.419486915845482e-14
19900000.0,3.175237850427948e-14,3.164135620181696e-14,0.0,3.175237850427948e-14,3.175237850427948e-14
19920000.0,2.9531932455029164e-14,2.9531932455029164e-14,0.0,2.9531932455029164e-14,2.9531932455029164e-14
19940000.0,2.731148640577885e-14,2.7200464103316335e-14,0.0,2.731148640577885e-14,2.731148640577885e-14
19960000.0,2.5202062658991053e-14,2.5202062658991053e-14,0.0,2.5202062658991053e-14,2.5202062658991053e-14
19980000.0,2.3425705819590803e-14,2.3314683517128287e-14,0.0,2.3425705819590803e-14,2.3425705819590803e-14
