Time (s),A,B1,B2,Y,Z
0.0,1.0,0.0,0.0,1.0,1.0
20000.0,0.9999982068042244,0.001339102600882991,0.001339102600882991,1.0,1.0
40000.0,0.999992836818774,0.0026764120059903362,0.0026764120059903362,1.0,1.0
60000.0,0.9999839044127277,0.004011930616595105,0.004011930616595105,1.0,1.0
80000.0,0.9999714239102825,0.005345660830754939,0.005345660830754939,1.0,1.0
100000.0,0.9999554095908855,0.006677605043316048,0.006677605043316048,1.0,1.0
120000.0,0.99993587568936,0.008007765645917875,0.008007765645917875,1.0,1.0
140000.0,0.9999128363960349,0.0093361450269972,0.0093361450269972,1.0,1.0
160000.0,0.9998863058568711,0.010662745571792365,0.010662745571792365,1.0,1.0
180000.0,0.9998562981735903,0.011987569662347706,0.011987569662347706,1.0,1.0
200000.0,0.9998228274038005,0.013310619677517566,0.013310619677517566,1.0,1.0
220000.0,0.9997859075611233,0.014631897992971044,0.014631897992971044,1.0,1.0
240000.0,0.9997455526153203,0.015951406981195904,0.015951406981195904,1.0,1.0
260000.0,0.9997017764924185,0.01726914901150267,0.01726914901150267,1.0,1.0
280000.0,0.9996545930748364,0.0185851264500293,0.0185851264500293,1.0,1.0
300000.0,0.9996040162015087,0.019899341659745384,0.019899341659745384,1.0,1.0
320000.0,0.9995500596680115,0.021211797000455945,0.021211797000455945,1.0,1.0
340000.0,0.9994927372266864,0.022522494828806305,0.022522494828806305,1.0,1.0
360000.0,0.9994320625867653,0.023831437498285646,0.023831437498285646,1.0,1.0
380000.0,0.9993680494144936,0.025138627359232,0.025138627359232,1.0,1.0
400000.0,0.9993007113332543,0.026444066758835594,0.026444066758835594,1.0,1.0
420000.0,0.9992300619236901,0.02774775804114393,0.02774775804114393,1.0,1.0
440000.0,0.9991561147238276,0.029049703547065486,0.029049703547065486,1.0,1.0
460000.0,0.9990788832291986,0.030349905614373673,0.030349905614373673,1.0,1.0
480000.0,0.9989983808929628,0.03164836657771197,0.03164836657771197,1.0,1.0
500000.0,0.9989146211260292,0.03294508876859714,0.03294508876859714,1.0,1.0
520000.0,0.9988276172971783,0.03424007451542377,0.03424007451542377,1.0,1.0
540000.0,0.9987373827331819,0.035533326143468824,0.035533326143468824,1.0,1.0
560000.0,0.9986439307189252,0.036824845974895104,0.036824845974895104,1.0,1.0
580000.0,0.9985472744975267,0.038114636328756,0.038114636328756,1.0,1.0
600000.0,0.9984474272704579,0.03940269952099951,0.03940269952099951,1.0,1.0
620000.0,0.9983444021976635,0.04068903786447209,0.04068903786447209,1.0,1.0
640000.0,0.9982382123976812,0.04197365366892336,0.04197365366892336,1.0,1.0
660000.0,0.99812887094776,0.043256549241009856,0.043256549241009856,1.0,1.0
680000.0,0.9980163908839796,0.04453772688429902,0.04453772688429902,1.0,1.0
700000.0,0.9979007852013683,0.045817188899273775,0.045817188899273775,1.0,1.0
720000.0,0.9977820668540215,0.047094937583336716,0.047094937583336716,1.0,1.0
740000.0,0.9976602487552203,0.04837097523081346,0.04837097523081346,1.0,1.0
760000.0,0.997535343777546,0.049645304132957646,0.049645304132957646,1.0,1.0
780000.0,0.997407364753002,0.05091792657795457,0.05091792657795457,1.0,1.0
800000.0,0.997276324473126,0.05218884485092557,0.05218884485092557,1.0,1.0
820000.0,0.9971422356891092,0.053458061233931604,0.053458061233931604,1.0,1.0
840000.0,0.9970051111119116,0.054725578005978104,0.054725578005978104,1.0,1.0
860000.0,0.996864963412378,0.05599139744301851,0.05599139744301851,1.0,1.0
880000.0,0.9967218052213532,0.057255521817958455,0.057255521817958455,1.0,1.0
900000.0,0.9965756491297981,0.05851795340066014,0.05851795340066014,1.0,1.0
920000.0,0.9964265076889035,0.05977869445794604,0.05977869445794604,1.0,1.0
940000.0,0.9962743934102053,0.061037747253603,0.061037747253603,1.0,1.0
960000.0,0.9961193187656984,0.062295114048386724,0.062295114048386724,1.0,1.0
980000.0,0.9959612961879514,0.0635507971000252,0.0635507971000252,1.0,1.0
1000000.0,0.995800338070219,0.06480479866322342,0.06480479866322342,1.0,1.0
1020000.0,0.9956364567665565,0.06605712098966687,0.06605712098966687,1.0,1.0
1040000.0,0.9954696645919318,0.06730776632802582,0.06730776632802582,1.0,1.0
1060000.0,0.995299973822339,0.06855673692395936,0.06855673692395936,1.0,1.0
1080000.0,0.9951273966949099,0.06980403502011945,0.06980403502011945,1.0,1.0
1100000.0,0.9949519454080267,0.07104966285615488,0.07104966285615488,1.0,1.0
1120000.0,0.9947736321214334,0.07229362266871542,0.07229362266871542,1.0,1.0
1140000.0,0.9945924689563472,0.07353591669145543,0.07353591669145543,1.0,1.0
1160000.0,0.9944084679955701,0.07477654715503868,0.07477654715503868,1.0,1.0
1180000.0,0.9942216412835994,0.07601551628714132,0.07601551628714132,1.0,1.0
1200000.0,0.9940320008267373,0.07725282631245678,0.07725282631245678,1.0,1.0
1220000.0,0.9938395585932032,0.07848847945269921,0.07848847945269921,1.0,1.0
1240000.0,0.9936443265132414,0.0797224779266078,0.0797224779266078,1.0,1.0
1260000.0,0.9934463164792325,0.08095482394995046,0.08095482394995046,1.0,1.0
1280000.0,0.9932455403458011,0.08218551973552801,0.08218551973552801,1.0,1.0
1300000.0,0.993042009929926,0.08341456749317833,0.08341456749317833,1.0,1.0
1320000.0,0.9928357370110482,0.08464196942977975,0.08464196942977975,1.0,1.0
1340000.0,0.9926267333311798,0.08586772774925544,0.08586772774925544,1.0,1.0
1360000.0,0.9924150105950112,0.08709184465257758,0.08709184465257758,1.0,1.0
1380000.0,0.9922005804700204,0.08831432233777059,0.08831432233777059,1.0,1.0
1400000.0,0.9919834545865783,0.08953516299991593,0.08953516299991593,1.0,1.0
1420000.0,0.9917636445380587,0.09075436883115529,0.09075436883115529,1.0,1.0
1440000.0,0.9915411618809419,0.09197194202069503,0.09197194202069503,1.0,1.0
1460000.0,0.9913160181349243,0.09318788475480988,0.09318788475480988,1.0,1.0
1480000.0,0.9910882247830226,0.0944021992168469,0.0944021992168469,1.0,1.0
1500000.0,0.9908577932716814,0.09561488758722958,0.09561488758722958,1.0,1.0
1520000.0,0.9906247350108772,0.09682595204346145,0.09682595204346145,1.0,1.0
1540000.0,0.9903890613742254,0.09803539476013001,0.09803539476013001,1.0,1.0
1560000.0,0.9901507836990844,0.09924321790891123,0.09924321790891123,1.0,1.0
1580000.0,0.9899099132866609,0.10044942365857246,0.10044942365857246,1.0,1.0
1600000.0,0.9896664614021136,0.10165401417497698,0.10165401417497698,1.0,1.0
1620000.0,0.9894204392746594,0.10285699162108819,0.10285699162108819,1.0,1.0
1640000.0,0.9891718580976753,0.1040583581569724,0.1040583581569724,1.0,1.0
1660000.0,0.9889207290288028,0.10525811593980383,0.10525811593980383,1.0,1.0
1680000.0,0.9886670631900517,0.1064562671238678,0.1064562671238678,1.0,1.0
1700000.0,0.9884108716679025,0.10765281386056491,0.10765281386056491,1.0,1.0
1720000.0,0.9881521655134098,0.10884775829841487,0.10884775829841487,1.0,1.0
1740000.0,0.9878909557423045,0.11004110258306021,0.11004110258306021,1.0,1.0
1760000.0,0.9876272533350957,0.11123284885727025,0.11123284885727025,1.0,1.0
1780000.0,0.9873610692371736,0.1124229992609449,0.1124229992609449,1.0,1.0
1800000.0,0.9870924143589104,0.11361155593111849,0.11361155593111849,1.0,1.0
1820000.0,0.9868212995757616,0.11479852100196387,0.11479852100196387,1.0,1.0
1840000.0,0.9865477357283681,0.11598389660479558,0.11598389660479558,1.0,1.0
1860000.0,0.9862717336226555,0.11716768486807459,0.11716768486807459,1.0,1.0
1880000.0,0.9859933040299362,0.11834988791741131,0.11834988791741131,1.0,1.0
1900000.0,0.9857124576870083,0.11953050787556994,0.11953050787556994,1.0,1.0
1920000.0,0.9854292052962567,0.12070954686247193,0.12070954686247193,1.0,1.0
1940000.0,0.985143557525752,0.12188700699520007,0.12188700699520007,1.0,1.0
1960000.0,0.9848555250093506,0.12306289038800189,0.12306289038800189,1.0,1.0
1980000.0,0.9845651183467932,0.12423719915229413,0.12423719915229413,1.0,1.0
2000000.0,0.984272348103804,0.125409935396666,0.125409935396666,1.0,1.0
2020000.0,0.9839772248121896,0.1265811012268827,0.1265811012268827,1.0,1.0
2040000.0,0.9836797589699371,0.12775069874589018,0.12775069874589018,1.0,1.0
2060000.0,0.9833799610413106,0.12891873005381804,0.12891873005381804,1.0,1.0
2080000.0,0.9830778414569532,0.1300851972479834,0.1300851972479834,1.0,1.0
2100000.0,0.9827734106139795,0.13125010242289525,0.13125010242289525,1.0,1.0
2120000.0,0.982466678876076,0.13241344767025764,0.13241344767025764,1.0,1.0
2140000.0,0.982157656573597,0.1335752350789735,0.1335752350789735,1.0,1.0
2160000.0,0.9818463540036616,0.1347354667351488,0.1347354667351488,1.0,1.0
2180000.0,0.9815327814302501,0.1358941447220956,0.1358941447220956,1.0,1.0
2200000.0,0.9812169490843,0.13705127112033644,0.13705127112033644,1.0,1.0
2220000.0,0.9808988671638018,0.13820684800760796,0.13820684800760796,1.0,1.0
2240000.0,0.9805785458338955,0.13936087745886416,0.13936087745886416,1.0,1.0
2260000.0,0.9802559952269642,0.1405133615462807,0.1405133615462807,1.0,1.0
2280000.0,0.9799312254427313,0.1416643023392582,0.1416643023392582,1.0,1.0
2300000.0,0.9796042465483537,0.14281370190442644,0.14281370190442644,1.0,1.0
2320000.0,0.9792750685785171,0.1439615623056476,0.1439615623056476,1.0,1.0
2340000.0,0.9789437015355307,0.14510788560401988,0.14510788560401988,1.0,1.0
2360000.0,0.97861015538942,0.146252673857882,0.146252673857882,1.0,1.0
2380000.0,0.9782744400780219,0.14739592912281585,0.14739592912281585,1.0,1.0
2400000.0,0.9779365655070772,0.14853765345165093,0.14853765345165093,1.0,1.0
2420000.0,0.9775965415503248,0.14967784889446778,0.14967784889446778,1.0,1.0
2440000.0,0.977254378049594,0.1508165174986016,0.1508165174986016,1.0,1.0
2460000.0,0.9769100848148973,0.15195366130864618,0.15195366130864618,1.0,1.0
2480000.0,0.9765636716245231,0.15308928236645702,0.15308928236645702,1.0,1.0
2500000.0,0.9762151482251283,0.15422338271115588,0.15422338271115588,1.0,1.0
2520000.0,0.9758645243318295,0.15535596437913346,0.15535596437913346,1.0,1.0
2540000.0,0.9755118096282949,0.15648702940405368,0.15648702940405368,1.0,1.0
2560000.0,0.9751570137668363,0.15761657981685728,0.15761657981685728,1.0,1.0
2580000.0,0.9748001463684998,0.1587446176457652,0.1587446176457652,1.0,1.0
2600000.0,0.974441217023157,0.15987114491628263,0.15987114491628263,1.0,1.0
2620000.0,0.9740802352895952,0.16099616365120217,0.16099616365120217,1.0,1.0
2640000.0,0.973717210695609,0.1621196758706076,0.1621196758706076,1.0,1.0
2660000.0,0.9733521527380892,0.16324168359187807,0.16324168359187807,1.0,1.0
2680000.0,0.9729850708831134,0.16436218882969067,0.16436218882969067,1.0,1.0
2700000.0,0.9726159745660348,0.16548119359602498,0.16548119359602498,1.0,1.0
2720000.0,0.9722448731915743,0.1665986999001664,0.1665986999001664,1.0,1.0
2740000.0,0.9718717761339061,0.1677147097487094,0.1677147097487094,1.0,1.0
2760000.0,0.9714966927367495,0.16882922514556153,0.16882922514556153,1.0,1.0
2780000.0,0.9711196323134551,0.16994224809194713,0.16994224809194713,1.0,1.0
2800000.0,0.9707406041470962,0.1710537805864103,0.1710537805864103,1.0,1.0
2820000.0,0.9703596174905545,0.17216382462481916,0.17216382462481916,1.0,1.0
2840000.0,0.9699766815666092,0.1732723822003691,0.1732723822003691,1.0,1.0
2860000.0,0.9695918055680244,0.17437945530358645,0.17437945530358645,1.0,1.0
2880000.0,0.9692049986576371,0.17548504592233194,0.17548504592233194,1.0,1.0
2900000.0,0.9688162699684433,0.17658915604180425,0.17658915604180425,1.0,1.0
2920000.0,0.9684256286036863,0.17769178764454396,0.17769178764454396,1.0,1.0
2940000.0,0.9680330836369424,0.17879294271043666,0.17879294271043666,1.0,1.0
2960000.0,0.9676386441122087,0.17989262321671662,0.17989262321671662,1.0,1.0
2980000.0,0.9672423190439867,0.18099083113797043,0.18099083113797043,1.0,1.0
3000000.0,0.9668441174173721,0.1820875684461406,0.1820875684461406,1.0,1.0
3020000.0,0.9664440481881375,0.18318283711052896,0.18318283711052896,1.0,1.0
3040000.0,0.9660421202828191,0.18427663909780012,0.18427663909780012,1.0,1.0
3060000.0,0.9656383425988023,0.1853689763719854,0.1853689763719854,1.0,1.0
3080000.0,0.9652327240044062,0.18645985089448558,0.18645985089448558,1.0,1.0
3100000.0,0.9648252733389685,0.18754926462407562,0.18754926462407562,1.0,1.0
3120000.0,0.9644159994129303,0.18863721951690682,0.18863721951690682,1.0,1.0
3140000.0,0.9640049110079204,0.1897237175265114,0.1897237175265114,1.0,1.0
3160000.0,0.9635920168768397,0.1908087606038055,0.1908087606038055,1.0,1.0
3180000.0,0.963177325743944,0.1918923506970927,0.1918923506970927,1.0,1.0
3200000.0,0.9627608463049291,0.19297448975206766,0.19297448975206766,1.0,1.0
3220000.0,0.9623425872270134,0.19405517971181963,0.19405517971181963,1.0,1.0
3240000.0,0.961922557149021,0.19513442251683577,0.19513442251683577,1.0,1.0
3260000.0,0.9615007646814653,0.1962122201050046,0.1962122201050046,1.0,1.0
3280000.0,0.9610772184066306,0.19728857441162007,0.19728857441162007,1.0,1.0
3300000.0,0.9606519268786563,0.19836348736938395,0.19836348736938395,1.0,1.0
3320000.0,0.9602248986236172,0.19943696090841048,0.19943696090841048,1.0,1.0
3340000.0,0.9597961421396071,0.2005089969562288,0.2005089969562288,1.0,1.0
3360000.0,0.9593656658968196,0.2015795974377873,0.2015795974377873,1.0,1.0
3380000.0,0.9589334783376305,0.20264876427545642,0.20264876427545642,1.0,1.0
3400000.0,0.9584995878766783,0.20371649938903244,0.20371649938903244,1.0,1.0
3420000.0,0.9580640029009461,0.20478280469574084,0.20478280469574084,1.0,1.0
3440000.0,0.9576267317698417,0.20584768211023974,0.20584768211023974,1.0,1.0
3460000.0,0.957187782815279,0.20691113354462318,0.20691113354462318,1.0,1.0
3480000.0,0.9567471643417583,0.20797316090842488,0.20797316090842488,1.0,1.0
3500000.0,0.9563048846264461,0.20903376610862157,0.20903376610862157,1.0,1.0
3520000.0,0.955860951919255,0.2100929510496362,0.2100929510496362,1.0,1.0
3540000.0,0.9554153744429249,0.21115071763334148,0.21115071763334148,1.0,1.0
3560000.0,0.9549681603931003,0.21220706775906342,0.21220706775906342,1.0,1.0
3580000.0,0.9545193179384115,0.21326200332358447,0.21326200332358447,1.0,1.0
3600000.0,0.9540688552205526,0.21431552622114733,0.21431552622114733,1.0,1.0
3620000.0,0.9536167803543614,0.21536763834345807,0.21536763834345807,1.0,1.0
3640000.0,0.953163101427897,0.21641834157968937,0.21641834157968937,1.0,1.0
3660000.0,0.9527078265025185,0.21746763781648418,0.21746763781648418,1.0,1.0
3680000.0,0.9522509636129639,0.21851552893795934,0.21851552893795934,1.0,1.0
3700000.0,0.9517925207674274,0.21956201682570817,0.21956201682570817,1.0,1.0
3720000.0,0.9513325059476376,0.22060710335880473,0.22060710335880473,1.0,1.0
3740000.0,0.9508709271089347,0.22165079041380675,0.22165079041380675,1.0,1.0
3760000.0,0.950407792180348,0.22269307986475884,0.22269307986475884,1.0,1.0
3780000.0,0.9499431090646735,0.22373397358319635,0.22373397358319635,1.0,1.0
3800000.0,0.94947688563855,0.22477347343814824,0.22477347343814824,1.0,1.0
3820000.0,0.9490091297525365,0.22581158129614065,0.22581158129614065,1.0,1.0
3840000.0,0.948539849231188,0.22684829902120052,0.22684829902120052,1.0,1.0
3860000.0,0.9480690518731327,0.2278836284748585,0.2278836284748585,1.0,1.0
3880000.0,0.9475967454511474,0.2289175715161521,0.2289175715161521,1.0,1.0
3900000.0,0.9471229377122334,0.22995013000163,0.22995013000163,1.0,1.0
3920000.0,0.9466476363776926,0.23098130578535447,0.23098130578535447,1.0,1.0
3940000.0,0.9461708491432022,0.23201110071890496,0.23201110071890496,1.0,1.0
3960000.0,0.9456925836788904,0.23303951665138156,0.23303951665138156,1.0,1.0
3980000.0,0.9452128476294117,0.23406655542940824,0.23406655542940824,1.0,1.0
4000000.0,0.944731648614021,0.23509221889713608,0.23509221889713608,1.0,1.0
4020000.0,0.9442489942266488,0.23611650889624647,0.23611650889624647,1.0,1.0
4040000.0,0.9437648920359748,0.23713942726595516,0.23713942726595516,1.0,1.0
4060000.0,0.9432793495855031,0.23816097584301446,0.23816097584301446,1.0,1.0
4080000.0,0.9427923743936355,0.23918115646171723,0.23918115646171723,1.0,1.0
4100000.0,0.9423039739537455,0.2401999709539001,0.2401999709539001,1.0,1.0
4120000.0,0.9418141557342516,0.24121742114894684,0.24121742114894684,1.0,1.0
4140000.0,0.9413229271786909,0.24223350887379103,0.24223350887379103,0.9999999999999999,1.0
4160000.0,0.9408302957057926,0.2432482359529201,0.2432482359529201,1.0,1.0
4180000.0,0.9403362687095496,0.2442616042083783,0.2442616042083783,0.9999999999999999,1.0
4200000.0,0.9398408535592928,0.2452736154597701,0.2452736154597701,0.9999999999999999,1.0
4220000.0,0.9393440575997631,0.2462842715242629,0.2462842715242629,0.9999999999999999,1.0
4240000.0,0.9388458881511832,0.2472935742165912,0.2472935742165912,0.9999999999999999,1.0
4260000.0,0.9383463525093305,0.248301525349059,0.248301525349059,0.9999999999999996,1.0
4280000.0,0.9378454579456084,0.24930812673154396,0.24930812673154396,0.9999999999999993,1.0
4300000.0,0.9373432117071185,0.2503133801714994,0.2503133801714994,0.9999999999999992,1.0
4320000.0,0.9368396210167313,0.2513172874739589,0.2513172874739589,0.999999999999999,1.0
4340000.0,0.9363346930731594,0.2523198504415385,0.2523198504415385,0.9999999999999982,1.0
4360000.0,0.9358284350510263,0.25332107087444067,0.25332107087444067,0.9999999999999973,1.0
4380000.0,0.9353208541009387,0.25432095057045695,0.25432095057045695,0.9999999999999962,1.0
4400000.0,0.934811957349557,0.2553194913249716,0.2553194913249716,0.9999999999999947,1.0
4420000.0,0.9343017518996659,0.2563166949309646,0.2563166949309646,0.9999999999999925,1.0
4440000.0,0.9337902448302442,0.25731256317901513,0.25731256317901513,0.9999999999999893,1.0
4460000.0,0.933277443196535,0.2583070978573041,0.2583070978573041,0.9999999999999848,1.0
4480000.0,0.9327633540301175,0.25930030075161814,0.25930030075161814,0.9999999999999787,1.0
4500000.0,0.9322479843389735,0.2602921736453527,0.2602921736453527,0.99999999999997,1.0
4520000.0,0.9317313411075594,0.26128271831951455,0.26128271831951455,0.999999999999958,1.0
4540000.0,0.931213431296875,0.26227193655272574,0.26227193655272574,0.9999999999999415,1.0
4560000.0,0.9306942618445321,0.2632598301212263,0.2632598301212263,0.9999999999999187,1.0
4580000.0,0.9301738396648231,0.2642464007988776,0.2642464007988776,0.9999999999998873,1.0
4600000.0,0.9296521716487924,0.26523165035716534,0.26523165035716534,0.9999999999998443,1.0
4620000.0,0.9291292646643017,0.26621558056520267,0.26621558056520267,0.9999999999997857,1.0
4640000.0,0.9286051255561,0.2671981931897337,0.2671981931897337,0.9999999999997059,1.0
4660000.0,0.9280797611458911,0.26817948999513563,0.26817948999513563,0.9999999999995977,1.0
4680000.0,0.9275531782324031,0.2691594727434228,0.2691594727434228,0.9999999999994514,1.0
4700000.0,0.9270253835914545,0.2701381431942488,0.2701381431942488,0.9999999999992543,1.0
4720000.0,0.926496383976023,0.27111550310490995,0.27111550310490995,0.9999999999989893,1.0
4740000.0,0.9259661861163117,0.2720915542303474,0.2720915542303474,0.9999999999986341,1.0
4760000.0,0.9254347967198174,0.273066298323151,0.273066298323151,0.9999999999981599,1.0
4780000.0,0.9249022224713979,0.2740397371335605,0.2740397371335605,0.9999999999975283,1.0
4800000.0,0.9243684700333373,0.27501187240946867,0.27501187240946867,0.9999999999966898,1.0
4820000.0,0.9238335460454147,0.2759827058964236,0.2759827058964236,0.9999999999955794,1.0
4840000.0,0.923297457124969,0.27695223933763014,0.27695223933763014,0.9999999999941135,1.0
4860000.0,0.9227602098669662,0.27792047447395163,0.27792047447395163,0.9999999999921837,1.0
4880000.0,0.9222218108440652,0.27888741304391085,0.27888741304391085,0.9999999999896504,1.0
4900000.0,0.9216822666066835,0.2798530567836913,0.2798530567836913,0.9999999999863338,1.0
4920000.0,0.9211415836830636,0.280817407427136,0.280817407427136,0.999999999982004,1.0
4940000.0,0.9205997685793382,0.28178046670574736,0.28178046670574736,0.9999999999763663,1.0
4960000.0,0.9200568277795953,0.28274223634868534,0.28274223634868534,0.9999999999690461,1.0
4980000.0,0.9195127677459431,0.28370271808276337,0.28370271808276337,0.9999999999595659,1.0
5000000.0,0.9189675949185776,0.2846619136324444,0.2846619136324444,0.9999999999473211,1.0
5020000.0,0.9184213157158427,0.2856198247198339,0.2856198247198339,0.9999999999315466,1.0
5040000.0,0.9178739365342997,0.2865764530646704,0.2865764530646704,0.9999999999112772,1.0
5060000.0,0.9173254637487891,0.2875318003843143,0.2875318003843143,0.9999999998852988,1.0
5080000.0,0.916775903712495,0.28848586839373136,0.28848586839373136,0.9999999998520872,1.0
5100000.0,0.9162252627570096,0.28943865880547387,0.28943865880547387,0.9999999998097348,1.0
5120000.0,0.9156735471923981,0.29039017332965467,0.29039017332965467,0.9999999997558593,1.0
5140000.0,0.9151207633072607,0.29134041367391655,0.29134041367391655,0.9999999996874938,1.0
5160000.0,0.9145669173687971,0.29228938154339246,0.29228938154339246,0.9999999996009509,1.0
5180000.0,0.9140120156228705,0.29323707864065807,0.29323707864065807,0.9999999994916612,1.0
5200000.0,0.9134560642940692,0.2941835066656719,0.2941835066656719,0.9999999993539734,1.0
5220000.0,0.9128990695857714,0.2951286673157028,0.2951286673157028,0.9999999991809165,1.0
5240000.0,0.9123410376802066,0.2960725622852422,0.2960725622852422,0.9999999989639117,1.0
5260000.0,0.9117819747385192,0.2970151932658961,0.2970151932658961,0.9999999986924256,1.0
5280000.0,0.9112218869008307,0.2979565619462556,0.2979565619462556,0.9999999983535557,1.0
5300000.0,0.9106607802863024,0.29889667001174014,0.29889667001174014,0.9999999979315326,1.0
5320000.0,0.9100986609931967,0.2998355191444102,0.2998355191444102,0.9999999974071283,1.0
5340000.0,0.9095355350989399,0.30077311102274135,0.30077311102274135,0.9999999967569492,1.0
5360000.0,0.9089714086601839,0.30170944732135513,0.30170944732135513,0.9999999959525981,1.0
5380000.0,0.9084062877128672,0.30264452971069766,0.30264452971069766,0.999999994959679,1.0
5400000.0,0.9078401782722774,0.30357835985665893,0.30357835985665893,0.999999993736622,1.0
5420000.0,0.9072730863331113,0.30451093942011936,0.30451093942011936,0.9999999922332954,1.0
5440000.0,0.9067050178695373,0.30544227005641533,0.30544227005641533,0.999999990389373,1.0
5460000.0,0.9061359788352553,0.30637235341470703,0.30637235341470703,0.9999999881324149,1.0
5480000.0,0.9055659751635581,0.3073011911372348,0.3073011911372348,0.9999999853756182,1.0
5500000.0,0.9049950127673918,0.30822878485844657,0.30822878485844657,0.9999999820151875,1.0
5520000.0,0.9044230975394157,0.3091551362039727,0.3091551362039727,0.9999999779272645,1.0
5540000.0,0.9038502353520642,0.3100802467894307,0.3100802467894307,0.999999972964355,1.0
5560000.0,0.9032764320576043,0.311004118219028,0.311004118219028,0.9999999669511741,1.0
5580000.0,0.9027016934881984,0.31192675208393617,0.31192675208393617,0.9999999596798304,1.0
5600000.0,0.9021260254559621,0.3128481499604025,0.3128481499604025,0.9999999509042533,1.0
5620000.0,0.9015494337530242,0.3137683134075615,0.3137683134075615,0.9999999403337592,1.0
5640000.0,0.9009719241515868,0.31468724396490205,0.31468724396490205,0.9999999276256359,1.0
5660000.0,0.9003935024039837,0.31560494314934434,0.31560494314934434,0.9999999123766178,1.0
5680000.0,0.8998141742427396,0.31652141245187326,0.31652141245187326,0.9999998941131015,1.0
5700000.0,0.8992339453806301,0.31743665333366716,0.31743665333366716,0.9999998722799412,1.0
5720000.0,0.8986528215107389,0.3183506672216577,0.3183506672216577,0.9999998462276439,1.0
5740000.0,0.8980708083065176,0.31926345550344576,0.31926345550344576,0.9999998151977637,1.0
5760000.0,0.8974879114218436,0.32017501952149213,0.32017501952149213,0.9999997783062742,1.0
5780000.0,0.8969041364910778,0.32108536056649356,0.32108536056649356,0.9999997345246826,1.0
5800000.0,0.8963194891291244,0.321994479869844,0.321994479869844,0.9999996826586112,1.0
5820000.0,0.8957339749314871,0.32290237859507115,0.32290237859507115,0.9999996213235662,1.0
5840000.0,0.8951475994743278,0.32380905782813,0.32380905782813,0.9999995489175648,1.0
5860000.0,0.8945603683145238,0.3247145185664191,0.3247145185664191,0.9999994635902861,1.0
5880000.0,0.8939722869897255,0.32561876170637866,0.32561876170637866,0.9999993632083608,1.0
5900000.0,0.8933833610184131,0.32652178802951165,0.32652178802951165,0.999999245316398,1.0
5920000.0,0.8927935958999558,0.32742359818665817,0.32742359818665817,0.9999991070933067,1.0
5940000.0,0.8922029971146653,0.32832419268034035,0.32832419268034035,0.9999989453034354,1.0
5960000.0,0.8916115701238563,0.3292235718449738,0.3292235718449738,0.999998756242021,1.0
5980000.0,0.8910193203698993,0.3301217358247343,0.3301217358247343,0.9999985356743976,1.0
6000000.0,0.8904262532762811,0.3310186845488449,0.3310186845488449,0.999998278768377,1.0
6020000.0,0.8898323742476583,0.33191441770403485,0.33191441770403485,0.9999979800191767,1.0
6040000.0,0.8892376886699144,0.3328089347039044,0.3328089347039044,0.999997633166227,1.0
6060000.0,0.8886422019102157,0.3337022346549081,0.3337022346549081,0.9999972311011479,1.0
6080000.0,0.8880459193170678,0.33459431631865566,0.33459431631865566,0.9999967657661505,1.0
6100000.0,0.8874488462203698,0.33548517807020534,0.33548517807020534,0.9999962280420694,1.0
6120000.0,0.8868509879314715,0.336374817852008,0.336374817852008,0.9999956076251939,1.0
6140000.0,0.886252349743228,0.337263233123143,0.337263233123143,0.9999948928920255,1.0
6160000.0,0.8856529369300544,0.33815042080346175,0.33815042080346175,0.99999407075105,1.0
6180000.0,0.8850527547479821,0.33903637721224184,0.33903637721224184,0.9999931264805711,1.0
6200000.0,0.8844518084347129,0.3399210980009305,0.3399210980009305,0.999992043551618,1.0
6220000.0,0.8838501032096738,0.34080457807954356,0.34080457807954356,0.9999908034349014,1.0
6240000.0,0.883247644274072,0.34168681153626074,0.34168681153626074,0.999989385390766,1.0
6260000.0,0.8826444368109484,0.342567791549749,0.342567791549749,0.9999877662410493,1.0
6280000.0,0.882040485985234,0.34344751029372367,0.34344751029372367,0.9999859201217429,1.0
6300000.0,0.8814357969438014,0.34432595883324707,0.34432595883324707,0.9999838182153177,1.0
6320000.0,0.8808303748155204,0.3452031270122481,0.3452031270122481,0.9999814284615712,1.0
6340000.0,0.8802242247113115,0.3460790033317358,0.3460790033317358,0.9999787152458335,1.0
6360000.0,0.8796173517241999,0.34695357481817346,0.34695357481817346,0.9999756390633705,1.0
6380000.0,0.8790097609293687,0.34782682688146865,0.34782682688146865,0.9999721561588228,1.0
6400000.0,0.8784014573842119,0.3486987431620336,0.3486987431620336,0.9999682181395231,1.0
6420000.0,0.8777924461283886,0.349569305366367,0.349569305366367,0.9999637715615605,1.0
6440000.0,0.8771827321838748,0.35043849309061165,0.35043849309061165,0.9999587574874768,1.0
6460000.0,0.8765723205550181,0.3513062836315468,0.3513062836315468,0.9999531110145213,1.0
6480000.0,0.8759612162285889,0.3521726517844826,0.3521726517844826,0.9999467607724276,1.0
6500000.0,0.8753494241738338,0.3530375696275374,0.3530375696275374,0.9999396283897365,1.0
6520000.0,0.8747369493425278,0.35390100629179616,0.35390100629179616,0.9999316279277545,1.0
6540000.0,0.874123796669027,0.3547629277168702,0.3547629277168702,0.9999226652813031,1.0
6560000.0,0.8735099710703205,0.35562329639140217,0.35562329639140217,0.9999126375455176,1.0
6580000.0,0.872895477446082,0.3564820710780977,0.3564820710780977,0.9999014323480431,1.0
6600000.0,0.8722803206787237,0.3573392065228948,0.3573392065228948,0.9998889271460918,1.0
6620000.0,0.8716645056334446,0.3581946531479291,0.3581946531479291,0.9998749884879472,1.0
6640000.0,0.8710480371582858,0.3590483567279994,0.3590483567279994,0.9998594712386502,1.0
6660000.0,0.87043092008418,0.3599002580502913,0.3599002580502913,0.9998422177697313,1.0
6680000.0,0.8698131592250022,0.3607502925571761,0.3607502925571761,0.9998230571130415,1.0
6700000.0,0.8691947593776226,0.3615983899719663,0.3615983899719663,0.9998018040788936,1.0
6720000.0,0.8685757253219563,0.3624444739075831,0.3624444739075831,0.9997782583389183,1.0
6740000.0,0.867956061821015,0.3632884614581653,0.3632884614581653,0.9997522034742523,1.0
6760000.0,0.8673357736209582,0.3641302627737332,0.3641302627737332,0.9997234059898668,1.0
6780000.0,0.866714865451141,0.3649697806181099,0.3649697806181099,0.9996916142960937,1.0
6800000.0,0.8660933420241688,0.3658069099103978,0.3658069099103978,0.9996565576586268,1.0
6820000.0,0.8654712080359447,0.36664153725040427,0.36664153725040427,0.999617945118529,1.0
6840000.0,0.8648484681657193,0.3674735404285213,0.3674735404285213,0.9995754643840218,1.0
6860000.0,0.8642251270761435,0.368302787920668,0.368302787920668,0.9995287806961133,1.0
6880000.0,0.863601189413316,0.3691291383690236,0.3691291383690236,0.9994775356703745,1.0
6900000.0,0.862976659806834,0.36995244004939565,0.36995244004939565,0.9994213461174591,1.0
6920000.0,0.8623515428698415,0.37077253032618984,0.37077253032618984,0.999359802845242,1.0
6940000.0,0.8617258431990816,0.37158923509607494,0.37158923509607494,0.9992924694457344,1.0
6960000.0,0.8610995653749434,0.3724023682215639,0.3724023682215639,0.9992188810702198,1.0
6980000.0,0.860472713961511,0.373211730955863,0.373211730955863,0.99913854319634,1.0
7000000.0,0.8598452935066152,0.3740171113604701,0.3740171113604701,0.9990509303911471,1.0
7020000.0,0.8592173085418785,0.374818283717141,0.374818283717141,0.9989554850744158,1.0
7040000.0,0.8585887635827681,0.3756150079359666,0.3756150079359666,0.9988516162867841,1.0
7060000.0,0.8579596631286415,0.3764070289614464,0.3764070289614464,0.998738698467563,1.0
7080000.0,0.8573300116627959,0.37719407617856054,0.37719407617856054,0.9986160702473124,1.0
7100000.0,0.8566998136525169,0.37797586282097967,0.37797586282097967,0.9984830332605191,1.0
7120000.0,0.8560690735491261,0.37875208538367383,0.37875208538367383,0.998338850983967,1.0
7140000.0,0.8554377957880306,0.3795224230422952,0.3795224230422952,0.9981827476065848,1.0
7160000.0,0.8548059847887679,0.3802865370818321,0.3802865370818321,0.9980139069367726,1.0
7180000.0,0.8541736449550582,0.3810440703371319,0.3810440703371319,0.9978314713533873,1.0
7200000.0,0.853540780674848,0.38179464664799945,0.38179464664799945,0.9976345408067213,1.0
7220000.0,0.8529073963203597,0.38253787033166126,0.38253787033166126,0.9974221718759534,1.0
7240000.0,0.8522734962481384,0.3832733256754776,0.3832733256754776,0.997193376889657,1.0
7260000.0,0.8516390847990999,0.38400057645285546,0.38400057645285546,0.996947123116037,1.0
7280000.0,0.8510041662985768,0.3847191654653767,0.3847191654653767,0.99668233202962,1.0
7300000.0,0.8503687450563662,0.3854286141142134,0.3854286141142134,0.9963978786611531,1.0
7320000.0,0.8497328253667766,0.38612842200393444,0.38612842200393444,0.9960925910374565,1.0
7340000.0,0.8490964115086739,0.3868180665818395,0.3868180665818395,0.9957652497179295,1.0
7360000.0,0.8484595077455293,0.3874970028159673,0.3874970028159673,0.9954145874343541,1.0
7380000.0,0.8478221183254646,0.38816466291492135,0.38816466291492135,0.9950392888405085,1.0
7400000.0,0.8471842474812991,0.3888204560926426,0.3888204560926426,0.9946379903779791,1.0
7420000.0,0.8465458994305961,0.38946376838122154,0.38946376838122154,0.9942092802643621,1.0
7440000.0,0.845907078375708,0.39009396249479783,0.39009396249479783,0.9937516986098396,1.0
7460000.0,0.8452677885038231,0.3907103777475291,0.3907103777475291,0.9932637376678576,1.0
7480000.0,0.8446280339870118,0.3913123300285246,0.3913123300285246,0.9927438422253333,1.0
7500000.0,0.843987818982271,0.3918991118365515,0.3918991118365515,0.992190410137505,1.0
7520000.0,0.8433471476315708,0.392469992377191,0.392469992377191,0.9916017930121583,1.0
7540000.0,0.8427060240618993,0.3930242177250057,0.3930242177250057,0.9909762970475807,1.0
7560000.0,0.8420644523853082,0.39356101105311597,0.39356101105311597,0.990312184028137,1.0
7580000.0,0.8414224366989584,0.3940795729324288,0.3940795729324288,0.9896076724809184,1.0
7600000.0,0.8407799810851637,0.394579081702573,0.394579081702573,0.9888609389963989,1.0
7620000.0,0.8401370896114375,0.3950586939164029,0.3950586939164029,0.9880701197155111,1.0
7640000.0,0.8394937663305364,0.3955175448597156,0.3955175448597156,0.9872333119849956,1.0
7660000.0,0.8388500152805052,0.395954749147602,0.395954749147602,0.9863485761822952,1.0
7680000.0,0.8382058404847211,0.39636940139861043,0.39636940139861043,0.985413937710652,1.0
7700000.0,0.8375612459519396,0.3967605769876475,0.3967605769876475,0.9844273891644494,1.0
7720000.0,0.8369162356763361,0.39712733287827423,0.39712733287827423,0.9833868926641803,1.0
7740000.0,0.8362708136375531,0.3974687085347792,0.3974687085347792,0.9822903823597643,1.0
7760000.0,0.835624983800742,0.3977837269141214,0.3977837269141214,0.9811357671002677,1.0
7780000.0,0.8349787501166083,0.3980713955375448,0.3980713955375448,0.9799209332673844,1.0
7800000.0,0.8343321165214543,0.39833070764135525,0.39833070764135525,0.978643747769349,1.0
7820000.0,0.833685086937224,0.39856064340604946,0.39856064340604946,0.9773020611912591,1.0
7840000.0,0.8330376652715458,0.39876017126266905,0.39876017126266905,0.9758937110970933,1.0
7860000.0,0.8323898554177762,0.3989282492749273,0.3989282492749273,0.974416525477993,1.0
7880000.0,0.8317416612550431,0.3990638265953555,0.3990638265953555,0.9728683263407492,1.0
7900000.0,0.8310930866482895,0.39916584499337804,0.39916584499337804,0.9712469334296975,1.0
7920000.0,0.8304441354483143,0.3992332404529131,0.3992332404529131,0.9695501680746025,1.0
7940000.0,0.8297948114918192,0.39926494483679625,0.39926494483679625,0.9677758571564848,1.0
7960000.0,0.8291451186014478,0.3992598876149807,0.3992598876149807,0.9659218371826692,1.0
7980000.0,0.8284950605858304,0.3992169976532023,0.3992169976532023,0.963985958461804,1.0
8000000.0,0.8278446412396258,0.39913520505847194,0.39913520505847194,0.9619660893689903,1.0
8020000.0,0.8271938643435637,0.39901344307747855,0.39901344307747855,0.9598601206906231,1.0
8040000.0,0.8265427336644875,0.39885065004372156,0.39885065004372156,0.9576659700380772,1.0
8060000.0,0.8258912529553959,0.39864577136890594,0.39864577136890594,0.9553815863188708,1.0
8080000.0,0.8252394259554858,0.3983977615738966,0.3983977615738966,0.9530049542535178,1.0
8100000.0,0.8245872563901936,0.398105586354296,0.398105586354296,0.9505340989259283,1.0
8120000.0,0.8239347479712371,0.39776822467546946,0.39776822467546946,0.9479670903548179,1.0
8140000.0,0.8232819043966575,0.3973846708916627,0.3973846708916627,0.9453020480733454,1.0
8160000.0,0.8226287293508612,0.39695393688366853,0.39695393688366853,0.942537145703945,1.0
8180000.0,0.82197522650466,0.39647505420931295,0.39647505420931295,0.9396706155150618,1.0
8200000.0,0.8213213995153151,0.3959470762609325,0.3959470762609325,0.9367007529464728,1.0
8220000.0,0.8206672520265756,0.39536908042384195,0.39536908042384195,0.9336259210896451,1.0
8240000.0,0.8200127876687209,0.39474017022973773,0.39474017022973773,0.9304445551096585,1.0
8260000.0,0.8193580100586018,0.3940594774988748,0.3940594774988748,0.9271551665951613,1.0
8280000.0,0.8187029227996815,0.3933261644648267,0.3933261644648267,0.9237563478229447,1.0
8300000.0,0.8180475294820755,0.39253942587557766,0.39253942587557766,0.9202467759237726,1.0
8320000.0,0.8173918336825936,0.39169849106474125,0.39169849106474125,0.9166252169363949,1.0
8340000.0,0.8167358389647794,0.39080262598665994,0.39080262598665994,0.9128905297367544,1.0
8360000.0,0.8160795488789512,0.38985113520924286,0.38985113520924286,0.9090416698298247,1.0
8380000.0,0.8154229669622421,0.38884336385842005,0.38884336385842005,0.9050776929917195,1.0
8400000.0,0.8147660967386409,0.38777869950821714,0.38777869950821714,0.9009977587501923,1.0
8420000.0,0.814108941719031,0.38665657401055537,0.38665657401055537,0.8968011336920128,1.0
8440000.0,0.8134515054012316,0.3854764652590334,0.3854764652590334,0.8924871945862283,1.0
8460000.0,0.8127937912700369,0.3842378988810946,0.3842378988810946,0.8880554313127971,1.0
8480000.0,0.8121358027972558,0.38294044985318054,0.38294044985318054,0.8835054495866583,1.0
8500000.0,0.8114775434417523,0.38158374403368817,0.38158374403368817,0.8788369734679399,1.0
8520000.0,0.8108190166494841,0.3801674596087481,0.3801674596087481,0.8740498476495837,1.0
8540000.0,0.8101602258535424,0.37869132844610454,0.37869132844610454,0.8691440395143619,1.0
8560000.0,0.8095011744741918,0.3771551373526701,0.3771551373526701,0.8641196409540435,1.0
8580000.0,0.8088418659189084,0.3755587292315298,0.3755587292315298,0.8589768699440019,1.0
8600000.0,0.8081823035824192,0.3739020041345915,0.3739020041345915,0.8537160718676058,1.0
8620000.0,0.8075224908467427,0.37218492020725047,0.37218492020725047,0.8483377205851766,1.0
8640000.0,0.8068624310812249,0.3704074945218961,0.3704074945218961,0.8428424192434059,1.0
8660000.0,0.8062021276425799,0.3685698037973298,0.3685698037973298,0.8372309008217091,1.0
8680000.0,0.8055415838749291,0.36667198500157044,0.36667198500157044,0.8315040284129498,1.0
8700000.0,0.804880803109838,0.36471423583584994,0.36471423583584994,0.8256627952367206,1.0
8720000.0,0.8042197886663559,0.36269681509799084,0.36269681509799084,0.8197083243842608,1.0
8740000.0,0.8035585438510534,0.36062004292370387,0.36062004292370387,0.8136418682948579,1.0
8760000.0,0.8028970719580613,0.35848430090474964,0.35848430090474964,0.8074648079644895,1.0
8780000.0,0.8022353762691082,0.35629003208326937,0.35629003208326937,0.8011786518882453,1.0
8800000.0,0.801573460053559,0.3540377408219534,0.3540377408219534,0.7947850347388389,1.0
8820000.0,0.8009113265684529,0.35172799255014303,0.35172799255014303,0.788285715784439,1.0
8840000.0,0.8002489790585395,0.3493614133863019,0.3493614133863019,0.7816825770497496,1.0
8860000.0,0.7995864207563188,0.3469386896376464,0.3469386896376464,0.7749776212249906,1.0
8880000.0,0.7989236548820777,0.34446056717817247,0.34446056717817247,0.7681729693283443,1.0
8900000.0,0.7982606846439264,0.3419278507065967,0.3419278507065967,0.7612708581279836,1.0
8920000.0,0.7975975132378386,0.339341402886126,0.339341402886126,0.7542736373305715,1.0
8940000.0,0.7969341438476854,0.3367021433682963,0.3367021433682963,0.7471837665437502,1.0
8960000.0,0.7962705796452744,0.3340110477034941,0.3340110477034941,0.7400038120208381,1.0
8980000.0,0.7956068237903873,0.33126914614103,0.33126914614103,0.7327364431964252,1.0
9000000.0,0.7949428794308144,0.3284775223220322,0.3284775223220322,0.7253844290222768,1.0
9020000.0,0.7942787497023935,0.32563731186863015,0.32563731186863015,0.7179506341133022,1.0
9040000.0,0.7936144377290468,0.3227497008732606,0.3227497008732606,0.7104380147139809,1.0
9060000.0,0.7929499466228151,0.3198159242921353,0.3198159242921353,0.7028496144959566,1.0
9080000.0,0.7922852794838973,0.31683726424720005,0.31683726424720005,0.6951885601980083,1.0
9100000.0,0.7916204394006844,0.31381504824114326,0.31381504824114326,0.6874580571199385,1.0
9120000.0,0.7909554294497978,0.3107506472901517,0.3107506472901517,0.6796613844820819,1.0
9140000.0,0.7902902526961239,0.3076454739794646,0.3076454739794646,0.6718018906627502,1.0
9160000.0,0.7896249121928506,0.30450098044674995,0.30450098044674995,0.6638829883256958,1.0
9180000.0,0.7889594109815041,0.3013186562986762,0.3013186562986762,0.6559081494503008,1.0
9200000.0,0.788293752091984,0.2981000264660505,0.2981000264660505,0.6478809002769992,1.0
9220000.0,0.7876279385425992,0.29484664900307533,0.29484664900307533,0.6398048161806946,1.0
9240000.0,0.7869619733401032,0.2915601128363753,0.2915601128363753,0.6316835164849756,1.0
9260000.0,0.7862958594797311,0.2882420354694799,0.2882420354694799,0.6235206592298453,1.0
9280000.0,0.7856295999452333,0.2848940606485466,0.2848940606485466,0.6153199359057313,1.0
9300000.0,0.7849631977089121,0.2815178559951432,0.2815178559951432,0.6070850661664606,1.0
9320000.0,0.7842966557316563,0.27811511061188426,0.27811511061188426,0.5988197925336689,1.0
9340000.0,0.7836299769629768,0.2746875326667498,0.2746875326667498,0.5905278751050356,1.0
9360000.0,0.7829631643410417,0.27123684696191047,0.27123684696191047,0.5822130862785764,1.0
9380000.0,0.7822962207927109,0.26776479249278984,0.26776479249278984,0.5738792055048633,1.0
9400000.0,0.7816291492335714,0.26427312000307107,0.26427312000307107,0.5655300140788728,1.0
9420000.0,0.7809619525679712,0.26076358954129014,0.26076358954129014,0.5571692899828549,1.0
9440000.0,0.7802946336890549,0.25723796802454957,0.25723796802454957,0.5488008027912729,1.0
9460000.0,0.779627195478799,0.2536980268147515,0.2536980268147515,0.5404283086484325,1.0
9480000.0,0.7789596408080441,0.25014553931270544,0.25014553931270544,0.5320555453292044,1.0
9500000.0,0.7782919725365315,0.24658227857522602,0.24658227857522602,0.5236862273926228,1.0
9520000.0,0.7776241935129358,0.24301001496028357,0.24301001496028357,0.5153240414379023,1.0
9540000.0,0.7769563065749001,0.23943051380503422,0.23943051380503422,0.5069726414718235,1.0
9560000.0,0.7762883145490704,0.23584553314142231,0.23584553314142231,0.4986356443960468,1.0
9580000.0,0.7756202202511281,0.2322568214538171,0.2322568214538171,0.49031662562232814,1.0
9600000.0,0.7749520264858257,0.22866611548302584,0.22866611548302584,0.48201911482327886,1.0
9620000.0,0.774283736047019,0.2250751380807524,0.2250751380807524,0.4737465918256477,1.0
9640000.0,0.7736153517177018,0.2214855961183313,0.2214855961183313,0.4655024826525258,1.0
9660000.0,0.7729468762700396,0.21789917845348084,0.21789917845348084,0.4572901557206369,1.0
9680000.0,0.7722783124654019,0.21431755395844,0.21431755395844,0.44911291819800025,1.0
9700000.0,0.7716096630543976,0.21074236961267367,0.21074236961267367,0.440974012526843,1.0
9720000.0,0.7709409307769056,0.20717524866318926,0.20717524866318926,0.43287661311628245,1.0
9740000.0,0.7702721183621112,0.2036177888550602,0.2036177888550602,0.4248238232083227,1.0
9760000.0,0.7696032285285366,0.2000715607347524,0.2000715607347524,0.416818671920689,1.0
9780000.0,0.7689342639840753,0.1965381060284187,0.1965381060284187,0.40886411146908586,1.0
9800000.0,0.7682652274260247,0.19301893609714804,0.19301893609714804,0.40096301457107675,1.0
9820000.0,0.7675961215411184,0.1895155304709737,0.1895155304709737,0.39311817203339516,1.0
9840000.0,0.7669269490055607,0.18602933546306488,0.18602933546306488,0.38533229052369156,1.0
9860000.0,0.7662577124850565,0.18256176286542214,0.18256176286542214,0.37760799052751093,1.0
9880000.0,0.7655884146348468,0.17911418872708407,0.17911418872708407,0.36994780449064213,1.0
9900000.0,0.7649190580997386,0.17568795221562494,0.17568795221562494,0.36235417514653334,1.0
9920000.0,0.764249645514139,0.1722843545624987,0.1722843545624987,0.3548294540280017,1.0
9940000.0,0.7635801795020872,0.1689046580925867,0.1689046580925867,0.3473759001620901,1.0
9960000.0,0.7629106626772858,0.16555008533804083,0.16555008533804083,0.3399956789463974,1.0
9980000.0,0.7622410976431341,0.16222181823630966,0.16222181823630966,0.3326908612048144,1.0
10000000.0,0.7615714869927589,0.15892099741207355,0.15892099741207355,0.32546342242031234,1.0
10020000.0,0.7609018333090477,0.15564872154254372,0.15564872154254372,0.3183152421418899,1.0
10040000.0,0.7602321391646794,0.1524060468054187,0.1524060468054187,0.3112481035625243,1.0
10060000.0,0.7595624071221564,0.149193986408645,0.149193986408645,0.3042636932646954,1.0
10080000.0,0.7588926397338371,0.1460135102008725,0.1460135102008725,0.2973636011295866,1.0
10100000.0,0.7582228395419659,0.1428655443613911,0.1428655443613911,0.29054932040590664,1.0
10120000.0,0.7575530090787058,0.13975097116812774,0.13975097116812774,0.283822247933906,1.0
10140000.0,0.7568831508661694,0.1366706288421906,0.1366706288421906,0.2771836845200343,1.0
10160000.0,0.7562132674164501,0.133625311467236,0.133625311467236,0.27063483545730704,1.0
10180000.0,0.7555433612316538,0.13061576898185012,0.13061576898185012,0.2641768111863616,1.0
10200000.0,0.7548734348039289,0.12764270724299842,0.12764270724299842,0.25781062809193966,1.0
10220000.0,0.7542034906154985,0.12470678815847691,0.12470678815847691,0.2515372094293755,1.0
10240000.0,0.753533531138691,0.12180862988620833,0.12180862988620833,0.24535738637554738,1.0
10260000.0,0.7528635588359703,0.11894880709810185,0.11894880709810185,0.2392718991985644,1.0
10280000.0,0.7521935761599677,0.11612785130617598,0.11612785130617598,0.2332813985404838,1.0
10300000.0,0.7515235855535112,0.11334625124847497,0.11334625124847497,0.2273864468071044,1.0
10320000.0,0.7508535894496569,0.11060445333232183,0.11060445333232183,0.22158751965894896,1.0
10340000.0,0.75018359027172,0.10790286213235734,0.10790286213235734,0.21588500759744655,1.0
10360000.0,0.7495135904333031,0.10524184094077327,0.10524184094077327,0.21027921764030555,1.0
10380000.0,0.7488435923383299,0.10262171236710727,0.10262171236710727,0.20477037508006735,1.0
10400000.0,0.748173598381072,0.10004275898492487,0.10004275898492487,0.19935862531978998,1.0
10420000.0,0.7475036109461813,0.09750522402274708,0.09750522402274708,0.19404403577997753,1.0
10440000.0,0.7468336324087187,0.09500931209646879,0.09500931209646879,0.18882659787068523,1.0
10460000.0,0.7461636651341849,0.09255518998060186,0.09255518998060186,0.18370622902298117,1.0
10480000.0,0.7454937114785501,0.09014298741563032,0.09014298741563032,0.17868277477393257,1.0
10500000.0,0.7448237737882837,0.08777279794877613,0.08777279794877613,0.17375601089934456,1.0
10520000.0,0.7441538544003837,0.08544467980550374,0.08544467980550374,0.16892564558862222,1.0
10540000.0,0.7434839556424071,0.08315865678911438,0.08315865678911438,0.16419132165621986,1.0
10560000.0,0.7428140798324986,0.08091471920577398,0.08091471920577398,0.15955261878419968,1.0
10580000.0,0.7421442292794203,0.07871282481241981,0.07871282481241981,0.15500905579065816,1.0
10600000.0,0.7414744062825818,0.07655289978495894,0.07655289978495894,0.15056009291880268,1.0
10620000.0,0.7408046131320682,0.07443483970427212,0.07443483970427212,0.14620513414167635,1.0
10640000.0,0.7401348521086706,0.07235851055755338,0.07235851055755338,0.14194352947764965,1.0
10660000.0,0.7394651254839139,0.07032374975259181,0.07032374975259181,0.1377745773119694,1.0
10680000.0,0.7387954355200866,0.06833036714263363,0.06833036714263363,0.13369752671978352,1.0
10700000.0,0.7381257844702708,0.06637814605957837,0.06637814605957837,0.12971157978632553,1.0
10720000.0,0.7374561745783683,0.06446684435324956,0.06446684435324956,0.1258158939199583,1.0
10740000.0,0.7367866080791321,0.06259619543463713,0.06259619543463713,0.12200958415413521,1.0
10760000.0,0.7361170871981936,0.06076590932100301,0.06076590932100301,0.11829172543435629,1.0
10780000.0,0.7354476141520914,0.058975673680888296,0.058975673680888296,0.1146613548865183,1.0
10800000.0,0.7347781911483005,0.05722515487705471,0.05722515487705471,0.11111747406309991,1.0
10820000.0,0.7341088203852603,0.055513999005575965,0.055513999005575965,0.107659051163988,1.0
10840000.0,0.7334395040524028,0.05384183292925604,0.05384183292925604,0.10428502322872846,1.0
10860000.0,0.7327702443301811,0.05220826530374545,0.05220826530374545,0.10099429829737594,1.0
10880000.0,0.7321010433900975,0.050612887594714384,0.050612887594714384,0.09778575753713337,1.0
10900000.0,0.7314319033947319,0.04905527508461072,0.04905527508461072,0.09465825733230804,1.0
10920000.0,0.7307628264977695,0.047534987867517864,0.047534987867517864,0.09161063133512659,1.0
10940000.0,0.7300938148440288,0.046051571830820315,0.046051571830820315,0.08864169247533105,1.0
10960000.0,0.7294248705694901,0.04460455962236487,0.04460455962236487,0.08575023492646894,1.0
10980000.0,0.7287559958013226,0.04319347160195941,0.04319347160195941,0.08293503602709129,1.0
11000000.0,0.7280871926579118,0.04181781677610097,0.04181781677610097,0.08019485815520144,1.0
11020000.0,0.7274184632488885,0.040477093714912704,0.040477093714912704,0.07752845055446012,1.0
11040000.0,0.7267498096751548,0.0391707914503544,0.0391707914503544,0.07493455111084102,1.0
11060000.0,0.7260812340289128,0.03789839035484299,0.03789839035484299,0.0724118880785789,1.0
11080000.0,0.7254127383936917,0.03665936299950279,0.03665936299950279,0.06995918175440385,1.0
11100000.0,0.7247443248443743,0.0354531749913406,0.0354531749913406,0.06757514609922766,1.0
11120000.0,0.7240759954472256,0.0342792857887082,0.0342792857887082,0.0652584903065675,1.0
11140000.0,0.7234077522599187,0.03313714949450153,0.03313714949450153,0.06300792031717273,1.0
11160000.0,0.7227395973315631,0.03202621562660546,0.03202621562660546,0.06082214027941524,1.0
11180000.0,0.7220715327027307,0.030945929865163202,0.030945929865163202,0.05869985395516997,1.0
11200000.0,0.7214035604054831,0.029895734776323568,0.029895734776323568,0.056639766071026165,1.0
11220000.0,0.7207356824633987,0.028875070512172862,0.028875070512172862,0.05464058361477875,1.0
11240000.0,0.7200679008915991,0.027883375486623563,0.027883375486623563,0.05270101707727948,1.0
11260000.0,0.7194002176967763,0.026920087027110684,0.026920087027110684,0.05081978163985379,1.0
11280000.0,0.7187326348772184,0.02598464200196282,0.02598464200196282,0.048995598307539856,1.0
11300000.0,0.7180651544228375,0.025076477423414567,0.025076477423414567,0.047227194988560095,1.0
11320000.0,0.7173977783151948,0.024195031026254865,0.024195031026254865,0.04551330752051119,1.0
11340000.0,0.7167305085275282,0.023339741822149596,0.023339741822149596,0.04385268064381154,1.0
11360000.0,0.7160633470247773,0.022510050629755862,0.022510050629755862,0.042244068923091294,1.0
11380000.0,0.7153962957636111,0.02170540058075332,0.02170540058075332,0.040686237617229115,1.0
11400000.0,0.7147293566924535,0.020925237601981284,0.020925237601981284,0.03917796349882763,1.0
11420000.0,0.7140625317515089,0.020169010873911875,0.020169010873911875,0.03771803562400622,1.0
11440000.0,0.7133958228727887,0.019436173265719114,0.019436173265719114,0.036305256053425716,1.0
11460000.0,0.712729231980138,0.018726181747236503,0.018726181747236503,0.03493844052550643,1.0
11480000.0,0.7120627609892597,0.018038497778138818,0.018038497778138818,0.03361641908288571,1.0
11500000.0,0.7113964118077417,0.017372587674710283,0.017372587674710283,0.03233803665317625,1.0
11520000.0,0.7107301863350826,0.016727922954579366,0.016727922954579366,0.031102153585127357,1.0
11540000.0,0.7100640864627166,0.016103980659844197,0.016103980659844197,0.02990764614135366,1.0
11560000.0,0.7093981140740393,0.015500243659024138,0.015500243659024138,0.02875340694879458,1.0
11580000.0,0.7087322710444338,0.014916200928285495,0.014916200928285495,0.027638345408103726,1.0
11600000.0,0.7080665592412954,0.014351347812441628,0.014351347812441628,0.026561388063216396,1.0
11620000.0,0.707400980524057,0.013805186266199532,0.013805186266199532,0.025521478932315045,1.0
11640000.0,0.7067355367442151,0.013277225076177679,0.013277225076177679,0.02451757980146385,1.0
11660000.0,0.7060702297453539,0.012766980064217393,0.012766980064217393,0.023548670482192335,1.0
11680000.0,0.7054050613631722,0.012273974272514199,0.012273974272514199,0.02261374903428215,1.0
11700000.0,0.7047400334255055,0.01179773813112217,0.01179773813112217,0.021711831955064542,1.0
11720000.0,0.7040751477523546,0.0113378096083816,0.0113378096083816,0.020841954336499713,1.0
11740000.0,0.7034104061559076,0.010893734344821215,0.010893734344821215,0.020003169991319347,1.0
11760000.0,0.7027458104405662,0.010465065771107063,0.010465065771107063,0.019194551549513994,1.0
11780000.0,0.7020813624029703,0.010051365210597796,0.010051365210597796,0.018415190526437586,1.0
11800000.0,0.701417063832022,0.009652201967073948,0.009652201967073948,0.017664197363780443,1.0
11820000.0,0.7007529165089112,0.009267153398209826,0.009267153398209826,0.016940701444670192,1.0
11840000.0,0.7000889222071397,0.00889580497535103,0.00889580497535103,0.016243851084125627,1.0
11860000.0,0.6994250826925458,0.00853775033017079,0.00853775033017079,0.015572813496090299,1.0
11880000.0,0.6987613997233282,0.008192591288748607,0.008192591288748607,0.014926774738236226,1.0
11900000.0,0.698097875050071,0.007859937893645697,0.007859937893645697,0.01430493963572721,1.0
11920000.0,0.697434510415768,0.007539408414513393,0.007539408414513393,0.01370653168509317,1.0
11940000.0,0.6967713075558462,0.0072306293477879535,0.0072306293477879535,0.013130792939360258,1.0
11960000.0,0.6961082681981906,0.00693323540600177,0.00693323540600177,0.012576983875539072,1.0
11980000.0,0.6954453940631681,0.006646869497243912,0.006646869497243912,0.012044383245569446,1.0
12000000.0,0.6947826868636517,0.0063711826952876915,0.0063711826952876915,0.0115322879117703,1.0
12020000.0,0.6941201483050434,0.006105834200895166,0.006105834200895166,0.011040012667843824,1.0
12040000.0,0.6934577800852998,0.005850491294802862,0.005850491294802862,0.010566890046427413,1.0
12060000.0,0.6927955838949542,0.0056048292828720925,0.0056048292828720925,0.01011227011417859,1.0
12080000.0,0.6921335614171413,0.005368531433886381,0.005368531433886381,0.009675520255340575,1.0
12100000.0,0.6914717143276207,0.005141288910463504,0.005141288910463504,0.009256024944708008,1.0
12120000.0,0.6908100442948001,0.004922800693535678,0.004922800693535678,0.008853185510884654,1.0
12140000.0,0.6901485529797594,0.004712773500838763,0.004712773500838763,0.008466419890686527,1.0
12160000.0,0.6894872420362739,0.004510921699847126,0.004510921699847126,0.008095162375534759,1.0
12180000.0,0.688826113110837,0.0043169672155638494,0.0043169672155638494,0.007738863350619796,1.0
12200000.0,0.6881651678426848,0.004130639433578942,0.004130639433578942,0.00739698902762187,1.0
12220000.0,0.6875044078638185,0.003951675098778695,0.003951675098778695,0.007069021171717926,1.0
12240000.0,0.6868438347990276,0.0037798182100946542,0.0037798182100946542,0.006754456823589106,1.0
12260000.0,0.686183450265913,0.003614819911646583,0.003614819911646583,0.006452808017105682,1.0
12280000.0,0.6855232558749108,0.0034564383806406918,0.0034564383806406918,0.0061636014933422745,1.0
12300000.0,0.6848632532293144,0.0033044387123559726,0.0033044387123559726,0.005886378411540938,1.0
12320000.0,0.6842034439252971,0.0031585928025487098,0.0031585928025487098,0.005620694057618447,1.0
12340000.0,0.6835438295519366,0.0030186792275799235,0.0030186792275799235,0.00536611755077554,1.0
12360000.0,0.6828844116912356,0.0028844831225759426,0.0028844831225759426,0.005122231548752243,1.0
12380000.0,0.6822251919181467,0.002755796057898774,0.002755796057898774,0.004888631952227995,1.0
12400000.0,0.6815661718005928,0.0026324159142063763,0.0026324159142063763,0.004664927608857061,1.0
12420000.0,0.6809073528994918,0.002514146756357083,0.002514146756357083,0.004450740017386323,1.0
12440000.0,0.6802487367687777,0.002400798706416518,0.002400798706416518,0.00424570303229177,1.0
12460000.0,0.6795903249554238,0.0022921878159911646,0.0022921878159911646,0.004049462569331919,1.0
12480000.0,0.6789321189994644,0.0021881359381248355,0.0021881359381248355,0.003861676312403306,1.0
12500000.0,0.6782741204340175,0.0020884705989600016,0.0020884705989600016,0.003682013422049657,1.0
12520000.0,0.6776163307853074,0.001993024869373139,0.001993024869373139,0.0035101542459604618,1.0
12540000.0,0.6769587515726865,0.0019016372367687273,0.0019016372367687273,0.0033457900317668265,1.0
12560000.0,0.6763013843086567,0.0018141514772119782,0.0018141514772119782,0.0031886226424268083,1.0
12580000.0,0.6756442304988937,0.0017304165280697115,0.0017304165280697115,0.0030383642744643558,1.0
12600000.0,0.6749872916422661,0.0016502863613149232,0.0016502863613149232,0.002894737179309992,1.0
12620000.0,0.6743305692308593,0.0015736198576427052,0.0015736198576427052,0.002757473387973608,1.0
12640000.0,0.673674064749997,0.0015002806815361813,0.0015002806815361813,0.002626314439253652,1.0
12660000.0,0.6730177796782627,0.0014301371574110266,0.0014301371574110266,0.0025010111116781086,1.0
12680000.0,0.6723617154875214,0.0013630621469538085,0.0013630621469538085,0.002381323159345694,1.0
12700000.0,0.6717058736429418,0.0012989329277687256,0.0012989329277687256,0.002267019051828134,1.0
12720000.0,0.671050255603017,0.0012376310734314444,0.0012376310734314444,0.002157875718271085,1.0
12740000.0,0.6703948628195872,0.0011790423350429569,0.0011790423350429569,0.002053678295818595,1.0
12760000.0,0.6697396967378599,0.0011230565243701696,0.0011230565243701696,0.0019542198824742396,1.0
12780000.0,0.6690847587964329,0.0010695673986494958,0.0010695673986494958,0.0018593012944914111,1.0
12800000.0,0.6684300504273143,0.0010184725471237277,0.0010184725471237277,0.0017687308283788061,1.0
12820000.0,0.6677755730559441,0.0009696732793749163,0.0009696732793749163,0.0016823240275907203,1.0
12840000.0,0.6671213281012163,0.000923074515510991,0.000923074515510991,0.00159990345395844,1.0
12860000.0,0.6664673169754987,0.0008785846782543016,0.0008785846782543016,0.0015212984639133564,1.0
12880000.0,0.6658135410846552,0.0008361155869771597,0.0008361155869771597,0.0014463449895338876,1.0
12900000.0,0.6651600018280661,0.0007955823537197926,0.0007955823537197926,0.0013748853244454073,1.0
12920000.0,0.6645067005986497,0.0007569032812283494,0.0007569032812283494,0.0013067679145872813,1.0
12940000.0,0.6638536387828826,0.0007199997630330524,0.0007199997630330524,0.0012418471538550024,1.0
12960000.0,0.6632008177608212,0.0006847961855938056,0.0006847961855938056,0.0011799831846166509,1.0
12980000.0,0.6625482389061219,0.00065121983252725,0.00065121983252725,0.0011210417030923514,1.0
13000000.0,0.6618959035860624,0.0006192007909320285,0.0006192007909320285,0.0010648937695838523,1.0
13020000.0,0.6612438131615621,0.0005886718598149265,0.0005886718598149265,0.0010114156235261351,1.0
13040000.0,0.6605919689872026,0.0005595684606273243,0.0005595684606273243,0.00096048850333319,1.0
13060000.0,0.6599403724112489,0.0005318285499109621,0.0005318285499109621,0.0009119984710023177,1.0
13080000.0,0.659289024775669,0.000505392534050686,0.000505392534050686,0.0008658362414342147,1.0
13100000.0,0.6586379274161547,0.00048020318612551627,0.00048020318612551627,0.0008218970164211026,1.0
13120000.0,0.6579870816621429,0.0004562055648549279,0.0004562055648549279,0.000780080323254051,1.0
13140000.0,0.6573364888368344,0.00043334693562058213,0.00043334693562058213,0.0007402898578898753,1.0
13160000.0,0.6566861502572151,0.00041157669355573745,0.00041157669355573745,0.0007024333326216547,1.0
13180000.0,0.6560360672340761,0.0003908462886815789,0.0003908462886815789,0.0006664223281864778,1.0
13200000.0,0.6553862410720339,0.00037110915307025927,0.00037110915307025927,0.0006321721502451361,1.0
13220000.0,0.6547366730695501,0.0003523206300175552,0.0003523206300175552,0.000599601690163043,1.0
13240000.0,0.654087364518952,0.00033443790519527283,0.00033443790519527283,0.0005686332900228797,1.0
13260000.0,0.6534383167064519,0.0003174199397665278,0.0003174199397665278,0.0005391926117911394,1.0
13280000.0,0.652789530912168,0.00030122740542670723,0.00030122740542670723,0.0005112085105640762,1.0
13300000.0,0.6521410084101436,0.0002858226213519055,0.0002858226213519055,0.0004846129118152298,1.0
13320000.0,0.651492750468366,0.0002711694930194186,0.0002711694930194186,0.0004593406925629262,1.0
13340000.0,0.6508447583487885,0.0002572334528709863,0.0002572334528709863,0.00043532956638037135,1.0
13360000.0,0.6501970333073483,0.0002439814027871412,0.0002439814027871412,0.0004125199721617401,1.0
13380000.0,0.6495495765939866,0.00023138165834069024,0.00023138165834069024,0.0003908549665672112,1.0
13400000.0,0.6489023894526685,0.0002194038947942456,0.0002194038947942456,0.0003702801200571315,1.0
13420000.0,0.6482554731214022,0.00020801909480916425,0.00020801909480916425,0.0003507434164393697,1.0
13440000.0,0.6476088288322579,0.00019719949783181256,0.00019719949783181256,0.00033219515583904347,1.0
13460000.0,0.6469624578113885,0.00018691855111985234,0.00018691855111985234,0.0003145878610113506,1.0
13480000.0,0.6463163612790485,0.00017715086237246602,0.00017715086237246602,0.00029787618691168305,1.0
13500000.0,0.6456705404496121,0.00016787215393554433,0.00016787215393554433,0.0002820168334403128,1.0
13520000.0,0.6450249965315945,0.0001590592185343187,0.0001590592185343187,0.00026696846127804985,1.0
13540000.0,0.644379730727669,0.00015068987650945775,0.00015068987650945775,0.0002526916107309374,1.0
13560000.0,0.6437347442346877,0.0001427429345098874,0.0001427429345098874,0.00023914862350182808,1.0
13580000.0,0.6430900382436997,0.00013519814561391286,0.00013519814561391286,0.0002263035673062408,1.0
13600000.0,0.6424456139399708,0.00012803617084056196,0.00012803617084056196,0.00021412216325622513,1.0
13620000.0,0.6418014725030011,0.00012123854201029349,0.00012123854201029349,0.0002025717159259699,1.0
13640000.0,0.6411576151065459,0.00011478762592687097,0.00011478762592687097,0.00019162104602887808,1.0
13660000.0,0.640514042918633,0.00010866658984087785,0.00010866658984087785,0.0001812404256218425,1.0
13680000.0,0.6398707571015818,0.00010285936815923602,0.00010285936815923602,0.0001714015157638915,1.0
13700000.0,0.6392277588120223,9.735063036708791e-05,9.735063036708791e-05,0.00016207730655404262,1.0
13720000.0,0.6385850492009141,9.212575012929047e-05,9.212575012929047e-05,0.0001532420594736461,1.0
13740000.0,0.637942629413564,8.717077553299646e-05,8.717077553299646e-05,0.0001448712519620532,1.0
13760000.0,0.6373005005896458,8.247240044134685e-05,8.247240044134685e-05,0.00013694152415177907,1.0
13780000.0,0.6366586638632176,7.801793692663317e-05,7.801793692663317e-05,0.00012943062769799063,1.0
13800000.0,0.6360171203627409,7.37952887425175e-05,7.37952887425175e-05,0.0001223173766286001,1.0
13820000.0,0.6353758712110995,6.979292581521523e-05,6.979292581521523e-05,0.00011558160015356922,1.0
13840000.0,0.6347349175256172,6.59998597102307e-05,6.59998597102307e-05,0.00010920409736225878,1.0
13860000.0,0.6340942604180758,6.240562005033201e-05,6.240562005033201e-05,0.00010316659374942638,1.0
13880000.0,0.6334539009947338,5.900023185634318e-05,5.900023185634318e-05,9.745169950670096e-05,1.0
13900000.0,0.6328138403563454,5.577419377378323e-05,5.577419377378323e-05,9.2042869515363e-05,1.0
13920000.0,0.6321740795981764,5.271845716037227e-05,5.271845716037227e-05,8.692436498414224e-05,1.0
13940000.0,0.6315346198100253,4.982440600920235e-05,4.982440600920235e-05,8.208121667330204e-05,1.0
13960000.0,0.6308954620762385,4.708383767204616e-05,4.708383767204616e-05,7.749918964794489e-05,1.0
13980000.0,0.6302566074757299,4.4488944362153227e-05,4.4488944362153227e-05,7.316474950513907e-05,1.0
14000000.0,0.6296180570819988,4.203229540622466e-05,4.203229540622466e-05,6.906503002279685e-05,1.0
14020000.0,0.6289798119631469,3.9706820220919425e-05,3.9706820220919425e-05,6.518780217668052e-05,1.0
14040000.0,0.6283418731818968,3.7505791989689286e-05,3.7505791989689286e-05,6.152144447613139e-05,1.0
14060000.0,0.6277042417956101,3.5422812010521554e-05,3.5422812010521554e-05,5.805491456800649e-05,1.0
14080000.0,0.6270669188563036,3.3451794699046467e-05,3.3451794699046467e-05,5.4777722062970824e-05,1.0
14100000.0,0.626429905410669,3.158695321292537e-05,3.158695321292537e-05,5.1679902535184397e-05,1.0
14120000.0,0.6257932025000893,2.982278568408603e-05,2.982278568408603e-05,4.875199265375052e-05,1.0
14140000.0,0.6251568111606561,2.8154062032381688e-05,2.8154062032381688e-05,4.598500639896308e-05,1.0
14160000.0,0.6245207324231884,2.6575811337470334e-05,2.6575811337470334e-05,4.33704123244949e-05,1.0
14180000.0,0.6238849673132484,2.508330975248274e-05,2.508330975248274e-05,4.090011182067421e-05,1.0
14200000.0,0.6232495168511604,2.3672068934943447e-05,2.3672068934943447e-05,3.8566418343877196e-05,1.0
14220000.0,0.6226143820520271,2.2337824980178667e-05,2.2337824980178667e-05,3.636203757007017e-05,1.0
14240000.0,0.6219795639257477,2.107652782989966e-05,2.107652782989966e-05,3.428004843752941e-05,1.0
14260000.0,0.6213450634770348,1.988433114896715e-05,1.988433114896715e-05,3.231388504132404e-05,1.0
14280000.0,0.6207108817054313,1.8757582639805648e-05,1.8757582639805648e-05,3.0457319347254597e-05,1.0
14300000.0,0.6200770196053284,1.7692814788694555e-05,1.7692814788694555e-05,2.8704444689497954e-05,1.0
14320000.0,0.6194434781659813,1.6686736018067805e-05,1.6686736018067805e-05,2.704966002076148e-05,1.0
14340000.0,0.618810258371528,1.5736222233941888e-05,1.5736222233941888e-05,2.548765488497029e-05,1.0
14360000.0,0.618177361201005,1.4838308751041751e-05,1.4838308751041751e-05,2.401339507929201e-05,1.0
14380000.0,0.6175447876283647,1.3990182579970423e-05,1.3990182579970423e-05,2.262210898085204e-05,1.0
14400000.0,0.6169125386224927,1.3189175062433556e-05,1.3189175062433556e-05,2.1309274505165732e-05,1.0
14420000.0,0.6162806151472235,1.2432754839974969e-05,1.2432754839974969e-05,2.0070606675748337e-05,1.0
14440000.0,0.615649018161359,1.1718521141901306e-05,1.1718521141901306e-05,1.890204577148502e-05,1.0
14460000.0,0.6150177486186833,1.1044197384069143e-05,1.1044197384069143e-05,1.7799746033997366e-05,1.0
14480000.0,0.6143868074679811,1.0407625053665548e-05,1.0407625053665548e-05,1.6760064904919325e-05,1.0
14500000.0,0.6137561956530538,9.806757884534001e-06,9.806757884534001e-06,1.5779552775541106e-05,1.0
14520000.0,0.6131259141127354,9.239656296067267e-06,9.239656296067267e-06,1.4854943221842554e-05,1.0
14540000.0,0.6124959637809103,8.704482093113697e-06,8.704482093113697e-06,1.39831437062643e-05,1.0
14560000.0,0.6118663455865287,8.199493413130199e-06,8.199493413130199e-06,1.3161226724900388e-05,1.0
14580000.0,0.6112370604536239,7.723039909368623e-06,7.723039909368623e-06,1.2386421380794488e-05,1.0
14600000.0,0.6106081093013277,7.273558161546845e-06,7.273558161546845e-06,1.1656105363133662e-05,1.0
14620000.0,0.6099794930438882,6.849567303457427e-06,6.849567303457427e-06,1.0967797316352446e-05,1.0
14640000.0,0.6093512125906851,6.449664856522652e-06,6.449664856522652e-06,1.03191495789412e-05,1.0
14660000.0,0.608723268846246,6.072522763411747e-06,6.072522763411747e-06,9.707941277636856e-06,1.0
14680000.0,0.608095662710263,5.716883609396817e-06,5.716883609396817e-06,9.132071759232474e-06,1.0
14700000.0,0.607468395077609,5.38155702745069e-06,5.38155702745069e-06,8.589554345683759e-06,1.0
14720000.0,0.6068414668383525,5.065416273764001e-06,5.065416273764001e-06,8.078510397413474e-06,1.0
14740000.0,0.6062148788777761,4.767394970905947e-06,4.767394970905947e-06,7.597163669048612e-06,1.0
14760000.0,0.6055886320763904,4.486484006416269e-06,4.486484006416269e-06,7.143834947043182e-06,1.0
14780000.0,0.6049627273099507,4.221728585496187e-06,4.221728585496187e-06,6.716936954309638e-06,1.0
14800000.0,0.6043371654494729,3.97222542558584e-06,3.97222542558584e-06,6.314969508758317e-06,1.0
14820000.0,0.6037119473612503,3.737120087721202e-06,3.737120087721202e-06,5.9365149240875326e-06,1.0
14840000.0,0.6030870739068673,3.5156044424500266e-06,3.5156044424500266e-06,5.5802336452748236e-06,1.0
14860000.0,0.602462545943218,3.3069142566510834e-06,3.3069142566510834e-06,5.244860100117599e-06,1.0
14880000.0,0.6018383643225191,3.1103269025889446e-06,3.1103269025889446e-06,4.9291987637145596e-06,1.0
14900000.0,0.6012145298923278,2.925159180655612e-06,2.925159180655612e-06,4.6321204218990886e-06,1.0
14920000.0,0.6005910434955565,2.750765249026621e-06,2.750765249026621e-06,4.3525586255199755e-06,1.0
14940000.0,0.5999679059704884,2.586534657678108e-06,2.586534657678108e-06,4.089506325133385e-06,1.0
14960000.0,0.5993451181507929,2.4318904829900845e-06,2.4318904829900845e-06,3.842012678889617e-06,1.0
14980000.0,0.5987226808655424,2.286287551833688e-06,2.286287551833688e-06,3.6091800248438943e-06,1.0
15000000.0,0.5981005949392258,2.1492107605824984e-06,2.1492107605824984e-06,3.390161009031445e-06,1.0
15020000.0,0.5974788611917654,2.020173473948894e-06,2.020173473948894e-06,3.184155861424287e-06,1.0
15040000.0,0.5968574804385317,1.8987160096406441e-06,1.8987160096406441e-06,2.990409814662698e-06,1.0
15060000.0,0.5962364534903595,1.7844041976244895e-06,1.7844041976244895e-06,2.8082106560134434e-06,1.0
15080000.0,0.5956157811535612,1.676828014107734e-06,1.676828014107734e-06,2.636886407447747e-06,1.0
15100000.0,0.5949954642299445,1.5756002850197959e-06,1.5756002850197959e-06,2.475803127177656e-06,1.0
15120000.0,0.5943755035168264,1.4803554558850962e-06,1.4803554558850962e-06,2.32436282610049e-06,1.0
15140000.0,0.5937558998070483,1.390748426199906e-06,1.390748426199906e-06,2.1820014947104838e-06,1.0
15160000.0,0.5931366538889907,1.3064534436502129e-06,1.3064534436502129e-06,2.0481872330391226e-06,1.0
15180000.0,0.5925177665465899,1.2271630548399415e-06,1.2271630548399415e-06,1.92241848084862e-06,1.0
15200000.0,0.5918992385593513,1.1525871105311225e-06,1.1525871105311225e-06,1.8042223399739044e-06,1.0
15220000.0,0.5912810707023654,1.0824518256180582e-06,1.0824518256180582e-06,1.6931529875918727e-06,1.0
15240000.0,0.5906632637463217,1.0164988842875644e-06,1.0164988842875644e-06,1.588790173312482e-06,1.0
15260000.0,0.5900458184575254,9.544845942510705e-07,9.544845942510705e-07,1.4907377965389657e-06,1.0
15280000.0,0.5894287355979099,8.961790852746176e-07,8.961790852746176e-07,1.398622560100371e-06,1.0
15300000.0,0.5888120159250539,8.413655501193773e-07,8.413655501193773e-07,1.312092696936773e-06,1.0
15320000.0,0.5881956601921946,7.898395243399747e-07,7.898395243399747e-07,1.2308167642860468e-06,1.0
15340000.0,0.5875796691482426,7.414082063839089e-07,7.414082063839089e-07,1.1544825038178885e-06,1.0
15360000.0,0.5869640435377976,6.958898111086853e-07,6.958898111086853e-07,1.0827957628301021e-06,1.0
15380000.0,0.5863487841011616,6.53112961268576e-07,6.53112961268576e-07,1.0154794753969298e-06,1.0
15400000.0,0.5857338915743551,6.129161074230893e-07,6.129161074230893e-07,9.522726964750206e-07,1.0
15420000.0,0.5851193666891297,5.751469820403088e-07,5.751469820403088e-07,8.929296912985052e-07,1.0
15440000.0,0.5845052101729837,5.396620821329634e-07,5.396620821329634e-07,8.372190728467288e-07,1.0
15460000.0,0.5838914227491779,5.06326178539851e-07,5.06326178539851e-07,7.849229877177066e-07,1.0
15480000.0,0.5832780051367468,4.7501185307385896e-07,4.7501185307385896e-07,7.358363451892558e-07,1.0
15500000.0,0.5826649580505158,4.4559906009489225e-07,4.4559906009489225e-07,6.89766090355981e-07,1.0
15520000.0,0.5820522822011143,4.179747123966848e-07,4.179747123966848e-07,6.465305164571333e-07,1.0
15540000.0,0.5814399782949904,3.920322882988714e-07,3.920322882988714e-07,6.059586161732966e-07,1.0
15560000.0,0.5808280470344244,3.6767146160965325e-07,3.6767146160965325e-07,5.678894667848766e-07,1.0
15580000.0,0.5802164891175441,3.447977511283895e-07,3.447977511283895e-07,5.321716520789721e-07,1.0
15600000.0,0.579605305238338,3.233221891330018e-07,3.233221891330018e-07,4.986627148984013e-07,1.0
15620000.0,0.57899449608667,3.031610081860592e-07,3.031610081860592e-07,4.672286399998171e-07,1.0
15640000.0,0.5783840623482934,2.842353467036318e-07,2.842353467036318e-07,4.377433677760223e-07,1.0
15660000.0,0.5777740047048647,2.664709664035314e-07,2.664709664035314e-07,4.100883322921689e-07,1.0
15680000.0,0.5771643238339577,2.4979799129187796e-07,2.4979799129187796e-07,3.841520279657118e-07,1.0
15700000.0,0.5765550204090772,2.341506560865625e-07,2.341506560865625e-07,3.5982959900593414e-07,1.0
15720000.0,0.575946095099674,2.1946707118303266e-07,2.1946707118303266e-07,3.370224527232679e-07,1.0
15740000.0,0.5753375485711572,2.0568900072071017e-07,2.0568900072071017e-07,3.156378943769411e-07,1.0
15760000.0,0.5747293814849089,1.927616515295938e-07,1.927616515295938e-07,2.955887827837955e-07,1.0
15780000.0,0.5741215944982981,1.8063347417829334e-07,1.8063347417829334e-07,2.76793205578052e-07,1.0
15800000.0,0.5735141882646938,1.6925597734473996e-07,1.6925597734473996e-07,2.5917417278975563e-07,1.0
15820000.0,0.5729071634334799,1.5858354962539067e-07,1.5858354962539067e-07,2.426593282978118e-07,1.0
15840000.0,0.5723005206500671,1.4857329289075238e-07,1.4857329289075238e-07,2.2718067671512188e-07,1.0
15860000.0,0.5716942605559082,1.391848654108685e-07,1.391848654108685e-07,2.1267432670502018e-07,1.0
15880000.0,0.571088383788511,1.30380331753166e-07,1.30380331753166e-07,1.9908024984083283e-07,1.0
15900000.0,0.5704828909814511,1.2212402389355503e-07,1.2212402389355503e-07,1.8634205112277868e-07,1.0
15920000.0,0.5698777827643865,1.1438240909988906e-07,1.1438240909988906e-07,1.744067548159478e-07,1.0
15940000.0,0.5692730597630713,1.0712396369960686e-07,1.0712396369960686e-07,1.632246009464211e-07,1.0
15960000.0,0.568668722599368,1.0031905695040422e-07,1.0031905695040422e-07,1.527488553421108e-07,1.0
15980000.0,0.5680647718912608,9.39398386856638e-08,9.39398386856638e-08,1.4293562888845202e-07,1.0
16000000.0,0.5674612082528707,8.796013584166928e-08,8.796013584166928e-08,1.3374370810836922e-07,1.0
16020000.0,0.5668580322944667,8.235535320366694e-08,8.235535320366694e-08,1.251343959562945e-07,1.0
16040000.0,0.5662552446224808,7.710238048019846e-08,7.710238048019846e-08,1.1707136127192541e-07,1.0
16060000.0,0.5656528458395195,7.217950437343745e-08,7.217950437343745e-08,1.0952049722678936e-07,1.0
16080000.0,0.5650508365443785,6.756632697779708e-08,6.756632697779708e-08,1.024497873203245e-07,1.0
16100000.0,0.5644492173320553,6.324368651000611e-08,6.324368651000611e-08,9.582918125694562e-08,1.0
16120000.0,0.5638479887937623,5.9193584367456253e-08,5.9193584367456253e-08,8.963047526400203e-08,1.0
16140000.0,0.5632471515169392,5.5399116960508366e-08,5.5399116960508366e-08,8.382720173560898e-08,1.0
16160000.0,0.5626467060852672,5.184440943217794e-08,5.184440943217794e-08,7.83945246496387e-08,1.0
16180000.0,0.5620466530786816,4.8514554817913336e-08,4.8514554817913336e-08,7.330914020275969e-08,1.0
16200000.0,0.5614469930733841,4.53955564250208e-08,4.53955564250208e-08,6.854918499499263e-08,1.0
16220000.0,0.5608477266418564,4.247427243253554e-08,4.247427243253554e-08,6.409414832209137e-08,1.0
16240000.0,0.5602488543528731,3.9738366708341744e-08,3.9738366708341744e-08,5.992479035210607e-08,1.0
16260000.0,0.559650376771514,3.717625818300263e-08,3.717625818300263e-08,5.602306440977145e-08,1.0
16280000.0,0.5590522944591773,3.477707710697331e-08,3.477707710697331e-08,5.237204492303249e-08,1.0
16300000.0,0.5584546079735923,3.2530621085768985e-08,3.2530621085768985e-08,4.8955858922283824e-08,1.0
16320000.0,0.557857317868832,3.0427316222159106e-08,3.0427316222159106e-08,4.575962198050121e-08,1.0
16340000.0,0.5572604246953261,2.8458178813473012e-08,2.8458178813473012e-08,4.276937748404208e-08,1.0
16360000.0,0.5566639289998735,2.6614777937084e-08,2.6614777937084e-08,3.9972039900249e-08,1.0
16380000.0,0.5560678313256541,2.4889204919276153e-08,2.4889204919276153e-08,3.7355341930833674e-08,1.0
16400000.0,0.5554721322122431,2.327403958446439e-08,2.327403958446439e-08,3.490778333059552e-08,1.0
16420000.0,0.5548768321956216,2.176232127837352e-08,2.176232127837352e-08,3.261858505521076e-08,1.0
16440000.0,0.5542819318081905,2.034752111246263e-08,2.034752111246263e-08,3.047764363106609e-08,1.0
16460000.0,0.5536874315787829,1.9023515096527888e-08,1.9023515096527888e-08,2.8475490299051387e-08,1.0
16480000.0,0.553093332032675,1.7784560824019024e-08,1.7784560824019024e-08,2.6603251712664644e-08,1.0
16500000.0,0.5524996336916004,1.662527193690977e-08,1.662527193690977e-08,2.485261296758523e-08,1.0
16520000.0,0.5519063370737618,1.5540598585772614e-08,1.5540598585772614e-08,2.3215783295782444e-08,1.0
16540000.0,0.5513134426938423,1.452580600247444e-08,1.452580600247444e-08,2.1685463535980887e-08,1.0
16560000.0,0.5507209510630191,1.3576454627184376e-08,1.3576454627184376e-08,2.0254815491504985e-08,1.0
16580000.0,0.550128862688975,1.2688383232983824e-08,1.2688383232983824e-08,1.891743350856956e-08,1.0
16600000.0,0.5495371780759108,1.1857689719008135e-08,1.1857689719008135e-08,1.7667317386838022e-08,1.0
16620000.0,0.5489458977245574,1.1080718675948731e-08,1.1080718675948731e-08,1.649884751042663e-08,1.0
16640000.0,0.5483550221321878,1.0354042179194778e-08,1.0354042179194778e-08,1.5406760534020236e-08,1.0
16660000.0,0.5477645517926295,9.674448464558338e-09,9.674448464558338e-09,1.4386127844545626e-08,1.0
16680000.0,0.5471744871962763,9.038927939464259e-09,9.038927939464259e-09,1.3432333911822525e-08,1.0
16700000.0,0.5465848288301003,8.44466019334078e-09,8.44466019334078e-09,1.254105730374988e-08,1.0
16720000.0,0.5459955771776642,7.889002895389297e-09,7.889002895389297e-09,1.170825192353675e-08,1.0
16740000.0,0.5454067327191328,7.36947969315338e-09,7.36947969315338e-09,1.0930129912267716e-08,1.0
16760000.0,0.544818295931285,6.883771885846102e-09,6.883771885846102e-09,1.020314532862443e-08,1.0
16780000.0,0.5442302672875265,6.42970676700827e-09,6.42970676700827e-09,9.523979049852471e-09,1.0
16800000.0,0.5436426472579002,6.005249297835746e-09,6.005249297835746e-09,8.889524227839729e-09,1.0
16820000.0,0.543055436309099,5.6084935584621576e-09,5.6084935584621576e-09,8.296873521551618e-09,1.0
16840000.0,0.5424686349044777,5.237654199241604e-09,5.237654199241604e-09,7.74330533026557e-09,1.0
16860000.0,0.5418822435040634,4.8910595573659066e-09,4.8910595573659066e-09,7.226273579519216e-09,1.0
16880000.0,0.5412962625645692,4.5671448845041596e-09,4.5671448845041596e-09,6.743395619679404e-09,1.0
16900000.0,0.5407106925394042,4.264443576040833e-09,4.264443576040833e-09,6.292442011890387e-09,1.0
16920000.0,0.5401255338786857,3.981584395518212e-09,3.981584395518212e-09,5.871326758111195e-09,1.0
16940000.0,0.5395407870292515,3.717281593651478e-09,3.717281593651478e-09,5.478098863420655e-09,1.0
16960000.0,0.5389564524346699,3.4703330209495675e-09,3.4703330209495675e-09,5.1109328991216785e-09,1.0
16980000.0,0.5383725305352527,3.2396130222878128e-09,3.2396130222878128e-09,4.768121453224694e-09,1.0
17000000.0,0.5377890217680661,3.024067662948937e-09,3.024067662948937e-09,4.448067580931081e-09,1.0
17020000.0,0.5372059265669415,2.822710953864771e-09,2.822710953864771e-09,4.149277588183509e-09,1.0
17040000.0,0.536623245362489,2.634619633568036e-09,2.634619633568036e-09,3.870354925439301e-09,1.0
17060000.0,0.5360409785821056,2.4589302816124814e-09,2.4589302816124814e-09,3.6099929712207768e-09,1.0
17080000.0,0.5354591266499895,2.294833989502365e-09,2.294833989502365e-09,3.366970702245453e-09,1.0
17100000.0,0.5348776899871497,2.1415754725140346e-09,2.1415754725140346e-09,3.1401459210655958e-09,1.0
17120000.0,0.5342966690114184,1.9984469634692914e-09,1.9984469634692914e-09,2.9284509261984226e-09,1.0
17140000.0,0.533716064137461,1.864786325356249e-09,1.864786325356249e-09,2.7308875161224933e-09,1.0
17160000.0,0.5331358757767883,1.7399742757717718e-09,1.7399742757717718e-09,2.5465226594079127e-09,1.0
17180000.0,0.5325561043377676,1.62343150034161e-09,1.62343150034161e-09,2.3744839428019304e-09,1.0
17200000.0,0.5319767502256331,1.514616765341259e-09,1.514616765341259e-09,2.2139562405598667e-09,1.0
17220000.0,0.5313978138424976,1.4130228098707676e-09,1.4130228098707676e-09,2.0641773845753164e-09,1.0
17240000.0,0.5308192955873641,1.3181757907432257e-09,1.3181757907432257e-09,1.924435277800285e-09,1.0
17260000.0,0.5302411958561359,1.2296329510164128e-09,1.2296329510164128e-09,1.7940643415315094e-09,1.0
17280000.0,0.5296635150416276,1.146979289323724e-09,1.146979289323724e-09,1.672442628830595e-09,1.0
17300000.0,0.5290862535335771,1.0698276708964727e-09,1.0698276708964727e-09,1.55898938203336e-09,1.0
17320000.0,0.5285094117186554,9.97815496894816e-10,9.97815496894816e-10,1.4531611469692507e-09,1.0
17340000.0,0.5279329899804784,9.30604482363151e-10,9.30604482363151e-10,1.354450995805223e-09,1.0
17360000.0,0.5273569886996172,8.678774365833419e-10,8.678774365833419e-10,1.2623848633097623e-09,1.0
17380000.0,0.5267814082536093,8.093384851193264e-10,8.093384851193264e-10,1.1765199925406478e-09,1.0
17400000.0,0.526206249016969,7.547111824379726e-10,7.547111824379726e-10,1.096442936443509e-09,1.0
17420000.0,0.5256315113611989,7.037366245299381e-10,7.037366245299381e-10,1.0217674484280792e-09,1.0
17440000.0,0.5250571956547995,6.561726717535521e-10,6.561726717535521e-10,9.52132706011355e-10,1.0
17460000.0,0.5244833022632818,6.117940598571181e-10,6.117940598571181e-10,8.872019785499674e-10,1.0
17480000.0,0.5239098315491757,5.703896244213524e-10,5.703896244213524e-10,8.266600737272256e-10,1.0
17500000.0,0.5233367838720422,5.317616347255694e-10,5.317616347255694e-10,7.702136706200235e-10,1.0
17520000.0,0.5227641595884835,4.957261268145885e-10,4.957261268145885e-10,7.175882110743714e-10,1.0
17540000.0,0.5221919590521544,4.6211068305268554e-10,4.6211068305268554e-10,6.685274556161858e-10,1.0
17560000.0,0.5216201826137712,4.307545431458948e-10,4.307545431458948e-10,6.227924842505672e-10,1.0
17580000.0,0.5210488306211233,4.015070498297746e-10,4.015070498297746e-10,5.801596980603563e-10,1.0
17600000.0,0.5204779034190842,3.7422809295861725e-10,3.7422809295861725e-10,5.404205971615283e-10,1.0
17620000.0,0.5199074013496209,3.487861111040047e-10,3.487861111040047e-10,5.03380892524774e-10,1.0
17640000.0,0.519337324751805,3.2505897973322817e-10,3.2505897973322817e-10,4.688585075740548e-10,1.0
17660000.0,0.5187676739618226,3.0293179076323895e-10,3.0293179076323895e-10,4.3668424432041775e-10,1.0
17680000.0,0.5181984493129851,2.822980738059755e-10,2.822980738059755e-10,4.066996739382489e-10,1.0
17700000.0,0.5176296511357394,2.6305813083382645e-10,2.6305813083382645e-10,3.787574698321805e-10,1.0
17720000.0,0.5170612797576785,2.451179259566061e-10,2.451179259566061e-10,3.527191871910418e-10,1.0
17740000.0,0.5164933355035506,2.2839119484530102e-10,2.2839119484530102e-10,3.2845659525548854e-10,1.0
17760000.0,0.5159258186952712,2.1279622508529883e-10,2.1279622508529883e-10,3.058495678942563e-10,1.0
17780000.0,0.515358729651932,1.9825752151092502e-10,1.9825752151092502e-10,2.847863056487654e-10,1.0
17800000.0,0.5147920686898111,1.8470358575939372e-10,1.8470358575939372e-10,2.651621144877936e-10,1.0
17820000.0,0.5142258361223839,1.720690256945545e-10,1.720690256945545e-10,2.468796278520813e-10,1.0
17840000.0,0.5136600322603325,1.60291335760121e-10,1.60291335760121e-10,2.2984769643130676e-10,1.0
17860000.0,0.5130946574115565,1.4931367253723238e-10,1.4931367253723238e-10,2.139819432755985e-10,1.0
17880000.0,0.5125297118811819,1.3908152407537955e-10,1.3908152407537955e-10,1.992026543717884e-10,1.0
17900000.0,0.5119651959715729,1.2954504136075684e-10,1.2954504136075684e-10,1.8543655500025125e-10,1.0
17920000.0,0.5114011099823399,1.206572619594226e-10,1.206572619594226e-10,1.7261447826655285e-10,1.0
17940000.0,0.5108374542103511,1.1237466512881156e-10,1.1237466512881156e-10,1.6067236430217235e-10,1.0
17960000.0,0.5102742289497414,1.0465583955010516e-10,1.0465583955010516e-10,1.4955015004147754e-10,1.0
17980000.0,0.509711434491923,9.746325968507108e-11,9.746325968507108e-11,1.3919221331093468e-10,1.0
18000000.0,0.5091490711255948,9.07611763523164e-11,9.07611763523164e-11,1.2954626260608393e-10,1.0
18020000.0,0.5085871391367527,8.451639388340482e-11,8.451639388340482e-11,1.2056389220305164e-10,1.0
18040000.0,0.5080256388086988,7.86979370559493e-11,7.86979370559493e-11,1.121998050024331e-10,1.0
18060000.0,0.5074645704220513,7.327716211591451e-11,7.327716211591451e-11,1.0441181252929255e-10,1.0
18080000.0,0.5069039342547556,6.822686859919713e-11,6.822686859919713e-11,9.716039084395334e-11,1.0
18100000.0,0.5063437305820916,6.352185444313818e-11,6.352185444313818e-11,9.04090136089053e-11,1.0
18120000.0,0.5057839596766858,5.913924905343038e-11,5.913924905343038e-11,8.412348595498997e-11,1.0
18140000.0,0.5052246218085192,5.505662592497629e-11,5.505662592497629e-11,7.827194448140062e-11,1.0
18160000.0,0.5046657172449381,5.1253667976425277e-11,5.1253667976425277e-11,7.28243021441699e-11,1.0
18180000.0,0.5041072462506629,4.77118344832661e-11,4.77118344832661e-11,6.77533584791945e-11,1.0
18200000.0,0.5035492090877985,4.44123626763826e-11,4.44123626763826e-11,6.30328012007908e-11,1.0
18220000.0,0.5029916060158429,4.1340153522639866e-11,4.1340153522639866e-11,5.863931562544167e-11,1.0
18240000.0,0.5024344372916976,3.847844265436606e-11,3.847844265436606e-11,5.454969809193244e-11,1.0
18260000.0,0.5018777031696767,3.581368535066076e-11,3.581368535066076e-11,5.0743409474307555e-11,1.0
18280000.0,0.501321403901516,3.333189280141369e-11,3.333189280141369e-11,4.720102086963607e-11,1.0
18300000.0,0.5007655397363834,3.1021074597958886e-11,3.1021074597958886e-11,4.390399155340674e-11,1.0
18320000.0,0.5002101109208875,2.8869018287025483e-11,2.8869018287025483e-11,4.083577920255266e-11,1.0
18340000.0,0.4996551176990873,2.6865620839089388e-11,2.6865620839089388e-11,3.7980729672426605e-11,1.0
18360000.0,0.4991005603125014,2.5000113090811737e-11,2.5000113090811737e-11,3.532385495219614e-11,1.0
18380000.0,0.4985464390001171,2.3263280191088143e-11,2.3263280191088143e-11,3.285172134326331e-11,1.0
18400000.0,0.4979927539984008,2.164657342262899e-11,2.164657342262899e-11,3.055156128084491e-11,1.0
18420000.0,0.4974395055413059,2.0141444068144665e-11,2.0141444068144665e-11,2.841127333397253e-11,1.0
18440000.0,0.4968866938602824,1.8739787499555405e-11,1.8739787499555405e-11,2.641997731700485e-11,1.0
18460000.0,0.4963343191842874,1.7435386467923308e-11,1.7435386467923308e-11,2.456723713351039e-11,1.0
18480000.0,0.49578238173979206,1.6221024523588312e-11,1.6221024523588312e-11,2.2843726910082296e-11,1.0
18500000.0,0.4952308817507922,1.5090595439914978e-11,1.5090595439914978e-11,2.1240342817918645e-11,1.0
18520000.0,0.4946798194388179,1.4038881168687567e-11,1.4038881168687567e-11,1.974886920663721e-11,1.0
18540000.0,0.49412919502294084,1.3059553438665716e-11,1.3059553438665716e-11,1.836142349276315e-11,1.0
18560000.0,0.4935790087197849,1.2148171357750925e-11,1.2148171357750925e-11,1.7070789226636407e-11,1.0
18580000.0,0.4930292607435345,1.1300071989239768e-11,1.1300071989239768e-11,1.5870416092411688e-11,1.0
18600000.0,0.49247995130594413,1.051059239642882e-11,1.051059239642882e-11,1.475397581884863e-11,1.0
18620000.0,0.4919310806163467,9.776401910244203e-12,9.776401910244203e-12,1.3715473201614259e-11,1.0
18640000.0,0.49138264888166294,9.09261554937757e-12,9.09261554937757e-12,1.2749579170190373e-11,1.0
18660000.0,0.4908346563064101,8.45667980087228e-12,8.45667980087228e-12,1.1851408743268621e-11,1.0
18680000.0,0.4902871030927113,7.864819906444609e-12,7.864819906444609e-12,1.1016076939540653e-11,1.0
18700000.0,0.4897399894403036,7.314371330835456e-12,7.314371330835456e-12,1.0239364911512894e-11,1.0
18720000.0,0.48919331554654777,6.8017813603660215e-12,6.8017813603660215e-12,9.516942789389304e-12,1.0
18740000.0,0.4886470816064362,6.325384660499367e-12,6.325384660499367e-12,8.845368881793547e-12,1.0
18760000.0,0.4881012878126031,5.881850562161617e-12,5.881850562161617e-12,8.220868430441897e-12,1.0
18780000.0,0.4875559343553316,5.469291686210909e-12,5.469291686210909e-12,7.640110766260477e-12,1.0
18800000.0,0.48701102142256314,5.0853765642955295e-12,5.0853765642955295e-12,7.100320331687726e-12,1.0
18820000.0,0.48646654919990695,4.728328839576079e-12,4.728328839576079e-12,6.59827747995223e-12,1.0
18840000.0,0.48592251787064755,4.396261132910695e-12,4.396261132910695e-12,6.1315397203998145e-12,1.0
18860000.0,0.48537892761575474,4.087286065157514e-12,4.087286065157514e-12,5.697664562376303e-12,1.0
18880000.0,0.48483577861389027,3.800182390989448e-12,3.800182390989448e-12,5.2944315598324465e-12,1.0
18900000.0,0.4842930710414187,3.532729664357248e-12,3.532729664357248e-12,4.919398222114069e-12,1.0
18920000.0,0.4837508050724144,3.284261751446138e-12,3.284261751446138e-12,4.570899214684232e-12,1.0
18940000.0,0.48320898087867126,3.053002295416718e-12,3.053002295416718e-12,4.246936136098611e-12,1.0
18960000.0,0.48266759862970976,2.8380631178492877e-12,2.8380631178492877e-12,3.945732629517806e-12,1.0
18980000.0,0.48212665849278724,2.6382229734167595e-12,2.6382229734167595e-12,3.665956427312267e-12,1.0
19000000.0,0.4815861606329046,2.4521495944895833e-12,2.4521495944895833e-12,3.4057201503401302e-12,1.0
19020000.0,0.48104610521281665,2.2792878695554464e-12,2.2792878695554464e-12,3.163913575576771e-12,1.0
19040000.0,0.48050649239303866,2.1183055309847987e-12,2.1183055309847987e-12,2.939315457695102e-12,1.0
19060000.0,0.4799673223318559,1.96920257877764e-12,1.96920257877764e-12,2.73048250676311e-12,1.0
19080000.0,0.4794285951853322,1.830091633792108e-12,1.830091633792108e-12,2.5364155220586326e-12,1.0
19100000.0,0.4788903111073174,1.7008616737257398e-12,1.7008616737257398e-12,2.3560042805570447e-12,1.0
19120000.0,0.47835247024945604,1.5805134978563729e-12,1.5805134978563729e-12,2.188582648443571e-12,1.0
19140000.0,0.4778150727611964,1.4688250615790821e-12,1.4688250615790821e-12,2.0325963134837366e-12,1.0
19160000.0,0.47727811878979753,1.3649081864741675e-12,1.3649081864741675e-12,1.8879342533750787e-12,1.0
19180000.0,0.47674160848033853,1.2682077610293163e-12,1.2682077610293163e-12,1.7535972673954348e-12,1.0
19200000.0,0.47620554197572607,1.1787237852445287e-12,1.1787237852445287e-12,1.6285861548226421e-12,1.0
19220000.0,0.4756699194167032,1.095235013792717e-12,1.095235013792717e-12,1.5125678487493133e-12,1.0
19240000.0,0.4751347409418569,1.0176304243714185e-12,1.0176304243714185e-12,1.404654170755748e-12,1.0
19260000.0,0.4746000066876268,9.455769500732458e-13,9.455769500732458e-13,1.304512053934559e-12,1.0
19280000.0,0.474065716788313,8.785194793858864e-13,8.785194793858864e-13,1.2113643421685083e-12,1.0
19300000.0,0.4735318713760841,8.162359677044151e-13,8.162359677044151e-13,1.1248779685502086e-12,1.0
19320000.0,0.47299847058098554,7.583933481214444e-13,7.583933481214444e-13,1.0446088438698098e-12,1.0
19340000.0,0.47246551453094765,7.044365091246618e-13,7.044365091246618e-13,9.698908343125368e-13,1.0
19360000.0,0.47193300335179333,6.544764730165298e-13,6.544764730165298e-13,9.00612917575927e-13,1.0
19380000.0,0.4714009371672462,6.079581282847357e-13,6.079581282847357e-13,8.362199821476679e-13,1.0
19400000.0,0.470869316098939,5.647704526268171e-13,5.647704526268171e-13,7.764899834228345e-13,1.0
19420000.0,0.47033814026642096,5.248024237403115e-13,5.248024237403115e-13,7.209788321915767e-13,1.0
19440000.0,0.46980740978716606,4.871658632055187e-13,4.871658632055187e-13,6.692424392440444e-13,1.0
19460000.0,0.4692771247765808,4.5274894944213884e-13,4.5274894944213884e-13,6.213918268827001e-13,1.0
19480000.0,0.4687472853480118,4.204414594255468e-13,4.204414594255468e-13,5.768718835952313e-13,1.0
19500000.0,0.4682178916127545,3.9057646006313007e-13,3.9057646006313007e-13,5.355715870791755e-13,1.0
19520000.0,0.46768894368006053,3.624878175401136e-13,3.624878175401136e-13,4.970468481246826e-13,1.0
19540000.0,0.46716044165714465,3.3706371027619753e-13,3.3706371027619753e-13,4.616307336391401e-13,1.0
19560000.0,0.4666323856491943,3.1297187064183163e-13,3.1297187064183163e-13,4.284350652028479e-13,1.0
19580000.0,0.4661047757593757,2.9054536554440347e-13,2.9054536554440347e-13,3.9768188742073107e-13,1.0
19600000.0,0.46557761208884274,2.6989521728637555e-13,2.6989521728637555e-13,3.6914915568786455e-13,1.0
19620000.0,0.4650508947367443,2.5057733665789783e-13,2.5057733665789783e-13,3.426148253993233e-13,1.0
19640000.0,0.4645246238002312,2.3281376826389533e-13,2.3281376826389533e-13,3.1818991885756986e-13,1.0
19660000.0,0.4639987993744651,2.1604940059205546e-13,2.1604940059205546e-13,2.952083022478291e-13,1.0
19680000.0,0.4634734215526257,2.0061730054976579e-13,2.0061730054976579e-13,2.738920201750261e-13,1.0
19700000.0,0.4629484904259181,1.8629542353210127e-13,1.8629542353210127e-13,2.5424107263916085e-13,1.0
19720000.0,0.46242400608358014,1.7319479184152442e-13,1.7319479184152442e-13,2.360334150353083e-13,1.0
19740000.0,0.46189996861289107,1.6076029396572267e-13,1.6076029396572267e-13,2.1904700275854339e-13,1.0
19760000.0,0.46137637809917753,1.4921397450962104e-13,1.4921397450962104e-13,2.0328183580886616e-13,1.0
19780000.0,0.46085323462582295,1.3844481117075702e-13,1.3844481117075702e-13,1.886268918838141e-13,1.0
19800000.0,0.4603305382742736,1.2878587085651816e-13,1.2878587085651816e-13,1.7508217098338719e-13,1.0
19820000.0,0.45980828912404614,1.1945999744966684e-13,1.1945999744966684e-13,1.6253665080512292e-13,1.0
19840000.0,0.4592864872527358,1.1091128016005314e-13,1.1091128016005314e-13,1.5076828674409626e-13,1.0
19860000.0,0.4587651327360235,1.028066520802895e-13,1.028066520802895e-13,1.3988810110276972e-13,1.0
19880000.0,0.4582442256476834,9.559020242022598e-14,9.559020242022598e-14,1.297850715786808e-13,1.0
19900000.0,0.4577237660595893,8.870681966755001e-14,8.870681966755001e-14,1.2045919817182948e-13,1.0
19920000.0,0.45720375404172386,8.215650382226158e-14,8.215650382226158e-14,1.1168843627729075e-13,1.0
19940000.0,0.4566841896621844,7.638334409421077e-14,7.638334409421077e-14,1.0369483049998962e-13,1.0
19960000.0,0.4561650729871901,7.09432512735475e-14,7.09432512735475e-14,9.614531393253856e-14,1.0
19980000.0,0.45564640408109125,6.583622536027178e-14,6.583622536027178e-14,8.926193117986259e-14,1.0
