Time (s),A,B,Z
0.0,0.0,0.0,0.0
20000.0,0.0,-0.001339102600882991,-0.001339102600882991
40000.0,0.0,-0.0026764120059903362,-0.0026764120059903362
60000.0,0.0,-0.004011930616595105,-0.004011930616595105
80000.0,0.0,-0.005345660830754939,-0.005345660830754939
100000.0,0.0,-0.006677605043316048,-0.006677605043316048
120000.0,0.0,-0.008007765645917875,-0.008007765645917875
140000.0,0.0,-0.0093361450269972,-0.0093361450269972
160000.0,0.0,-0.010662745571792365,-0.010662745571792365
180000.0,0.0,-0.011987569662347706,-0.011987569662347706
200000.0,0.0,-0.013310619677517566,-0.013310619677517566
220000.0,0.0,-0.014631897992971044,-0.014631897992971044
240000.0,0.0,-0.015951406981195904,-0.015951406981195904
260000.0,0.0,-0.01726914901150267,-0.01726914901150267
280000.0,0.0,-0.0185851264500293,-0.0185851264500293
300000.0,0.0,-0.019899341659745384,-0.019899341659745384
320000.0,0.0,-0.021211797000455945,-0.021211797000455945
340000.0,0.0,-0.022522494828806305,-0.022522494828806305
360000.0,0.0,-0.023831437498285646,-0.023831437498285646
380000.0,0.0,-0.025138627359232,-0.025138627359232
400000.0,0.0,-0.026444066758835594,-0.026444066758835594
420000.0,0.0,-0.02774775804114393,-0.02774775804114393
440000.0,0.0,-0.029049703547065486,-0.029049703547065486
460000.0,0.0,-0.030349905614373673,-0.030349905614373673
480000.0,0.0,-0.03164836657771197,-0.03164836657771197
500000.0,0.0,-0.03294508876859714,-0.03294508876859714
520000.0,0.0,-0.03424007451542377,-0.03424007451542377
540000.0,0.0,-0.035533326143468824,-0.035533326143468824
560000.0,0.0,-0.036824845974895104,-0.036824845974895104
580000.0,0.0,-0.038114636328756,-0.038114636328756
600000.0,0.0,-0.03940269952099951,-0.03940269952099951
620000.0,0.0,-0.04068903786447209,-0.04068903786447209
640000.0,0.0,-0.04197365366892336,-0.04197365366892336
660000.0,0.0,-0.043256549241009856,-0.043256549241009856
680000.0,0.0,-0.04453772688429902,-0.04453772688429902
700000.0,0.0,-0.045817188899273775,-0.045817188899273775
720000.0,0.0,-0.047094937583336716,-0.047094937583336716
740000.0,0.0,-0.04837097523081346,-0.04837097523081346
760000.0,0.0,-0.049645304132957646,-0.049645304132957646
780000.0,0.0,-0.05091792657795457,-0.05091792657795457
800000.0,0.0,-0.05218884485092557,-0.05218884485092557
820000.0,0.0,-0.053458061233931604,-0.053458061233931604
840000.0,0.0,-0.054725578005978104,-0.054725578005978104
860000.0,0.0,-0.05599139744301851,-0.05599139744301851
880000.0,0.0,-0.057255521817958455,-0.057255521817958455
900000.0,0.0,-0.058517953400660135,-0.058517953400660135
920000.0,0.0,-0.05977869445794604,-0.05977869445794604
940000.0,0.0,-0.061037747253603,-0.061037747253603
960000.0,0.0,-0.062295114048386724,-0.062295114048386724
980000.0,0.0,-0.0635507971000252,-0.0635507971000252
1000000.0,0.0,-0.06480479866322342,-0.06480479866322342
1020000.0,0.0,-0.06605712098966687,-0.06605712098966687
1040000.0,0.0,-0.06730776632802582,-0.06730776632802582
1060000.0,0.0,-0.06855673692395936,-0.06855673692395936
1080000.0,0.0,-0.06980403502011945,-0.06980403502011945
1100000.0,0.0,-0.07104966285615488,-0.07104966285615488
1120000.0,0.0,-0.07229362266871542,-0.07229362266871542
1140000.0,0.0,-0.07353591669145543,-0.07353591669145543
1160000.0,0.0,-0.07477654715503868,-0.07477654715503868
1180000.0,0.0,-0.07601551628714132,-0.07601551628714132
1200000.0,0.0,-0.07725282631245678,-0.07725282631245678
1220000.0,0.0,-0.07848847945269921,-0.07848847945269921
1240000.0,0.0,-0.0797224779266078,-0.0797224779266078
1260000.0,0.0,-0.08095482394995046,-0.08095482394995046
1280000.0,0.0,-0.08218551973552801,-0.08218551973552801
1300000.0,0.0,-0.08341456749317833,-0.08341456749317833
1320000.0,0.0,-0.08464196942977975,-0.08464196942977975
1340000.0,0.0,-0.08586772774925544,-0.08586772774925544
1360000.0,0.0,-0.08709184465257758,-0.08709184465257758
1380000.0,0.0,-0.08831432233777059,-0.08831432233777059
1400000.0,0.0,-0.08953516299991593,-0.08953516299991593
1420000.0,0.0,-0.09075436883115529,-0.09075436883115529
1440000.0,0.0,-0.09197194202069503,-0.09197194202069503
1460000.0,0.0,-0.09318788475480988,-0.09318788475480988
1480000.0,0.0,-0.0944021992168469,-0.0944021992168469
1500000.0,0.0,-0.09561488758722958,-0.09561488758722958
1520000.0,0.0,-0.09682595204346145,-0.09682595204346145
1540000.0,0.0,-0.09803539476013001,-0.09803539476013001
1560000.0,0.0,-0.09924321790891123,-0.09924321790891123
1580000.0,0.0,-0.10044942365857246,-0.10044942365857246
1600000.0,0.0,-0.10165401417497698,-0.10165401417497698
1620000.0,0.0,-0.10285699162108819,-0.10285699162108819
1640000.0,0.0,-0.1040583581569724,-0.1040583581569724
1660000.0,0.0,-0.10525811593980383,-0.10525811593980383
1680000.0,0.0,-0.1064562671238678,-0.1064562671238678
1700000.0,0.0,-0.10765281386056491,-0.10765281386056491
1720000.0,0.0,-0.10884775829841487,-0.10884775829841487
1740000.0,0.0,-0.11004110258306021,-0.11004110258306021
1760000.0,0.0,-0.11123284885727025,-0.11123284885727025
1780000.0,0.0,-0.1124229992609449,-0.1124229992609449
1800000.0,0.0,-0.11361155593111849,-0.11361155593111849
1820000.0,0.0,-0.11479852100196387,-0.11479852100196387
1840000.0,0.0,-0.11598389660479558,-0.11598389660479558
1860000.0,0.0,-0.11716768486807459,-0.11716768486807459
1880000.0,0.0,-0.11834988791741131,-0.11834988791741131
1900000.0,0.0,-0.11953050787556994,-0.11953050787556994
1920000.0,0.0,-0.12070954686247193,-0.12070954686247193
1940000.0,0.0,-0.12188700699520007,-0.12188700699520007
1960000.0,0.0,-0.12306289038800189,-0.12306289038800189
1980000.0,0.0,-0.12423719915229413,-0.12423719915229413
2000000.0,0.0,-0.125409935396666,-0.125409935396666
2020000.0,0.0,-0.1265811012268827,-0.1265811012268827
2040000.0,0.0,-0.12775069874589018,-0.12775069874589018
2060000.0,0.0,-0.12891873005381804,-0.12891873005381804
2080000.0,0.0,-0.1300851972479834,-0.1300851972479834
2100000.0,0.0,-0.13125010242289525,-0.13125010242289525
2120000.0,0.0,-0.13241344767025764,-0.13241344767025764
2140000.0,0.0,-0.1335752350789735,-0.1335752350789735
2160000.0,0.0,-0.1347354667351488,-0.1347354667351488
2180000.0,0.0,-0.1358941447220956,-0.1358941447220956
2200000.0,0.0,-0.13705127112033644,-0.13705127112033644
2220000.0,0.0,-0.13820684800760796,-0.13820684800760796
2240000.0,0.0,-0.13936087745886416,-0.13936087745886416
2260000.0,0.0,-0.1405133615462807,-0.1405133615462807
2280000.0,0.0,-0.1416643023392582,-0.1416643023392582
2300000.0,0.0,-0.14281370190442644,-0.14281370190442644
2320000.0,0.0,-0.1439615623056476,-0.1439615623056476
2340000.0,0.0,-0.14510788560401988,-0.14510788560401988
2360000.0,0.0,-0.146252673857882,-0.146252673857882
2380000.0,0.0,-0.14739592912281585,-0.14739592912281585
2400000.0,0.0,-0.14853765345165093,-0.14853765345165093
2420000.0,0.0,-0.14967784889446778,-0.14967784889446778
2440000.0,0.0,-0.1508165174986016,-0.1508165174986016
2460000.0,0.0,-0.15195366130864618,-0.15195366130864618
2480000.0,0.0,-0.15308928236645702,-0.15308928236645702
2500000.0,0.0,-0.15422338271115588,-0.15422338271115588
2520000.0,0.0,-0.15535596437913346,-0.15535596437913346
2540000.0,0.0,-0.15648702940405368,-0.15648702940405368
2560000.0,0.0,-0.15761657981685728,-0.15761657981685728
2580000.0,0.0,-0.1587446176457652,-0.1587446176457652
2600000.0,0.0,-0.15987114491628263,-0.15987114491628263
2620000.0,0.0,-0.16099616365120217,-0.16099616365120217
2640000.0,0.0,-0.1621196758706076,-0.1621196758706076
2660000.0,0.0,-0.16324168359187807,-0.16324168359187807
2680000.0,0.0,-0.16436218882969067,-0.16436218882969067
2700000.0,0.0,-0.16548119359602498,-0.16548119359602498
2720000.0,0.0,-0.1665986999001664,-0.1665986999001664
2740000.0,0.0,-0.1677147097487094,-0.1677147097487094
2760000.0,0.0,-0.16882922514556153,-0.16882922514556153
2780000.0,0.0,-0.16994224809194713,-0.16994224809194713
2800000.0,0.0,-0.1710537805864103,-0.1710537805864103
2820000.0,0.0,-0.17216382462481916,-0.17216382462481916
2840000.0,0.0,-0.1732723822003691,-0.1732723822003691
2860000.0,0.0,-0.17437945530358645,-0.17437945530358645
2880000.0,0.0,-0.17548504592233194,-0.17548504592233194
2900000.0,0.0,-0.17658915604180425,-0.17658915604180425
2920000.0,0.0,-0.17769178764454396,-0.17769178764454396
2940000.0,0.0,-0.17879294271043666,-0.17879294271043666
2960000.0,0.0,-0.17989262321671662,-0.17989262321671662
2980000.0,0.0,-0.18099083113797043,-0.18099083113797043
3000000.0,0.0,-0.1820875684461406,-0.1820875684461406
3020000.0,0.0,-0.18318283711052896,-0.18318283711052896
3040000.0,0.0,-0.18427663909780012,-0.18427663909780012
3060000.0,0.0,-0.18536897637198538,-0.18536897637198538
3080000.0,0.0,-0.18645985089448558,-0.18645985089448558
3100000.0,0.0,-0.18754926462407562,-0.18754926462407562
3120000.0,0.0,-0.18863721951690682,-0.18863721951690682
3140000.0,0.0,-0.1897237175265114,-0.1897237175265114
3160000.0,0.0,-0.1908087606038055,-0.1908087606038055
3180000.0,0.0,-0.19189235069709268,-0.19189235069709268
3200000.0,0.0,-0.19297448975206766,-0.19297448975206766
3220000.0,0.0,-0.19405517971181963,-0.19405517971181963
3240000.0,0.0,-0.19513442251683577,-0.19513442251683577
3260000.0,0.0,-0.1962122201050046,-0.1962122201050046
3280000.0,0.0,-0.19728857441162007,-0.19728857441162007
3300000.0,0.0,-0.19836348736938395,-0.19836348736938395
3320000.0,0.0,-0.19943696090841048,-0.19943696090841048
3340000.0,0.0,-0.2005089969562288,-0.2005089969562288
3360000.0,0.0,-0.2015795974377873,-0.2015795974377873
3380000.0,0.0,-0.20264876427545642,-0.20264876427545642
3400000.0,0.0,-0.20371649938903244,-0.20371649938903244
3420000.0,0.0,-0.20478280469574084,-0.20478280469574084
3440000.0,0.0,-0.20584768211023974,-0.20584768211023974
3460000.0,0.0,-0.20691113354462318,-0.20691113354462318
3480000.0,0.0,-0.20797316090842488,-0.20797316090842488
3500000.0,0.0,-0.20903376610862157,-0.20903376610862157
3520000.0,0.0,-0.2100929510496362,-0.2100929510496362
3540000.0,0.0,-0.21115071763334148,-0.21115071763334148
3560000.0,0.0,-0.21220706775906342,-0.21220706775906342
3580000.0,0.0,-0.21326200332358447,-0.21326200332358447
3600000.0,0.0,-0.21431552622114733,-0.21431552622114733
3620000.0,0.0,-0.21536763834345807,-0.21536763834345807
3640000.0,0.0,-0.21641834157968934,-0.21641834157968934
3660000.0,0.0,-0.21746763781648418,-0.21746763781648418
3680000.0,0.0,-0.21851552893795934,-0.21851552893795934
3700000.0,0.0,-0.21956201682570817,-0.21956201682570817
3720000.0,0.0,-0.22060710335880473,-0.22060710335880473
3740000.0,0.0,-0.22165079041380675,-0.22165079041380675
3760000.0,0.0,-0.22269307986475884,-0.22269307986475884
3780000.0,0.0,-0.22373397358319635,-0.22373397358319635
3800000.0,0.0,-0.22477347343814824,-0.22477347343814824
3820000.0,0.0,-0.22581158129614065,-0.22581158129614065
3840000.0,0.0,-0.22684829902120052,-0.22684829902120052
3860000.0,0.0,-0.22788362847485846,-0.22788362847485846
3880000.0,0.0,-0.2289175715161521,-0.2289175715161521
3900000.0,0.0,-0.22995013000163,-0.22995013000163
3920000.0,0.0,-0.23098130578535447,-0.23098130578535447
3940000.0,0.0,-0.232011100718905,-0.232011100718905
3960000.0,0.0,-0.23303951665138156,-0.23303951665138156
3980000.0,0.0,-0.23406655542940824,-0.23406655542940824
4000000.0,0.0,-0.23509221889713608,-0.23509221889713608
4020000.0,0.0,-0.23611650889624647,-0.23611650889624647
4040000.0,0.0,-0.23713942726595513,-0.23713942726595513
4060000.0,0.0,-0.23816097584301446,-0.23816097584301446
4080000.0,0.0,-0.23918115646171723,-0.23918115646171723
4100000.0,0.0,-0.2401999709539001,-0.2401999709539001
4120000.0,0.0,-0.24121742114894684,-0.24121742114894684
4140000.0,-5.551115123125783e-17,-0.24223350887379103,-0.24223350887379108
4160000.0,-5.551115123125783e-17,-0.24324823595292014,-0.2432482359529202
4180000.0,-2.7755575615628914e-17,-0.2442616042083783,-0.24426160420837842
4200000.0,-8.326672684688674e-17,-0.24527361545977008,-0.2452736154597702
4220000.0,-1.3877787807814457e-16,-0.24628427152426288,-0.24628427152426305
4240000.0,-1.942890293094024e-16,-0.2472935742165912,-0.24729357421659148
4260000.0,-2.498001805406602e-16,-0.248301525349059,-0.2483015253490594
4280000.0,-4.440892098500626e-16,-0.24930812673154396,-0.24930812673154457
4300000.0,-6.106226635438361e-16,-0.2503133801714994,-0.25031338017150023
4320000.0,-8.881784197001252e-16,-0.2513172874739589,-0.2513172874739601
4340000.0,-1.3322676295501878e-15,-0.2523198504415385,-0.25231985044154026
4360000.0,-1.942890293094024e-15,-0.25332107087444067,-0.2533210708744433
4380000.0,-2.7755575615628914e-15,-0.25432095057045695,-0.25432095057046067
4400000.0,-3.885780586188048e-15,-0.2553194913249716,-0.2553194913249769
4420000.0,-5.6066262743570405e-15,-0.2563166949309646,-0.25631669493097214
4440000.0,-7.993605777301127e-15,-0.25731256317901513,-0.25731256317902584
4460000.0,-1.1268763699945339e-14,-0.2583070978573041,-0.25830709785731926
4480000.0,-1.5765166949677223e-14,-0.25930030075161814,-0.25930030075163946
4500000.0,-2.2148949341271873e-14,-0.2602921736453527,-0.26029217364538265
4520000.0,-3.097522238704187e-14,-0.26128271831951455,-0.2612827183195565
4540000.0,-4.318767565791859e-14,-0.26227193655272574,-0.26227193655278425
4560000.0,-5.995204332975845e-14,-0.2632598301212263,-0.2632598301213076
4580000.0,-8.293365993949919e-14,-0.2642464007988776,-0.2642464007989903
4600000.0,-1.1435297153639112e-13,-0.26523165035716534,-0.265231650357321
4620000.0,-1.5720758028692217e-13,-0.26621558056520267,-0.26621558056541694
4640000.0,-2.1549428907974288e-13,-0.2671981931897337,-0.2671981931900278
4660000.0,-2.9437563497936026e-13,-0.26817948999513563,-0.2681794899955379
4680000.0,-4.009570453433753e-13,-0.2691594727434228,-0.2691594727439714
4700000.0,-5.44286837822483e-13,-0.2701381431942488,-0.2701381431949946
4720000.0,-7.367995102924851e-13,-0.27111550310490995,-0.27111550310592075
4740000.0,-9.942047185518277e-13,-0.2720915542303474,-0.2720915542317133
4760000.0,-1.3375967000683886e-12,-0.273066298323151,-0.2730662983249911
4780000.0,-1.794342452399178e-12,-0.2740397371335605,-0.27403973713603214
4800000.0,-2.3998580900297384e-12,-0.27501187240946867,-0.2750118724127789
4820000.0,-3.2005509353894013e-12,-0.2759827058964236,-0.27598270590084417
4840000.0,-4.256206498354231e-12,-0.27695223933763014,-0.2769522393435166
4860000.0,-5.643985279135677e-12,-0.27792047447395163,-0.2779204744817679
4880000.0,-7.46325223843769e-12,-0.27888741304391085,-0.27888741305426046
4900000.0,-9.841683024092163e-12,-0.2798530567836913,-0.2798530567973575
4920000.0,-1.2942480420718994e-11,-0.280817407427136,-0.2808174074451321
4940000.0,-1.6974144312342787e-11,-0.28178046670574736,-0.281780466729381
4960000.0,-2.2201962490697724e-11,-0.28274223634868534,-0.2827422363796393
4980000.0,-2.8962776621455077e-11,-0.28370271808276337,-0.2837027181231974
5000000.0,-3.7683189901827063e-11,-0.2846619136324444,-0.2846619136851233
5020000.0,-4.8901716009908114e-11,-0.2856198247198339,-0.28561982478828724
5040000.0,-6.32968677471979e-11,-0.2865764530646704,-0.28657645315339314
5060000.0,-8.172101884085237e-11,-0.2875318003843143,-0.28753180049901556
5080000.0,-1.0524209281825847e-10,-0.28848586839373136,-0.2884858685416442
5100000.0,-1.3519513286652796e-10,-0.28943865880547387,-0.2894386589957391
5120000.0,-1.7324458534417886e-10,-0.29039017332965467,-0.2903901735737953
5140000.0,-2.2146062761407848e-10,-0.29134041367391655,-0.29134041398642285
5160000.0,-2.8241115002103356e-10,-0.29228938154339246,-0.2922893819424414
5180000.0,-3.592749986403021e-10,-0.29323707864065807,-0.2932370791489968
5200000.0,-4.559762567524217e-10,-0.2941835066656719,-0.2941835073116985
5220000.0,-5.773484468285517e-10,-0.2951286673157028,-0.2951286681347863
5240000.0,-7.293309289835292e-10,-0.2960725622852422,-0.2960725633213305
5260000.0,-9.192048788797536e-10,-0.2970151932658961,-0.2970151945734704
5280000.0,-1.1558755064200454e-09,-0.2979565619462556,-0.29795656359269995
5300000.0,-1.4502093970136798e-09,-0.29889667001174014,-0.29889667208020754
5320000.0,-1.815436689867056e-09,-0.2998355191444102,-0.2998355217372819
5340000.0,-2.2676281963285305e-09,-0.30077311102274135,-0.300773114265792
5360000.0,-2.8262624462982444e-09,-0.30170944732135513,-0.30170945136875693
5380000.0,-3.514895374756577e-09,-0.30264452971069766,-0.3026445347510186
5400000.0,-4.361952077314157e-09,-0.30357835985665893,-0.303578366120037
5420000.0,-5.40165806528492e-09,-0.30451093942011936,-0.304510947186824
5440000.0,-6.675135166833712e-09,-0.30544227005641533,-0.30544227966704224
5460000.0,-8.231685111326215e-09,-0.30637235341470703,-0.30637236528229217
5480000.0,-1.0130291772103561e-08,-0.3073011911372348,-0.3073012057616166
5500000.0,-1.2441375596417004e-08,-0.30822878485844657,-0.30822880284325915
5520000.0,-1.5248835694148255e-08,-0.3091551362039727,-0.3091551582767081
5540000.0,-1.8652425104459525e-08,-0.3100802467894307,-0.31008027382507547
5560000.0,-2.2770504537472647e-08,-0.311004118219028,-0.3110041512678538
5580000.0,-2.7743229602528174e-08,-0.31192675208393617,-0.3119267924041058
5600000.0,-3.373623241875734e-08,-0.3128481499604025,-0.3128481990561492
5620000.0,-4.09448639437926e-08,-0.3137683134075615,-0.31376837307380234
5640000.0,-4.9599073181916253e-08,-0.31468724396490205,-0.31468731633926605
5660000.0,-5.996900709348552e-08,-0.31560494314934434,-0.3156050307727264
5680000.0,-7.237142424232346e-08,-0.31652141245187326,-0.3165215183387717
5700000.0,-8.717702548732831e-08,-0.31743665333366716,-0.31743678105372586
5720000.0,-1.0481881623780609e-07,-0.3183506672216577,-0.31835082099401363
5740000.0,-1.2580162483954993e-07,-0.31926345550344576,-0.31926364030568205
5760000.0,-1.5071291703527834e-07,-0.32017501952149213,-0.3201752412152179
5780000.0,-1.802350568791411e-07,-0.32108536056649356,-0.3210856260418111
5800000.0,-2.1515918091630226e-07,-0.321994479869844,-0.3219947972112327
5820000.0,-2.5640086631639747e-07,-0.32290237859507115,-0.32290275727150497
5840000.0,-3.050177909136309e-07,-0.32380905782813,-0.32380950891056515
5860000.0,-3.622295984273549e-07,-0.3247145185664191,-0.32471505497613296
5880000.0,-4.294402021765009e-07,-0.32561876170637866,-0.3256193984980179
5900000.0,-5.082627768659975e-07,-0.32652178802951165,-0.32652254271311354
5920000.0,-6.005477097836831e-07,-0.32742359818665817,-0.32742449109335137
5940000.0,-7.084138012869445e-07,-0.32832419268034035,-0.32832524737690494
5960000.0,-8.342830253305067e-07,-0.3292235718449738,-0.3292248156029528
5980000.0,-9.80919184878637e-07,-0.3301217358247343,-0.3301232001503368
6000000.0,-1.151470814753086e-06,-0.3310186845488449,-0.33102040578046804
6020000.0,-1.3495187101697503e-06,-0.33191441770403485,-0.33191643768485807
6040000.0,-1.5791284820321216e-06,-0.3328089347039044,-0.3328113015376774
6060000.0,-1.844908559311964e-06,-0.3337022346549081,-0.33370500355376037
6080000.0,-2.1520740858815834e-06,-0.33459431631865566,-0.33459755055250523
6100000.0,-2.5065171793681174e-06,-0.33548517807020534,-0.33548895002813583
6120000.0,-2.9148840410275767e-06,-0.336374817852008,-0.33637921022681405
6140000.0,-3.3846594303943434e-06,-0.337263233123143,-0.3372683402311175
6160000.0,-3.92425903444904e-06,-0.33815042080346175,-0.3381563500524118
6180000.0,-4.543130285028507e-06,-0.33903637721224184,-0.3390432507316707
6200000.0,-5.251862192912071e-06,-0.3399210980009305,-0.33992905444931254
6220000.0,-6.062304785892092e-06,-0.34080457807954356,-0.3408137746446421
6240000.0,-6.9876987509598365e-06,-0.34168681153626074,-0.3416974261454948
6260000.0,-8.042815893560817e-06,-0.342567791549749,-0.34258002530869963
6280000.0,-9.244111037420844e-06,-0.34344751029372367,-0.34346159017198075
6300000.0,-1.060988599255186e-05,-0.34432595883324707,-0.3443421406179292
6320000.0,-1.21604662262631e-05,-0.3452031270122481,-0.3452216985506768
6340000.0,-1.3918390867229125e-05,-0.3460790033317358,-0.3461002880859024
6360000.0,-1.5908616673498965e-05,-0.34695357481817346,-0.3469779357548029
6380000.0,-1.8158736581785906e-05,-0.34782682688146865,-0.3478546707226458
6400000.0,-2.0699213446051523e-05,-0.3486987431620336,-0.34873052502251045
6420000.0,-2.3563629553469134e-05,-0.349569305366367,-0.3496055338048065
6440000.0,-2.678895248209301e-05,-0.35043849309061165,-0.3504797356031347
6460000.0,-3.0415817836748626e-05,-0.3513062836315468,-0.3513531726170254
6480000.0,-3.448882936268882e-05,-0.3521726517844826,-0.3522258910120552
6500000.0,-3.9056876896814696e-05,-0.3530375696275374,-0.35309794123780086
6520000.0,-4.4173472567077265e-05,-0.35390100629179616,-0.3539693783640416
6540000.0,-4.9897105597773717e-05,-0.3547629277168702,-0.3548402624355671
6560000.0,-5.629161601383714e-05,-0.35562329639140217,-0.3557106588458846
6580000.0,-6.342658747376939e-05,-0.3564820710780977,-0.3565806387300546
6600000.0,-7.137775937915425e-05,-0.3573392065228948,-0.3574502793768033
6620000.0,-8.022745833125011e-05,-0.3581946531479291,-0.3583196646599819
6640000.0,-9.006504891112543e-05,-0.3590483567279994,-0.3591888854893492
6660000.0,-0.00010098740366487613,-0.3599002580502913,-0.36005804028056004
6680000.0,-0.00011309939206993747,-0.3607502925571761,-0.3609272354441345
6700000.0,-0.00012651438814803573,-0.3615983899719663,-0.36179658589307295
6720000.0,-0.00014135479627053193,-0.3624444739075831,-0.36266621556866474
6740000.0,-0.000157752594580729,-0.3632884614581653,-0.36353625798391287
6760000.0,-0.00017584989532315465,-0.3641302627737332,-0.36440685678386653
6780000.0,-0.0001957995212368835,-0.3649697806181099,-0.36527816632201654
6800000.0,-0.00021776559702774145,-0.3658069099103978,-0.366150352251771
6820000.0,-0.00024192415478629936,-0.36664153725040427,-0.3670235921318753
6840000.0,-0.0002684637520717903,-0.3674735404285213,-0.36789807604449953
6860000.0,-0.00029758610122626594,-0.368302787920668,-0.3687740072245546
6880000.0,-0.0003295067083279868,-0.3691291383690236,-0.36965160269864905
6900000.0,-0.0003644555200368327,-0.36995244004939576,-0.3705310939319367
6920000.0,-0.00040267757642242774,-0.37077253032618984,-0.3714127274809479
6940000.0,-0.0004444336677129068,-0.37158923509607494,-0.3722967656503405
6960000.0,-0.0004900009927358284,-0.3724023682215639,-0.37318348715134403
6980000.0,-0.000539673816678854,-0.373211730955863,-0.3740731877595229
7000000.0,-0.0005937641256335557,-0.3740171113604701,-0.3749661809693228
7020000.0,-0.0006526022752469385,-0.3748182837171409,-0.3758627986427251
7040000.0,-0.0007165376306551008,-0.3756150079359666,-0.37676339164918266
7060000.0,-0.0007859391947427907,-0.3764070289614464,-0.37766833049388326
7080000.0,-0.0008611962216402147,-0.3771940761785605,-0.37857800593124813
7100000.0,-0.0009427188122491659,-0.37797586282097967,-0.3794928295604606
7120000.0,-0.001030938488479738,-0.37875208538367383,-0.3804132343997068
7140000.0,-0.0011263087427840768,-0.3795224230422952,-0.3813396754357104
7160000.0,-0.001229305559478755,-0.3802865370818319,-0.38227263014505924
7180000.0,-0.0013404279042825151,-0.3810440703371318,-0.3832125989837444
7200000.0,-0.0014601981784306828,-0.38179464664799945,-0.38416010584127813
7220000.0,-0.001589162633686414,-0.38253787033166126,-0.38511569845570787
7240000.0,-0.0017278917445430197,-0.3832733256754776,-0.3860799487858205
7260000.0,-0.0018769805338965662,-0.38400057645285546,-0.3870534533368185
7280000.0,-0.0020370488484812155,-0.3847191654653767,-0.3880368334357568
7300000.0,-0.002208741580382756,-0.3854286141142134,-0.3890307354530602
7320000.0,-0.00239272883099112,-0.38612842200393444,-0.3900358309664779
7340000.0,-0.002589706013824078,-0.3868180665818395,-0.39105281686391
7360000.0,-0.0028003938927307903,-0.3874970028159673,-0.39208241538161326
7380000.0,-0.0030255385521000266,-0.38816466291492124,-0.3931253740744127
7400000.0,-0.003265911295819879,-0.38882045609264265,-0.3941824657146636
7420000.0,-0.0035223084718834508,-0.38946376838122154,-0.39525448811685976
7440000.0,-0.0037955512197111463,-0.39009396249479783,-0.39634226388495825
7460000.0,-0.004086485137439311,-0.3907103777475291,-0.3974466400796714
7480000.0,-0.004395979866643085,-0.3913123300285246,-0.3985684878031913
7500000.0,-0.004724928592189703,-0.3918991118365515,-0.39970870169904654
7520000.0,-0.005074247455166714,-0.392469992377191,-0.4008681993650326
7540000.0,-0.005444874877092332,-0.3930242177250057,-0.402047920677425
7560000.0,-0.005837770793912567,-0.39356101105311597,-0.4032488270249789
7580000.0,-0.006253915798579812,-0.3940795729324288,-0.4044719004515104
7600000.0,-0.0066943101913273795,-0.39457908170257294,-0.40571814270617396
7620000.0,-0.007159972937097192,-0.3950586939164029,-0.4069885742008918
7640000.0,-0.00765194052990209,-0.3955175448597156,-0.4082842328747198
7660000.0,-0.00817126576428262,-0.395954749147602,-0.40960617296530677
7680000.0,-0.008719016414369507,-0.39636940139861054,-0.41095546368795854
7700000.0,-0.009296273821439938,-0.3967605769876475,-0.41233318782319806
7720000.0,-0.009904131391244575,-0.39712733287827434,-0.413740440214094
7740000.0,-0.01054369300275787,-0.3974687085347792,-0.4151783261750148
7760000.0,-0.011216071330402255,-0.3977837269141215,-0.4166479598138538
7780000.0,-0.011922386082174996,-0.3980713955375448,-0.4181504622701605
7800000.0,-0.012663762156512881,-0.3983307076413553,-0.4196869598720064
7820000.0,-0.013441327721094298,-0.39856064340604946,-0.4212585822147903
7840000.0,-0.014256212217174102,-0.398760171262669,-0.42286646016557566
7860000.0,-0.01510954429342487,-0.3989282492749273,-0.4245117237969343
7880000.0,-0.01600244967359421,-0.3990638265953555,-0.4261955002546063
7900000.0,-0.01693604896268258,-0.39916584499337804,-0.4279189115636805
7920000.0,-0.01791145539665695,-0.3992332404529131,-0.42968307237831044
7940000.0,-0.018929772541044443,-0.3992649448367961,-0.4314890876803112
7960000.0,-0.019992091944083246,-0.3992598876149807,-0.43333805043231144
7980000.0,-0.02109949075036316,-0.3992169976532023,-0.43523103919139833
8000000.0,-0.02225302928118822,-0.39913520505847183,-0.4371691156894814
8020000.0,-0.02345374858813687,-0.39901344307747855,-0.43915332238685545
8040000.0,-0.024702667986502558,-0.39885065004372156,-0.44118468000564437
8060000.0,-0.02600078257552585,-0.39864577136890583,-0.4432641850500349
8080000.0,-0.027349060752493604,-0.3983977615738966,-0.4453928073203787
8100000.0,-0.028748441727911578,-0.398105586354296,-0.4475714874283677
8120000.0,-0.030199833049119607,-0.39776822467546946,-0.44980113432065155
8140000.0,-0.03170410813976876,-0.3973846708916627,-0.4520826228183172
8160000.0,-0.03326210386265349,-0.3969539368836685,-0.4544167911797235
8180000.0,-0.03487461811345849,-0.39647505420931295,-0.45680443869425114
8200000.0,-0.03654240745291382,-0.3959470762609325,-0.4592463233144597
8220000.0,-0.03826618478490168,-0.39536908042384195,-0.46174315933419685
8240000.0,-0.040046617087933944,-0.39474017022973773,-0.46429561512007916
8260000.0,-0.04188432320737212,-0.3940594774988748,-0.46690431090371354
8280000.0,-0.04377987171560904,-0.3933261644648267,-0.469569816641882
8300000.0,-0.04573377884732943,-0.3925394258755775,-0.4722926499518049
8320000.0,-0.04774650651671364,-0.39169849106474125,-0.4750732741283463
8340000.0,-0.049818460423325384,-0.39080262598665994,-0.4779120962499055
8360000.0,-0.051949988253112034,-0.38985113520924297,-0.4808094653794182
8380000.0,-0.05414137798074431,-0.38884336385842005,-0.4837656708667005
8400000.0,-0.05639285627919166,-0.38777869950821714,-0.4867809407580247
8420000.0,-0.05870458704214121,-0.38665657401055537,-0.48985544031854256
8440000.0,-0.061076670024516055,-0.3854764652590334,-0.49298927067280507
8460000.0,-0.06350913960600785,-0.3842378988810946,-0.4961824675682976
8480000.0,-0.06600196368215644,-0.38294044985318054,-0.4994350002665222
8500000.0,-0.06855504268709822,-0.38158374403368817,-0.5027467705657482
8520000.0,-0.07116820875171537,-0.3801674596087481,-0.5061176119591643
8540000.0,-0.07384122500049844,-0.37869132844610454,-0.5095472889317427
8560000.0,-0.07657378498993,-0.3771551373526701,-0.5130354963986266
8580000.0,-0.07936551229088157,-0.3755587292315298,-0.5165818592875278
8600000.0,-0.08221596021686811,-0.3739020041345915,-0.5201859322669857
8620000.0,-0.08512461169975416,-0.37218492020725047,-0.5238471996220737
8640000.0,-0.08809087931384046,-0.3704074945218961,-0.5275650752784903
8660000.0,-0.09111410544892506,-0.3685698037973298,-0.5313389029756206
8680000.0,-0.09419356263238332,-0.36667198500157044,-0.5351679565886207
8700000.0,-0.09732845399987844,-0.36471423583584994,-0.5390514405991292
8720000.0,-0.10051791391382098,-0.36269681509799073,-0.5429884907137299
8740000.0,-0.10376100872826116,-0.36062004292370387,-0.546978174628846
8760000.0,-0.10705673769840574,-0.35848430090474964,-0.5510194929402602
8780000.0,-0.11040403403252608,-0.35629003208326937,-0.555111380195024
8800000.0,-0.11380176608361153,-0.3540377408219534,-0.5592527060831145
8820000.0,-0.1172487386776373,-0.35172799255014303,-0.5634422767657041
8840000.0,-0.12074369457495338,-0.3493614133863019,-0.5676788363365524
8860000.0,-0.12428531606093257,-0.3469386896376463,-0.5719610684126557
8880000.0,-0.12787222666154852,-0.34446056717817247,-0.5762875978498281
8900000.0,-0.1315029929792847,-0.3419278507065967,-0.5806569925786131
8920000.0,-0.13517612664440343,-0.339341402886126,-0.5850677655555545
8940000.0,-0.13889008637629363,-0.3367021433682963,-0.5895183768245462
8960000.0,-0.14264328014929106,-0.3340110477034941,-0.594007235682656
8980000.0,-0.14643406745715648,-0.33126914614103,-0.5985327029446048
9000000.0,-0.15026076167006097,-0.3284775223220322,-0.6030930932997555
9020000.0,-0.15412163247779959,-0.32563731186863004,-0.6076866777553279
9040000.0,-0.15801490841266919,-0.3227497008732606,-0.6123116861592797
9060000.0,-0.1619387794453384,-0.3198159242921353,-0.6169663097961787
9080000.0,-0.16589139964683475,-0.31683726424720005,-0.6216487040491918
9100000.0,-0.16987088990966126,-0.31381504824114326,-0.6263569911212048
9120000.0,-0.1738753407210426,-0.3107506472901517,-0.6310892628080698
9140000.0,-0.17790281498103094,-0.3076454739794646,-0.6358435833167144
9160000.0,-0.18195135085841618,-0.30450098044674995,-0.6406179921210541
9180000.0,-0.18601896467710743,-0.3013186562986762,-0.6454105068483753
9200000.0,-0.19010365382584565,-0.2981000264660505,-0.6502191261890513
9220000.0,-0.19420339968404016,-0.29484664900307533,-0.6550418328223807
9240000.0,-0.19831617055657846,-0.2915601128363753,-0.6598765963513997
9260000.0,-0.20243992461057697,-0.28824203546948,-0.6647213762396347
9280000.0,-0.20657261280709094,-0.2848940606485466,-0.6695741247428153
9300000.0,-0.21071218182092127,-0.2815178559951433,-0.6744327898286826
9320000.0,-0.21485657694183713,-0.27811511061188426,-0.6792953180782153
9340000.0,-0.21900374495065944,-0.2746875326667498,-0.6841596575617142
9360000.0,-0.22315163696378992,-0.27123684696191047,-0.689023760683334
9380000.0,-0.22729821124005112,-0.26776479249278984,-0.6938855869879266
9400000.0,-0.23144143594384292,-0.26427312000307107,-0.6987431059241982
9420000.0,-0.23557929185886461,-0.26076358954129014,-0.7035942995584352
9440000.0,-0.23970977504688568,-0.25723796802454946,-0.7084371652332766
9460000.0,-0.24383089944634884,-0.2536980268147515,-0.713269718166319
9480000.0,-0.24794069940575109,-0.25014553931270544,-0.718089993983501
9500000.0,-0.25203723214714274,-0.24658227857522602,-0.7228960511826032
9520000.0,-0.2561185801552569,-0.24301001496028357,-0.7276859735223813
9540000.0,-0.2601828534881528,-0.23943051380503422,-0.7324578723332107
9560000.0,-0.26422819200550207,-0.23584553314142231,-0.7372098887453755
9580000.0,-0.26825276751100696,-0.2322568214538171,-0.741940195831489
9600000.0,-0.27225478580565154,-0.22866611548302584,-0.746647000659747
9620000.0,-0.2762324886488759,-0.2250751380807524,-0.7513285462551047
9640000.0,-0.28018415562510346,-0.2214855961183313,-0.7559831134658055
9660000.0,-0.2841081059132008,-0.21789917845348084,-0.7606090227328439
9680000.0,-0.28800269995694994,-0.21431755395844,-0.7652046357604397
9700000.0,-0.29186634103483866,-0.21074236961267367,-0.7697683570858307
9720000.0,-0.29569747672769303,-0.20717524866318926,-0.7742986355469068
9740000.0,-0.2994946002832011,-0.2036177888550602,-0.7787939656467375
9760000.0,-0.3032562518764038,-0.2000715607347524,-0.7832528888140634
9780000.0,-0.30698101976572856,-0.1965381060284187,-0.7876739945593328
9800000.0,-0.31066754134435626,-0.19301893609714804,-0.7920559215260713
9820000.0,-0.31431450408691664,-0.1895155304709737,-0.7963973584375785
9840000.0,-0.3179206463919305,-0.18602933546306488,-0.8006970449393733
9860000.0,-0.32148475832052514,-0.18256176286542214,-0.8049537723379112
9880000.0,-0.3250056822322899,-0.17911418872708407,-0.8091663842364419
9900000.0,-0.32848231331935573,-0.17568795221562494,-0.8133337770690916
9920000.0,-0.33191360004002723,-0.1722843545624987,-0.817454900534497
9940000.0,-0.335298544453472,-0.1689046580925866,-0.8215287579304965
9960000.0,-0.3386362024572309,-0.16555008533804083,-0.8255544063916435
9980000.0,-0.3419256839295056,-0.16222181823630966,-0.8295309570314953
10000000.0,-0.3451661527783036,-0.15892099741207355,-0.8334575749917612
10020000.0,-0.34835682689978836,-0.15564872154254383,-0.837333479400654
10040000.0,-0.35149697804828073,-0.1524060468054187,-0.8411579432428944
10060000.0,-0.3545859316204959,-0.149193986408645,-0.8449302931439496
10080000.0,-0.35762306635679353,-0.1460135102008725,-0.8486499090712859
10100000.0,-0.3606078139622914,-0.1428655443613911,-0.8523162239554845
10120000.0,-0.3635396586508433,-0.1397509711681275,-0.8559287232342215
10140000.0,-0.36641813661492506,-0.1366706288421906,-0.8594869443221563
10160000.0,-0.36924283542462993,-0.1336253114672361,-0.8629904760099291
10180000.0,-0.3720133933589939,-0.13061576898185012,-0.8664389577954885
10200000.0,-0.3747294986729611,-0.12764270724299842,-0.8698320791510588
10220000.0,-0.3773908888033428,-0.12470678815847691,-0.8731695787291014
10240000.0,-0.37999734951716124,-0.12180862988620833,-0.8764512435106608
10260000.0,-0.38254871400582,-0.11894880709810185,-0.8796769078995375
10280000.0,-0.3850448619285071,-0.11612785130617598,-0.8828464527656922
10300000.0,-0.3874857184083164,-0.11334625124847497,-0.8859598044413708
10320000.0,-0.3898712529845151,-0.11060445333232183,-0.8890169336733728
10340000.0,-0.3922014785244,-0.10790286213235734,-0.8920178545349108
10360000.0,-0.39447645009815335,-0.10524184094077327,-0.8949626233004676
10380000.0,-0.3966962638200838,-0.10262171236710727,-0.8978513372870399
10400000.0,-0.39886105565962116,-0.10004275898492487,-0.9006841336651349
10420000.0,-0.4009710002253132,-0.09750522402274708,-0.9034611882427696
10440000.0,-0.4030263095251365,-0.09500931209646879,-0.9061827142257836
10460000.0,-0.4050272317062762,-0.09255518998060186,-0.9088489609576207
10480000.0,-0.4069740497774921,-0.09014298741563032,-0.9114602126416977
10500000.0,-0.4088670803171438,-0.08777279794877613,-0.9140167870494316
10520000.0,-0.41070667216983126,-0.08544467980550374,-0.9165190342168815
10540000.0,-0.41249320513453724,-0.08315865678911438,-0.9189673351328945
10560000.0,-0.4142270886470948,-0.08091471920577398,-0.9213621004215743
10580000.0,-0.41590876045966507,-0.07871282481241981,-0.9237037690217617
10600000.0,-0.4175386853198576,-0.07655289978495894,-0.9259928068661563
10620000.0,-0.4191173536520063,-0.07443483970427212,-0.9282297055625957
10640000.0,-0.4206452802430165,-0.07235851055755338,-0.9304149810799037
10660000.0,-0.4221230029350942,-0.07032374975259181,-0.9325491724406224
10680000.0,-0.42355108132758246,-0.06833036714263363,-0.9346328404228501
10700000.0,-0.4249300954899705,-0.06637814605957837,-0.9366665662732528
10720000.0,-0.42626064468811853,-0.06446684435324956,-0.9386509504332913
10740000.0,-0.4275433461255367,-0.06259619543463713,-0.9405866112805018
10760000.0,-0.428778833701533,-0.06076590932100301,-0.9424741838866466
10780000.0,-0.4299677567878677,-0.058975673680888296,-0.9443143187943699
10800000.0,-0.43111077902550754,-0.05722515487705471,-0.9461076808139547
10820000.0,-0.4322085771428894,-0.055513999005575965,-0.947854947841588
10840000.0,-0.43326183979708444,-0.05384183292925604,-0.9495568097005276
10860000.0,-0.434271266439064,-0.05220826530374545,-0.9512139670063695
10880000.0,-0.4352375662042296,-0.050612887594714384,-0.952827130057581
10900000.0,-0.43616145682921414,-0.04905527508461072,-0.9543970177523027
10920000.0,-0.43704366359592195,-0.047534987867517864,-0.9559243565323913
10940000.0,-0.437884918303596,-0.046051571830820315,-0.9574098793554893
10960000.0,-0.4386859582696879,-0.04460455962236487,-0.9588543246958959
10980000.0,-0.4394475253601554,-0.04319347160195941,-0.960258435574868
11000000.0,-0.4401703650497406,-0.04181781677610097,-0.9616229586208995
11020000.0,-0.44085522551269907,-0.040477093714912704,-0.9629486431604526
11040000.0,-0.44150285674435286,-0.0391707914503544,-0.9642362403395134
11060000.0,-0.442114009713761,-0.03789839035484299,-0.965486502276264
11080000.0,-0.4426894355477341,-0.03665936299950279,-0.9667001812450989
11100000.0,-0.4432298847463191,-0.0354531749913406,-0.9678780288921129
11120000.0,-0.44373610642983785,-0.0342792857887082,-0.9690207954821407
11140000.0,-0.44420884761745694,-0.03313714949450153,-0.9701292291773288
11160000.0,-0.4446488525372395,-0.03202621562660546,-0.9712040753471902
11180000.0,-0.4450568619675329,-0.030945929865163202,-0.9722460759099932
11200000.0,-0.44543361260950187,-0.029895734776323568,-0.9732559687052974
11220000.0,-0.4457798364905675,-0.028875070512172862,-0.9742344868973941
11240000.0,-0.44609626039844297,-0.027883375486623563,-0.9751823584093441
11260000.0,-0.44638360534541033,-0.026920087027110684,-0.9761003053872569
11280000.0,-0.44664258606245044,-0.02598464200196282,-0.976989043694423
11300000.0,-0.44687391052278314,-0.025076477423414567,-0.9778492824348545
11320000.0,-0.44707827949432155,-0.024195031026254865,-0.9786817235057437
11340000.0,-0.4472563861205471,-0.023339741822149596,-0.9794870611783381
11360000.0,-0.44740891552923,-0.022510050629755862,-0.9802659817066645
11380000.0,-0.4475365444684237,-0.02170540058075332,-0.9810191629635242
11400000.0,-0.44763994096912296,-0.020925237601981284,-0.9817472741031537
11420000.0,-0.4477197640339423,-0.020169010873911875,-0.9824509752499055
11440000.0,-0.4477766633511596,-0.019436173265719114,-0.9831309172122934
11460000.0,-0.44781127903345264,-0.018726181747236503,-0.9837877412217301
11480000.0,-0.44782424138062105,-0.018038497778138818,-0.9844220786952531
11500000.0,-0.4478161706655951,-0.017372587674710283,-0.985034551021534
11520000.0,-0.4477876769430067,-0.016727922954579366,-0.9856257693694519
11540000.0,-0.4477393598795846,-0.016103980659844197,-0.9861963345184905
11560000.0,-0.44767180860564315,-0.015500243659024138,-0.9867468367102296
11580000.0,-0.4475856015869182,-0.014916200928285495,-0.9872778555201818
11600000.0,-0.44748130651599716,-0.014351347812441628,-0.9877899597492252
11620000.0,-0.44735948022259764,-0.013805186266199532,-0.9882837073338845
11640000.0,-0.4472206686019493,-0.013277225076177679,-0.9887596452747138
11660000.0,-0.4470654065605195,-0.012766980064217393,-0.9892183095820251
11680000.0,-0.44689421797835593,-0.012273974272514199,-0.989660225238232
11700000.0,-0.446707615687291,-0.01179773813112217,-0.9900859061760576
11720000.0,-0.44650610146428893,-0.0113378096083816,-0.9904958552718818
11740000.0,-0.44629016603920346,-0.010893734344821215,-0.9908905643535019
11760000.0,-0.4460602891162362,-0.010465065771107063,-0.991270514221593
11780000.0,-0.44581693940838707,-0.010051365210597796,-0.9916361746841602
11800000.0,-0.44556057468420707,-0.009652201967073948,-0.9919880046032935
11820000.0,-0.44529164182616854,-0.009267153398209826,-0.9923264519535395
11840000.0,-0.44501057689998647,-0.00889580497535103,-0.9926519538912254
11860000.0,-0.44471780523423865,-0.00853775033017079,-0.9929649368340805
11880000.0,-0.44441374150963964,-0.008192591288748607,-0.9932658165505124
11900000.0,-0.44409878985734996,-0.007859937893645697,-0.9935549982579185
11920000.0,-0.4437733439657092,-0.007539408414513393,-0.9938328767294202
11940000.0,-0.4434377871947981,-0.0072306293477879535,-0.9940998364084277
11960000.0,-0.44309249269825957,-0.00693323540600177,-0.9943562515304627
11980000.0,-0.442737823551813,-0.006646869497243912,-0.9946024862516745
12000000.0,-0.4423741328879297,-0.0063711826952876915,-0.9948388947835173
12020000.0,-0.44200176403613123,-0.006105834200895166,-0.9950658215330513
12040000.0,-0.4416210506684214,-0.005850491294802862,-0.9952836012483754
12060000.0,-0.4412323169493495,-0.0056048292828720925,-0.9954925591686934
12080000.0,-0.4408358776902408,-0.005368531433886381,-0.9956930111785458
12100000.0,-0.4404320385071402,-0.005141288910463504,-0.9958852639657555
12120000.0,-0.4400210959820331,-0.004922800693535678,-0.996069615182651
12140000.0,-0.43960333782692995,-0.004712773500838763,-0.9962463536101522
12160000.0,-0.4391790430504058,-0.004510921699847126,-0.9964157593243123
12180000.0,-0.4387484821262244,-0.0043169672155638494,-0.996578103864944
12200000.0,-0.43831191716367424,-0.004130639433578942,-0.996733650405957
12220000.0,-0.4378696020792694,-0.003951675098778695,-0.9968826539270608
12240000.0,-0.43742178276948807,-0.0037798182100946542,-0.9970253613865055
12260000.0,-0.4369686972842298,-0.003614819911646583,-0.9971620118945409
12280000.0,-0.4365105760006962,-0.0034564383806406918,-0.9972928368872984
12300000.0,-0.4360476417974122,-0.0033044387123559726,-0.997418060300815
12320000.0,-0.43558011022812104,-0.0031585928025487098,-0.9975378987449303
12340000.0,-0.4351081896953015,-0.0030186792275799235,-0.9976525616768044
12360000.0,-0.4346320816230703,-0.0028844831225759426,-0.9977622515738237
12380000.0,-0.4341519806292512,-0.002755796057898774,-0.9978671641056708
12400000.0,-0.43366807469639723,-0.0026324159142063763,-0.9979674883053493
12420000.0,-0.43318054534157613,-0.002514146756357083,-0.9980634067389708
12440000.0,-0.43268956778473855,-0.002400798706416518,-0.9981550956741247
12460000.0,-0.43219531111549636,-0.0022921878159911646,-0.9982427252466592
12480000.0,-0.43169793845816185,-0.0021881359381248355,-0.9983264596257215
12500000.0,-0.43119760713489763,-0.0020884705989600016,-0.9984064571769103
12520000.0,-0.43069446882685203,-0.001993024869373139,-0.9984828706234127
12540000.0,-0.4301886697331553,-0.0019016372367687273,-0.9985558472050019
12560000.0,-0.42968035072766453,-0.0018141514772119782,-0.9986255288347852
12580000.0,-0.42916964751336484,-0.0017304165280697115,-0.9986920522536054
12600000.0,-0.4286566907743302,-0.0016502863613149232,-0.9987555491820049
12620000.0,-0.4281416063251653,-0.0015736198576427052,-0.998816146469669
12640000.0,-0.42762451525786105,-0.0015002806815361813,-0.9988739662422825
12660000.0,-0.4271055340859946,-0.0014301371574110266,-0.9989291260457329
12680000.0,-0.42658477488622637,-0.0013630621469538085,-0.9989817389876081
12700000.0,-0.4260623454370416,-0.0012989329277687256,-0.9990319138759406
12720000.0,-0.4255383493547017,-0.0012376310734314444,-0.9990797553551604
12740000.0,-0.425012886226372,-0.0011790423350429569,-0.9991253640392244
12760000.0,-0.4244860517403991,-0.0011230565243701696,-0.9991688366418959
12780000.0,-0.4239579378137225,-0.0010695673986494958,-0.9992102661041581
12800000.0,-0.4234286327164041,-0.0010184725471237277,-0.9992497417187449
12820000.0,-0.4228982211932687,-0.0009696732793749163,-0.9992873492517842
12840000.0,-0.42236678458265786,-0.000923074515510991,-0.9993231710615526
12860000.0,-0.4218344009322932,-0.0008785846782543016,-0.999357286214341
12880000.0,-0.42130114511226313,-0.0008361155869771597,-0.9993897705974432
12900000.0,-0.42076708892513937,-0.0007955823537197926,-0.9994206970292744
12920000.0,-0.4202323012132456,-0.0007569032812283494,-0.9994501353666411
12940000.0,-0.41969684796309226,-0.0007199997630330524,-0.999478152609178
12960000.0,-0.4191607924070032,-0.0006847961855938056,-0.9995048130009772
12980000.0,-0.41862419512196225,-0.00065121983252725,-0.9995301781294349
13000000.0,-0.4180871141257063,-0.0006192007909320285,-0.9995543070213482
13020000.0,-0.41754960497009863,-0.0005886718598149265,-0.9995772562362888
13040000.0,-0.41701172083181726,-0.0005595684606273243,-0.9995990799572941
13060000.0,-0.41647351260039533,-0.0005318285499109621,-0.9996198300789086
13080000.0,-0.415935028963651,-0.000505392534050686,-0.9996395562926165
13100000.0,-0.4153963164905492,-0.00048020318612551627,-0.9996583061697044
13120000.0,-0.4148574197115391,-0.0004562055648549279,-0.9996761252416009
13140000.0,-0.4143183811964063,-0.00043334693562058213,-0.9996930570777307
13160000.0,-0.4137792416296904,-0.00041157669355573745,-0.9997091433609341
13180000.0,-0.41324003988371183,-0.0003908462886815789,-0.9997244239604951
13200000.0,-0.4127008130892533,-0.00037110915307025927,-0.9997389370028251
13220000.0,-0.4121615967039497,-0.0003523206300175552,-0.9997527189398544
13240000.0,-0.41162242457842657,-0.00033443790519527283,-0.9997658046151724
13260000.0,-0.4110833290202458,-0.0003174199397665278,-0.9997782273279754
13280000.0,-0.41054434085570046,-0.00030122740542670723,-0.9997900188948626
13300000.0,-0.410005489489513,-0.0002858226213519055,-0.9998012097095367
13320000.0,-0.40946680296248594,-0.0002711694930194186,-0.9998118288004565
13340000.0,-0.4089283080071551,-0.0002572334528709863,-0.9998219038864906
13360000.0,-0.408390030101494,-0.0002439814027871412,-0.9998314614306254
13380000.0,-0.40785199352072177,-0.00023138165834069024,-0.9998405266917735
13400000.0,-0.4073142213872646,-0.0002194038947942456,-0.999849123774737
13420000.0,-0.40677673571891537,-0.00020801909480916425,-0.9998572756783697
13440000.0,-0.4062395574752482,-0.00019719949783181256,-0.9998650043419928
13460000.0,-0.40570270660233043,-0.00018691855111985234,-0.9998723306901085
13480000.0,-0.40516620207578136,-0.00017715086237246602,-0.9998792746754608
13500000.0,-0.40463006194223017,-0.00016787215393554433,-0.9998858553204952
13520000.0,-0.4040943033592117,-0.0001590592185343187,-0.9998920907572563
13540000.0,-0.40355894263355596,-0.00015068987650945775,-0.9998979982657785
13560000.0,-0.4030239952583077,-0.0001427429345098874,-0.999903594311008
13580000.0,-0.4024894759482298,-0.00013519814561391286,-0.9999088945783077
13600000.0,-0.40195539867392927,-0.00012803617084056196,-0.9999139140075846
13620000.0,-0.4014217766946494,-0.00012123854201029349,-0.9999186668260843
13640000.0,-0.4008886225897754,-0.00011478762592687097,-0.999923166579898
13660000.0,-0.4003559482890894,-0.00010866658984087785,-0.9999274261642189
13680000.0,-0.3998237651018205,-0.00010285936815923602,-0.9999314578523952
13700000.0,-0.3992920837445273,-9.735063036708791e-05,-0.9999352733238129
13720000.0,-0.3987609143678552,-9.212575012929047e-05,-0.9999388836906555
13740000.0,-0.3982302665822013,-8.717077553299646e-05,-0.9999422995235709
13760000.0,-0.39770014948233134,-8.247240044134685e-05,-0.9999455308762896
13780000.0,-0.3971705716709819,-7.801793692663317e-05,-0.9999485873092286
13800000.0,-0.3966415412814803,-7.37952887425175e-05,-0.9999514779121139
13820000.0,-0.39611306599942564,-6.979292581521523e-05,-0.9999542113256616
13840000.0,-0.39558515308345543,-6.59998597102307e-05,-0.9999567957623479
13860000.0,-0.3950578093851367,-6.240562005033201e-05,-0.9999592390263008
13880000.0,-0.39453104136801276,-5.900023185634318e-05,-0.9999615485323496
13900000.0,-0.3940048551258363,-5.577419377378323e-05,-0.9999637313242584
13920000.0,-0.39347925640001646,-5.271845716037227e-05,-0.9999657940921762
13940000.0,-0.39295425059631717,-4.982440600920235e-05,-0.9999677431893358
13960000.0,-0.3924298428008248,-4.708383767204616e-05,-0.9999695846480241
13980000.0,-0.39190603779522204,-4.4488944362153227e-05,-0.999971324194857
14000000.0,-0.3913828400713899,-4.203229540622466e-05,-0.9999729672653834
14020000.0,-0.39086025384536494,-3.9706820220919425e-05,-0.9999745190180442
14040000.0,-0.39033828307067875,-3.7505791989689286e-05,-0.9999759843475134
14060000.0,-0.38981693145110097,-3.5422812010521554e-05,-0.9999773678974425
14080000.0,-0.3892962024528127,-3.3451794699046467e-05,-0.9999786740726361
14100000.0,-0.3887760993160311,-3.158695321292537e-05,-0.9999799070506777
14120000.0,-0.3882566250661077,-2.982278568408603e-05,-0.9999810707930303
14140000.0,-0.3877377825241244,-2.8154062032381688e-05,-0.9999821690556334
14160000.0,-0.3872195743170014,-2.6575811337470334e-05,-0.999983205399013
14180000.0,-0.3867020028871456,-2.508330975248274e-05,-0.9999841831979318
14200000.0,-0.3861850705016515,-2.3672068934943447e-05,-0.9999851056505913
14220000.0,-0.38566877926107734,-2.2337824980178667e-05,-0.9999859757874101
14240000.0,-0.38515313110781213,-2.107652782989966e-05,-0.9999867964793924
14260000.0,-0.38463812783405393,-1.988433114896715e-05,-0.9999875704461076
14280000.0,-0.3841237710894093,-1.8757582639805648e-05,-0.9999883002632924
14300000.0,-0.38361006238814155,-1.7692814788694555e-05,-0.9999889883700992
14320000.0,-0.3830970031160684,-1.6686736018067805e-05,-0.9999896370759972
14340000.0,-0.38258459453713844,-1.5736222233941888e-05,-0.999990248567349
14360000.0,-0.3820728377996899,-1.4838308751041751e-05,-0.9999908249136717
14380000.0,-0.3815617339424112,-1.3990182579970423e-05,-0.9999913680735993
14400000.0,-0.3810512839000143,-1.3189175062433556e-05,-0.9999918799005573
14420000.0,-0.38054148850863456,-1.2432754839974969e-05,-0.9999923621481641
14440000.0,-0.3800323485109678,-1.1718521141901306e-05,-0.9999928164753704
14460000.0,-0.37952386456116016,-1.1044197384069143e-05,-0.99999324445135
14480000.0,-0.3790160372294551,-1.0407625053665548e-05,-0.9999936475601487
14500000.0,-0.37850886700661623,-9.806757884534001e-06,-0.999994027205109
14520000.0,-0.37800235430813045,-9.239656296067267e-06,-0.9999943847130742
14540000.0,-0.37749649947820385,-8.704482093113697e-06,-0.9999947213383868
14560000.0,-0.3769913027935602,-8.199493413130199e-06,-0.9999950382666881
14580000.0,-0.37648676446704943,-7.723039909368623e-06,-0.9999953366185285
14600000.0,-0.3759828846510771,-7.273558161546845e-06,-0.9999956174527983
14620000.0,-0.3754796634408618,-6.849567303457427e-06,-0.9999958817699871
14640000.0,-0.37497710087752734,-6.449664856522652e-06,-0.9999961305152776
14660000.0,-0.3744751969510417,-6.072522763411747e-06,-0.9999963645814857
14680000.0,-0.3739739516030045,-5.716883609396817e-06,-0.9999965848118502
14700000.0,-0.3734733647292947,-5.38155702745069e-06,-0.9999967920026818
14720000.0,-0.37297343618258216,-5.065416273764001e-06,-0.9999969869058764
14740000.0,-0.37247416577471315,-4.767394970905947e-06,-0.9999971702313019
14760000.0,-0.3719755532789695,-4.486484006416269e-06,-0.9999973426490594
14780000.0,-0.37147759843221495,-4.221728585496187e-06,-0.9999975047916312
14800000.0,-0.37098030093693035,-3.97222542558584e-06,-0.999997657255917
14820000.0,-0.3704836604631413,-3.737120087721202e-06,-0.9999978006051636
14840000.0,-0.36998767665024856,-3.5156044424500266e-06,-0.9999979353707972
14860000.0,-0.3694923491087606,-3.3069142566510834e-06,-0.9999980620541565
14880000.0,-0.3689976774219367,-3.1103269025889446e-06,-0.9999981811281389
14900000.0,-0.368503661147345,-2.925159180655612e-06,-0.9999982930387588
14920000.0,-0.3680102998183361,-2.750765249026621e-06,-0.9999983982066234
14940000.0,-0.3675175929454412,-2.586534657678108e-06,-0.9999984970283325
14960000.0,-0.36702554001769583,-2.4318904829900845e-06,-0.9999985898778041
14980000.0,-0.3665341405038923,-2.286287551833688e-06,-0.999998677107527
15000000.0,-0.36604339385376694,-2.1492107605824984e-06,-0.9999987590497516
15020000.0,-0.3655532994991224,-2.020173473948894e-06,-0.9999988360176124
15040000.0,-0.3650638568548924,-1.8987160096406441e-06,-0.999998908306195
15060000.0,-0.3645750653201464,-1.7844041976244895e-06,-0.9999989761935416
15080000.0,-0.3640869242790422,-1.676828014107734e-06,-0.9999990399416067
15100000.0,-0.36359943310172704,-1.5756002850197959e-06,-0.9999990997971578
15120000.0,-0.3631125911451889,-1.4803554558850962e-06,-0.9999991559926298
15140000.0,-0.36262639775406236,-1.390748426199906e-06,-0.9999992087469315
15160000.0,-0.36214085226139103,-1.3064534436502129e-06,-0.9999992582662106
15180000.0,-0.36165595398934747,-1.2271630548399415e-06,-0.9999993047445739
15200000.0,-0.3611717022499138,-1.1525871105311225e-06,-0.9999993483647706
15220000.0,-0.3606880963455267,-1.0824518256180582e-06,-0.999999389298838
15240000.0,-0.36020513556968414,-1.0164988842875644e-06,-0.9999994277087109
15260000.0,-0.35972281920752147,-9.544845942510705e-07,-0.9999994637467977
15280000.0,-0.3592411465363531,-8.961790852746176e-07,-0.9999994975565252
15300000.0,-0.3587601168261867,-8.413655501193773e-07,-0.9999995292728532
15320000.0,-0.3582797293402066,-7.898395243399747e-07,-0.99999955902276
15340000.0,-0.3577999833352321,-7.414082063839089e-07,-0.9999995869257026
15360000.0,-0.35732087806214885,-6.958898111086853e-07,-0.9999996130940483
15380000.0,-0.3568424127663168,-6.53112961268576e-07,-0.9999996376334859
15400000.0,-0.35636458668795523,-6.129161074230893e-07,-0.999999660643411
15420000.0,-0.3558873990625053,-5.751469820403088e-07,-0.9999996822172907
15440000.0,-0.3554108491209741,-5.396620821329634e-07,-0.9999997024430093
15460000.0,-0.3549349360902565,-5.06326178539851e-07,-0.9999997214031908
15480000.0,-0.354459659193441,-4.7501185307385896e-07,-0.9999997391755079
15500000.0,-0.3539850176500984,-4.4559906009489225e-07,-0.99999975583297
15520000.0,-0.35351101067655066,-4.179747123966848e-07,-0.9999997714441959
15540000.0,-0.3530376374861295,-3.920322882988714e-07,-0.9999997860736721
15560000.0,-0.35256489728941554,-3.6767146160965325e-07,-0.9999997997819948
15580000.0,-0.35209278929446697,-3.447977511283895e-07,-0.9999998126260989
15600000.0,-0.351621312707033,-3.233221891330018e-07,-0.9999998246594742
15620000.0,-0.351150466730756,-3.031610081860592e-07,-0.9999998359323682
15640000.0,-0.35068025056736296,-2.842353467036318e-07,-0.9999998464919789
15660000.0,-0.35021066341684215,-2.664709664035314e-07,-0.9999998563826341
15680000.0,-0.34974170447761443,-2.4979799129187796e-07,-0.9999998656459633
15700000.0,-0.34927337294669114,-2.341506560865625e-07,-0.9999998743210571
15720000.0,-0.3488056680198236,-2.1946707118303266e-07,-0.9999998824446187
15740000.0,-0.3483385888916447,-2.0568900072071017e-07,-0.9999998900511066
15760000.0,-0.34787213475580137,-1.927616515295938e-07,-0.9999998971728687
15780000.0,-0.34740630480507917,-1.8063347417829334e-07,-0.9999999038402688
15800000.0,-0.3469410982315194,-1.6925597734473996e-07,-0.9999999100818046
15820000.0,-0.3464765142265315,-1.5858354962539067e-07,-0.9999999159242213
15840000.0,-0.3460125519809948,-1.4857329289075238e-07,-0.9999999213926164
15860000.0,-0.3455492106853578,-1.391848654108685e-07,-0.9999999265105387
15880000.0,-0.3450864895297292,-1.30380331753166e-07,-0.9999999313000818
15900000.0,-0.344624387703965,-1.2212402389355503e-07,-0.9999999357819727
15920000.0,-0.3441629043977499,-1.1438240909988906e-07,-0.9999999399756543
15940000.0,-0.34370203880067307,-1.0712396369960686e-07,-0.9999999438993628
15960000.0,-0.3432417901023007,-1.0031905695040422e-07,-0.9999999475702016
15980000.0,-0.3427821574922423,-9.39398386856638e-08,-0.9999999510042098
16000000.0,-0.3423231401602157,-8.796013584166928e-08,-0.9999999542164277
16020000.0,-0.34186473729610534,-8.235535320366694e-08,-0.9999999572209572
16040000.0,-0.34140694809001837,-7.710238048019846e-08,-0.9999999600310192
16060000.0,-0.3409497717323371,-7.217950437343745e-08,-0.9999999626590074
16080000.0,-0.34049320741376865,-6.756632697779708e-08,-0.9999999651165397
16100000.0,-0.340037254325391,-6.324368651000611e-08,-0.9999999674145053
16120000.0,-0.3395819116586952,-5.9193584367456253e-08,-0.9999999695631091
16140000.0,-0.33912717860562813,-5.5399116960508366e-08,-0.9999999715719151
16160000.0,-0.3386730543586287,-5.184440943217794e-08,-0.9999999734498848
16180000.0,-0.33821953811066463,-4.8514554817913336e-08,-0.9999999752054146
16200000.0,-0.33776662905526544,-4.53955564250208e-08,-0.9999999768463714
16220000.0,-0.3373143263865537,-4.247427243253554e-08,-0.9999999783801241
16240000.0,-0.33686262929927535,-3.9738366708341744e-08,-0.9999999798135764
16260000.0,-0.3364115369888262,-3.717625818300263e-08,-0.9999999811531938
16280000.0,-0.33596104865127785,-3.477707710697331e-08,-0.9999999824050321
16300000.0,-0.33551116348340215,-3.2530621085768985e-08,-0.9999999835747622
16320000.0,-0.33506188068269327,-3.0427316222159106e-08,-0.9999999846676942
16340000.0,-0.33461319944738976,-2.8458178813473012e-08,-0.9999999856888013
16360000.0,-0.3341651189764926,-2.6614777937084e-08,-0.999999986642738
16380000.0,-0.33371763846978497,-2.4889204919276153e-08,-0.999999987533863
16400000.0,-0.3332707571278495,-2.327403958446439e-08,-0.9999999883662563
16420000.0,-0.3328244741520823,-2.176232127837352e-08,-0.9999999891437361
16440000.0,-0.3323787887447114,-2.034752111246263e-08,-0.9999999898698775
16460000.0,-0.3319337001088071,-1.9023515096527888e-08,-0.9999999905480248
16480000.0,-0.3314892074482977,-1.7784560824019024e-08,-0.999999991181309
16500000.0,-0.33104530996797965,-1.662527193690977e-08,-0.9999999917726589
16520000.0,-0.3306020068735307,-1.5540598585772614e-08,-0.9999999923248153
16540000.0,-0.3301592973715184,-1.452580600247444e-08,-0.9999999928403424
16560000.0,-0.3297171806694118,-1.3576454627184376e-08,-0.9999999933216391
16580000.0,-0.32927565597558905,-1.2688383232983824e-08,-0.9999999937709497
16600000.0,-0.328834722499346,-1.1857689719008135e-08,-0.9999999941903723
16620000.0,-0.32839437945090555,-1.1080718675948731e-08,-0.999999994581871
16640000.0,-0.32795462604142245,-1.0354042179194778e-08,-0.9999999949472815
16660000.0,-0.3275154614829917,-9.674448464558338e-09,-0.9999999952883206
16680000.0,-0.3270768849886544,-9.038927939464259e-09,-0.999999995606594
16700000.0,-0.3266388957724031,-8.44466019334078e-09,-0.9999999959036029
16720000.0,-0.3262014930491872,-7.889002895389297e-09,-0.9999999961807509
16740000.0,-0.32576467603491766,-7.36947969315338e-09,-0.9999999964393498
16760000.0,-0.3253284439464721,-6.883771885846102e-09,-0.9999999966806266
16780000.0,-0.3248927960016984,-6.42970676700827e-09,-0.9999999969057277
16800000.0,-0.32445773141941814,-6.005249297835746e-09,-0.9999999971157251
16820000.0,-0.3240232494194306,-5.6084935584621576e-09,-0.9999999973116203
16840000.0,-0.32358934922251514,-5.237654199241604e-09,-0.9999999974943489
16860000.0,-0.32315603005043503,-4.8910595573659066e-09,-0.999999997664786
16880000.0,-0.32272329112593956,-4.5671448845041596e-09,-0.9999999978237492
16900000.0,-0.3222911316727657,-4.264443576040833e-09,-0.9999999979720018
16920000.0,-0.3218595509156411,-3.981584395518212e-09,-0.9999999981102575
16940000.0,-0.32142854808028565,-3.717281593651478e-09,-0.9999999982391827
16960000.0,-0.32099812239341274,-3.4703330209495675e-09,-0.9999999983594001
16980000.0,-0.3205682730827316,-3.2396130222878128e-09,-0.9999999984714916
17000000.0,-0.3201389993769477,-3.024067662948937e-09,-0.9999999985760001
17020000.0,-0.3197103005057641,-2.822710953864771e-09,-0.9999999986734333
17040000.0,-0.31928217569988293,-2.634619633568036e-09,-0.9999999987642647
17060000.0,-0.3188546241910053,-2.4589302816124814e-09,-0.9999999988489372
17080000.0,-0.3184276452118323,-2.294833989502365e-09,-0.9999999989278633
17100000.0,-0.3180012379960665,-2.1415754725140346e-09,-0.9999999990014296
17120000.0,-0.31757540177841126,-1.9984469634692914e-09,-0.999999999069996
17140000.0,-0.31715013579457063,-1.864786325356249e-09,-0.9999999991338987
17160000.0,-0.31672543928125085,-1.7399742757717718e-09,-0.9999999991934516
17180000.0,-0.31630131147615936,-1.62343150034161e-09,-0.9999999992489476
17200000.0,-0.31587775161800613,-1.514616765341259e-09,-0.9999999993006604
17220000.0,-0.3154547589465019,-1.4130228098707676e-09,-0.9999999993488454
17240000.0,-0.31503233270235875,-1.3181757907432257e-09,-0.9999999993937405
17260000.0,-0.3146104721272911,-1.2296329510164128e-09,-0.9999999994355686
17280000.0,-0.31418917646401257,-1.146979289323724e-09,-0.9999999994745367
17300000.0,-0.31376844495623835,-1.0698276708964727e-09,-0.9999999995108383
17320000.0,-0.3133482768486834,-9.97815496894816e-10,-0.9999999995446543
17340000.0,-0.3129286713870625,-9.30604482363151e-10,-0.9999999995761535
17360000.0,-0.31250962781808866,-8.678774365833419e-10,-0.9999999996054926
17380000.0,-0.31209114538947424,-8.093384851193264e-10,-0.9999999996328185
17400000.0,-0.31167322334992853,-7.547111824379726e-10,-0.9999999996582681
17420000.0,-0.31125586094915836,-7.037366245299381e-10,-0.9999999996819691
17440000.0,-0.3108390574378662,-6.561726717535521e-10,-0.99999999970404
17460000.0,-0.31042281206775124,-6.117940598571181e-10,-0.9999999997245923
17480000.0,-0.3100071240915063,-5.703896244213524e-10,-0.9999999997437296
17500000.0,-0.30959199276281835,-5.317616347255694e-10,-0.999999999761548
17520000.0,-0.3091774173363677,-4.957261268145885e-10,-0.9999999997781379
17540000.0,-0.3087633970678265,-4.6211068305268554e-10,-0.9999999997935832
17560000.0,-0.3083499312138579,-4.307545431458948e-10,-0.999999999807962
17580000.0,-0.30793701903211546,-4.015070498297746e-10,-0.9999999998213474
17600000.0,-0.3075246597812422,-3.7422809295861725e-10,-0.9999999998338074
17620000.0,-0.30711285272086875,-3.487861111040047e-10,-0.9999999998454052
17640000.0,-0.30670159711161393,-3.2505897973322817e-10,-0.9999999998562005
17660000.0,-0.3062908922150812,-3.0293179076323895e-10,-0.9999999998662475
17680000.0,-0.305880737293861,-2.822980738059755e-10,-0.9999999998755984
17700000.0,-0.3054711316115265,-2.6305813083382645e-10,-0.9999999998843007
17720000.0,-0.305062074432634,-2.451179259566061e-10,-0.9999999998923987
17740000.0,-0.30465356502272223,-2.2839119484530102e-10,-0.9999999998999346
17760000.0,-0.3042456026483099,-2.1279622508529883e-10,-0.9999999999069465
17780000.0,-0.30383818657689643,-1.9825752151092502e-10,-0.9999999999134712
17800000.0,-0.30343131607695806,-1.8470358575939372e-10,-0.9999999999195415
17820000.0,-0.3030249904179503,-1.720690256945545e-10,-0.9999999999251894
17840000.0,-0.302619208870303,-1.60291335760121e-10,-0.9999999999304436
17860000.0,-0.30221397070542266,-1.4931367253723238e-10,-0.9999999999353317
17880000.0,-0.30180927519568823,-1.3908152407537955e-10,-0.9999999999398788
17900000.0,-0.3014051216144523,-1.2954504136075684e-10,-0.9999999999441085
17920000.0,-0.3010015092360384,-1.206572619594226e-10,-0.9999999999480428
17940000.0,-0.30059843733574065,-1.1237466512881156e-10,-0.9999999999517023
17960000.0,-0.30019590518982164,-1.0465583955010516e-10,-0.9999999999551057
17980000.0,-0.29979391207551276,-9.746325968507108e-11,-0.999999999958271
18000000.0,-0.2993924572710114,-9.07611763523164e-11,-0.9999999999612148
18020000.0,-0.2989915400554808,-8.451639388340482e-11,-0.9999999999639524
18040000.0,-0.2985911597090479,-7.86979370559493e-11,-0.9999999999664981
18060000.0,-0.2981913155128031,-7.327716211591451e-11,-0.9999999999688653
18080000.0,-0.2977920067487987,-6.822686859919713e-11,-0.9999999999710665
18100000.0,-0.2973932327000468,-6.352185444313818e-11,-0.9999999999731128
18120000.0,-0.2969949926505201,-5.913924905343038e-11,-0.9999999999750158
18140000.0,-0.2965972858851482,-5.505662592497629e-11,-0.9999999999767849
18160000.0,-0.29620011168981797,-5.1253667976425277e-11,-0.9999999999784294
18180000.0,-0.29580346935137247,-4.77118344832661e-11,-0.9999999999799585
18200000.0,-0.2954073581576081,-4.44123626763826e-11,-0.9999999999813796
18220000.0,-0.2950117773972756,-4.1340153522639866e-11,-0.9999999999827008
18240000.0,-0.2946167263600765,-3.847844265436606e-11,-0.9999999999839287
18260000.0,-0.29422220433666413,-3.581368535066076e-11,-0.9999999999850703
18280000.0,-0.2938282106186402,-3.333189280141369e-11,-0.9999999999861311
18300000.0,-0.29343474449855533,-3.1021074597958886e-11,-0.9999999999871171
18320000.0,-0.29304180526990675,-2.8869018287025483e-11,-0.9999999999880332
18340000.0,-0.29264939222713804,-2.6865620839089388e-11,-0.9999999999888849
18360000.0,-0.2922575046656364,-2.5000113090811737e-11,-0.9999999999896763
18380000.0,-0.29186614188173243,-2.3263280191088143e-11,-0.9999999999904116
18400000.0,-0.29147530317269954,-2.164657342262899e-11,-0.999999999991095
18420000.0,-0.29108498783675096,-2.0141444068144665e-11,-0.9999999999917301
18440000.0,-0.2906951951730393,-1.8739787499555405e-11,-0.9999999999923198
18460000.0,-0.29030592448165693,-1.7435386467923308e-11,-0.999999999992868
18480000.0,-0.28991717506363157,-1.6221024523588312e-11,-0.9999999999933773
18500000.0,-0.2895289462209272,-1.5090595439914978e-11,-0.9999999999938503
18520000.0,-0.28914123725644325,-1.4038881168687567e-11,-0.9999999999942899
18540000.0,-0.28875404747401123,-1.3059553438665716e-11,-0.9999999999946981
18560000.0,-0.2883673761783955,-1.2148171357750925e-11,-0.9999999999950774
18580000.0,-0.2879812226752908,-1.1300071989239768e-11,-0.9999999999954297
18600000.0,-0.28759558627132187,-1.051059239642882e-11,-0.9999999999957568
18620000.0,-0.2872104662740418,-9.776401910244203e-12,-0.9999999999960608
18640000.0,-0.2868258619919304,-9.09261554937757e-12,-0.999999999996343
18660000.0,-0.28644177273439375,-8.45667980087228e-12,-0.9999999999966053
18680000.0,-0.28605819781176256,-7.864819906444609e-12,-0.9999999999968487
18700000.0,-0.285675136535291,-7.314371330835456e-12,-0.999999999997075
18720000.0,-0.28529258821715486,-6.8017813603660215e-12,-0.9999999999972848
18740000.0,-0.284910552170452,-6.325384660499367e-12,-0.99999999999748
18760000.0,-0.2845290277091992,-5.881850562161617e-12,-0.999999999997661
18780000.0,-0.28414801414833213,-5.469291686210909e-12,-0.9999999999978291
18800000.0,-0.2837675108037033,-5.0853765642955295e-12,-0.9999999999979851
18820000.0,-0.2833875169920823,-4.728328839576079e-12,-0.99999999999813
18840000.0,-0.28300803203115255,-4.396261132910695e-12,-0.9999999999982647
18860000.0,-0.28262905523951154,-4.087286065157514e-12,-0.9999999999983896
18880000.0,-0.2822505859366691,-3.800182390989448e-12,-0.9999999999985056
18900000.0,-0.2818726234430461,-3.532729664357248e-12,-0.9999999999986132
18920000.0,-0.2814951670799739,-3.284261751446138e-12,-0.9999999999987133
18940000.0,-0.28111821616969224,-3.053002295416718e-12,-0.9999999999988061
18960000.0,-0.2807417700353484,-2.8380631178492877e-12,-0.9999999999988923
18980000.0,-0.2803658280009961,-2.6382229734167595e-12,-0.9999999999989723
19000000.0,-0.27999038939159393,-2.4521495944895833e-12,-0.9999999999990464
19020000.0,-0.2796154535330051,-2.2792878695554464e-12,-0.9999999999991154
19040000.0,-0.27924101975199467,-2.1183055309847987e-12,-0.9999999999991792
19060000.0,-0.2788670873762298,-1.96920257877764e-12,-0.9999999999992386
19080000.0,-0.27849365573427765,-1.830091633792108e-12,-0.9999999999992937
19100000.0,-0.27812072415560474,-1.7008616737257398e-12,-0.9999999999993449
19120000.0,-0.2777482919705748,-1.5805134978563729e-12,-0.9999999999993922
19140000.0,-0.2773763585104495,-1.4688250615790821e-12,-0.9999999999994362
19160000.0,-0.27700492310738467,-1.3649081864741675e-12,-0.999999999999477
19180000.0,-0.2766339850944314,-1.2682077610293163e-12,-0.9999999999995148
19200000.0,-0.2762635438055334,-1.1787237852445287e-12,-0.9999999999995501
19220000.0,-0.2758935985755262,-1.095235013792717e-12,-0.9999999999995827
19240000.0,-0.27552414874013653,-1.0176304243714185e-12,-0.999999999999613
19260000.0,-0.27515519363598007,-9.455769500732458e-13,-0.9999999999996411
19280000.0,-0.2747867326005612,-8.785194793858864e-13,-0.999999999999667
19300000.0,-0.27441876497227147,-8.162359677044151e-13,-0.9999999999996914
19320000.0,-0.274051290090388,-7.583933481214444e-13,-0.9999999999997138
19340000.0,-0.273684307295073,-7.044365091246618e-13,-0.9999999999997345
19360000.0,-0.27331781592737225,-6.544764730165298e-13,-0.9999999999997539
19380000.0,-0.27295181532921375,-6.079581282847357e-13,-0.9999999999997717
19400000.0,-0.27258630484340685,-5.647704526268171e-13,-0.9999999999997883
19420000.0,-0.2722212838136411,-5.248024237403115e-13,-0.9999999999998037
19440000.0,-0.2718567515844845,-4.871658632055187e-13,-0.9999999999998179
19460000.0,-0.27149270750138343,-4.5274894944213884e-13,-0.9999999999998314
19480000.0,-0.2711291509106595,-4.204414594255468e-13,-0.9999999999998436
19500000.0,-0.27076608115951095,-3.9057646006313007e-13,-0.999999999999855
19520000.0,-0.2704034975960097,-3.624878175401136e-13,-0.9999999999998654
19540000.0,-0.27004139956910067,-3.3706371027619753e-13,-0.9999999999998753
19560000.0,-0.2696797864286007,-3.1297187064183163e-13,-0.9999999999998845
19580000.0,-0.2693186575251967,-2.9054536554440347e-13,-0.9999999999998929
19600000.0,-0.268958012210446,-2.6989521728637555e-13,-0.9999999999999007
19620000.0,-0.2685978498367739,-2.5057733665789783e-13,-0.999999999999908
19640000.0,-0.2682381697574726,-2.3281376826389533e-13,-0.9999999999999148
19660000.0,-0.26787897132670013,-2.1604940059205546e-13,-0.9999999999999208
19680000.0,-0.2675202538994804,-2.0061730054976579e-13,-0.9999999999999267
19700000.0,-0.26716201683170004,-1.8629542353210127e-13,-0.999999999999932
19720000.0,-0.26680425948010844,-1.7319479184152442e-13,-0.999999999999937
19740000.0,-0.2664469812023166,-1.6076029396572267e-13,-0.9999999999999417
19760000.0,-0.2660901813567952,-1.4921397450962104e-13,-0.9999999999999459
19780000.0,-0.26573385930287463,-1.3844481117075702e-13,-0.9999999999999498
19800000.0,-0.26537801440074327,-1.2878587085651816e-13,-0.9999999999999536
19820000.0,-0.2650226460114453,-1.1945999744966684e-13,-0.9999999999999569
19840000.0,-0.26466775349688165,-1.1091128016005314e-13,-0.9999999999999601
19860000.0,-0.2643133362198068,-1.028066520802895e-13,-0.9999999999999629
19880000.0,-0.2639593935438297,-9.559020242022598e-14,-0.9999999999999658
19900000.0,-0.26360592483340994,-8.870681966755001e-14,-0.9999999999999682
19920000.0,-0.2632529294538596,-8.215650382226158e-14,-0.9999999999999705
19940000.0,-0.2629004067713401,-7.638334409421077e-14,-0.9999999999999727
19960000.0,-0.2625483561528613,-7.09432512735475e-14,-0.9999999999999748
19980000.0,-0.2621967769662813,-6.583622536027178e-14,-0.9999999999999766
