Time (hr),dose,SRAM_SEL,MCU_SEFI,MCU_SEL,LREG_SEGR,SRAM_TID,MCU_TID,LREG_TID,WDOG_TID
0.0,0.026004101703778336,0.016481985646132912,0.00012768084763705568,0.01703510456795385,9.077807644603535e-06,0.0,0.0,0.0,0.0
0.01639,0.028157232362837386,0.018015367597438818,0.00014000791525369053,0.018620537869046955,9.96514393705978e-06,0.0,0.0,0.0,0.0
0.03333,0.031964555471306715,0.020761944027979148,0.00016218780841889338,0.02146046430435362,1.1564624391539537e-05,0.0,0.0,0.0,0.0
0.04972,0.03765782030466965,0.024944894895763875,0.00019618561877840696,0.025785832637638215,1.4022942084188925e-05,0.0,0.0,0.0,0.0
0.06667,0.04584893494833797,0.03110352719660474,0.00024665325022468884,0.0321546005090336,1.768521817806216e-05,0.0,0.0,0.0,0.0
0.08306,0.05705328900790851,0.0397596864930463,0.00031828313544997176,0.04110683945018735,2.2906604846978892e-05,0.0,0.0,0.0,0.0
0.1,0.07161613392342568,0.05135446236948209,0.000415289815508503,0.053099248103405376,3.0016191384639492e-05,0.0,0.0,0.0,0.0
0.11639,0.08952615650376045,0.06607632358326031,0.0005399266593995148,0.06832730890469202,3.920862045220602e-05,0.0,0.0,0.0,0.0
0.13333,0.10975175662481224,0.08324826778669657,0.0006871014636568256,0.08609115888313078,5.0140914876471074e-05,0.0,0.0,0.0,0.0
0.15,0.13123899937296893,0.10208663802516699,0.0008505838329501856,0.10558032291446967,6.238104134481194e-05,0.0,0.0,0.0,0.0
0.16639,0.15222233748716815,0.12107953935048997,0.0010175078706500913,0.12523063510790025,7.498906746190577e-05,0.0,0.0,0.0,0.0
0.18333,0.171202392077034,0.13882456251131478,0.0011755166314491392,0.14359090820742246,8.70413909533376e-05,0.0,0.0,0.0,0.0
0.19972,0.18707052220473797,0.1541859137701705,0.0013142434949675328,0.1594856583561198,9.77428410538007e-05,0.0,0.0,0.0,0.0
0.21667,0.19936356582278364,0.16658957266296365,0.001428117241454392,0.17232064363733132,0.00010664744309780272,0.0,0.0,0.0,0.0
0.23306,0.20802893320996735,0.1758488380174398,0.0015149756210840301,0.18190244817938064,0.00011356182348000666,0.0,0.0,0.0,0.0
0.25,0.21330823078310898,0.18207759170186646,0.001575390886149916,0.188348760981564,0.00011850063397390691,0.0,0.0,0.0,0.0
0.26639,0.21560870600753515,0.18558222938814864,0.0016117709564616807,0.19197655498702287,0.00012162352500526936,0.0,0.0,0.0,0.0
0.28333,0.21535737915414757,0.18672343065547276,0.0016271331874001217,0.19315904402359685,0.00012314314473528486,0.0,0.0,0.0,0.0
0.3,0.21302038129932457,0.18588464519100656,0.0016246444149809786,0.1922930012050399,0.0001232789224892594,0.0,0.0,0.0,0.0
0.31639,0.2090182969289817,0.18345275276663742,0.0016076854763312865,0.1897787931101378,0.00012227967000065328,0.0,0.0,0.0,0.0
0.33333,0.2035199699140086,0.1795709864602139,0.0015774625699443547,0.18576460295333097,0.000120232714420451,0.0,0.0,0.0,0.0
0.34972,0.19666701878079668,0.17435682282668874,0.0015349638528011447,0.1803719375325072,0.0001172111466655896,0.0,0.0,0.0,0.0
0.36667,0.18857835285429886,0.1679178010645646,0.001481133859755581,0.17371203669328053,0.00011328776176739076,0.0,0.0,0.0,0.0
0.38306,0.1794882578652372,0.16045969245635686,0.0014177703246449572,0.16599775122315613,0.0001085998301551229,0.0,0.0,0.0,0.0
0.4,0.16954669762424285,0.15212635090258356,0.0013461801865284077,0.15737789849182193,0.00010325070746938402,0.0,0.0,0.0,0.0
0.41639,0.15914771020005908,0.14327167919982636,0.0012695018693106986,0.14821857536304603,9.748229267791108e-05,0.0,0.0,0.0,0.0
0.43333,0.1482620455343379,0.13389261184262702,0.001187800344499534,0.13851663496887665,9.13062790616137e-05,0.0,0.0,0.0,0.0
0.45,0.13730836123946205,0.12436970450842275,0.0011044747510852938,0.12866575565237842,8.498573915558941e-05,0.0,0.0,0.0,0.0
0.46639,0.12640960410759947,0.11482965406986949,0.0010207187436827277,0.11879702154696704,7.861713974841184e-05,0.0,0.0,0.0,0.0
0.48333,0.11575688111479654,0.10545659200102087,0.0009382220259037983,0.10910092897840606,7.233390973904007e-05,0.0,0.0,0.0,0.0
0.49972,0.10551047259970661,0.09640609424736736,0.0008584176677310284,0.09973843513430704,6.62493249048632e-05,0.0,0.0,0.0,0.0
0.51667,0.09574372582404665,0.08775480953189192,0.0007820340109309145,0.09078884824461929,6.042216181863928e-05,0.0,0.0,0.0,0.0
0.53306,0.08655763233918512,0.07960118724879355,0.0007099811457623841,0.08235402660633773,5.4924151780730235e-05,0.0,0.0,0.0,0.0
0.55,0.07800602850919984,0.07199406143163795,0.0006427081298939275,0.07448448990364563,4.978899371831543e-05,0.0,0.0,0.0,0.0
0.56639,0.0700236018282412,0.06487189625990629,0.00057967337412435,0.0671165738036413,4.4973220103946914e-05,0.0,0.0,0.0,0.0
0.58333,0.06273150662710397,0.05834146309401559,0.0005218258036020145,0.06036073344139335,4.054800108975968e-05,0.0,0.0,0.0,0.0
0.6,0.05606136989663355,0.0523423221664398,0.00046863577875443845,0.054154447810455274,3.6472296380674423e-05,0.0,0.0,0.0,0.0
0.61639,0.04998548096174385,0.04685145192233889,0.00041990514854688203,0.04847390775823484,3.2730919710628876e-05,0.0,0.0,0.0,0.0
0.63333,0.044457713131622174,0.04182995584011115,0.0003752949669388627,0.043278882401518656,2.929825835799479e-05,0.0,0.0,0.0,0.0
0.64972,0.03939517515148781,0.03720552777593022,0.0003341685780014642,0.03849457624648761,2.6125913559001022e-05,0.0,0.0,0.0,0.0
0.66667,0.034901636528153625,0.033077091306661345,0.00029741274343641116,0.03422334502207728,2.3283322182344236e-05,0.0,0.0,0.0,0.0
0.68306,0.030856583768716524,0.029338746149241722,0.0002640923721923107,0.030355639202579752,2.0699496061796755e-05,0.0,0.0,0.0,0.0
0.7,0.02723687697389414,0.02597344879949465,0.00023406225315885745,0.026873837603073852,1.836442093012634e-05,0.0,0.0,0.0,0.0
0.71639,0.024024081122107764,0.022968592642444344,0.00020721683349491938,0.023764909525178624,1.627124667327141e-05,0.0,0.0,0.0,0.0
0.73333,0.02115506170588852,0.020269396072856605,0.00018307319722719553,0.020972187474135845,1.4383631157291032e-05,0.0,0.0,0.0,0.0
0.75,0.018606816515622904,0.01785808518966278,0.00016147826141705277,0.018477291934715163,1.2690818186127518e-05,0.0,0.0,0.0,0.0
0.76639,0.016366724722457624,0.015726514890528755,0.0001423650603289963,0.016271805333397806,1.1188767947901929e-05,0.0,0.0,0.0,0.0
0.78333,0.014372729633668225,0.013818980286292061,0.00012523946440909844,0.014298099685664487,9.83972548021464e-06,0.0,0.0,0.0,0.0
0.79972,0.012626178637306069,0.012139730360877574,0.00011014451961983081,0.012560578837017205,8.648041400884957e-06,0.0,0.0,0.0,0.0
0.81667,0.011084102498440615,0.010650464968347208,9.674074353305056e-05,0.011019621158280203,7.587916211439576e-06,0.0,0.0,0.0,0.0
0.83306,0.009728712447455014,0.00933774597702913,8.491189727327626e-05,0.009661331693573255,6.651470456547073e-06,0.0,0.0,0.0,0.0
0.85,0.00852845727479109,0.008173948258466386,7.441311735925898e-05,0.008457133673150432,5.820331104003646e-06,0.0,0.0,0.0,0.0
0.86639,0.007470608892155375,0.0071485899786325495,6.515317051085872e-05,0.0073961857726039595,5.087880170172219e-06,0.0,0.0,0.0,0.0
0.88333,0.006524087112983674,0.006232631723584059,5.6872449824031946e-05,0.006448442926330546,4.43390093371923e-06,0.0,0.0,0.0,0.0
0.9,0.005692165681358423,0.005429733126498969,4.960627575358463e-05,0.005617692405903082,3.861276176883084e-06,0.0,0.0,0.0,0.0
0.91639,0.004958524627150134,0.0047241556479348515,4.3214268766283856e-05,0.004887648978289992,3.3588495326482606e-06,0.0,0.0,0.0,0.0
0.93333,0.004307970791967533,0.004101036787186152,3.756343153716449e-05,0.004242933408680067,2.9159865719021703e-06,0.0,0.0,0.0,0.0
0.94972,0.003733465009966424,0.0035532062424200976,3.259012518167864e-05,0.003676125065061727,2.527460599487039e-06,0.0,0.0,0.0,0.0
0.96667,0.00322824466576825,0.0030736551677599407,2.8231976633850968e-05,0.003179970135226825,2.1881134937053375e-06,0.0,0.0,0.0,0.0
0.98306,0.0027819618333350857,0.00265196493492958,2.4395387953657365e-05,0.0027436870423395284,1.8903662062125629e-06,0.0,0.0,0.0,0.0
1.0,0.0023898253896904105,0.00228301959729809,2.1034764025199893e-05,0.0023619806527558265,1.630399445487969e-06,0.0,0.0,0.0,0.0
1.01639,0.002047093376033788,0.001961784272135922,1.810514137481344e-05,0.002029639847822282,1.404462929159084e-06,0.0,0.0,0.0,0.0
1.03333,0.001746469850316281,0.0016809076166212416,1.5540282166886102e-05,0.0017390572606966013,1.2072046752208966e-06,0.0,0.0,0.0,0.0
1.05,0.0014852239127564049,0.001437394681428644,1.331357893909477e-05,0.0014871327944611116,1.0363648907536821e-06,0.0,0.0,0.0,0.0
1.06639,0.0012568254556539627,0.0012247897123046983,1.1366679506716607e-05,0.0012671862827077366,8.872849032174014e-07,0.0,0.0,0.0,0.0
1.08333,0.0010609663423171536,0.0010425142989541334,9.694945937962953e-06,0.001078618154410438,7.594578170162659e-07,0.0,0.0,0.0,0.0
1.09972,0.0008914109216519053,0.0008845505832840402,8.243818069508662e-06,0.0009152018385441917,6.485900252161076e-07,0.0,0.0,0.0,0.0
1.11667,0.0007452796618543958,0.000748070642981454,6.987861139818494e-06,0.0007740110830766738,5.526476057849405e-07,0.0,0.0,0.0,0.0
1.13306,0.0006203081171243893,0.0006308798283363498,5.90740468012717e-06,0.0006527749644136403,4.7006221210430564e-07,0.0,0.0,0.0,0.0
1.15,0.0005142334566273601,0.0005308399169397117,4.983249409950462e-06,0.000549281113169669,3.993243700161654e-07,0.0,0.0,0.0,0.0
1.16639,0.00042374750181538957,0.0004448593668133137,4.1873008227492366e-06,0.00046033106311315,3.382608554212408e-07,0.0,0.0,0.0,0.0
1.18333,0.00034771166098139224,0.0003719267905360398,3.510629770147129e-06,0.0003848784439785769,2.8618099694971997e-07,0.0,0.0,0.0,0.0
1.2,0.00028411263628237303,0.0003102255887961643,2.9368086433295844e-06,0.00032104396275968206,2.4183118397352116e-07,0.0,0.0,0.0,0.0
1.21639,0.00023092386061448241,0.000257907030683695,2.4490173312526916e-06,0.0002669150884335333,2.039236995001371e-07,0.0,0.0,0.0,0.0
1.23333,0.00018694318036278326,0.00021393114152911422,2.037904315765445e-06,0.00022141606097727593,1.7175479219454801e-07,0.0,0.0,0.0,0.0
1.24972,0.00015093670987469096,0.000177249925192575,1.694013924267067e-06,0.00018346289901522372,1.4462640986043432e-07,0.0,0.0,0.0,0.0
1.26667,0.00012143269005690165,0.00014656279759606527,1.4054659603023521e-06,0.0001517102799223022,1.2165185947519864e-07,0.0,0.0,0.0,0.0
1.28306,9.747407969499935e-05,0.00012107241496423598,1.1650434101425654e-06,0.00012533355039398672,1.0231051320807277e-07,0.0,0.0,0.0,0.0
1.3,7.810669770179123e-05,9.995935323849008e-05,9.652735072236428e-07,0.00010348517799086618,8.605768603025638e-08,0.0,0.0,0.0,0.0
1.31639,6.251112436911962e-05,8.251348794771648e-05,7.996628494868359e-07,8.543067572382532e-05,7.242009179546546e-08,0.0,0.0,0.0,0.0
1.33333,4.995356574781524e-05,6.807913612903321e-05,6.621815490446367e-07,7.049182532396644e-05,6.09523779002913e-08,0.0,0.0,0.0,0.0
1.35,3.9940395734220675e-05,5.62386858420394e-05,5.490219515248907e-07,5.823673326209744e-05,5.138492446516916e-08,0.0,0.0,0.0,0.0
1.36639,3.1915526520772526e-05,4.646697430737005e-05,4.5531083649338757e-07,4.812212883350085e-05,4.334931845572633e-08,0.0,0.0,0.0,0.0
1.38333,2.5540295110179897e-05,3.846608092551384e-05,3.7831405452224043e-07,3.9839885714643e-05,3.6649818702223376e-08,0.0,0.0,0.0,0.0
1.39972,2.044410034073675e-05,3.186968889439459e-05,3.1461030052404903e-07,3.301102329164791e-05,3.102301820738604e-08,0.0,0.0,0.0,0.0
1.41667,1.6375884205770933e-05,2.6434844226250767e-05,2.619379383259226e-07,2.738420810520725e-05,2.6298170464592082e-08,0.0,0.0,0.0,0.0
1.43306,1.3152567498519975e-05,2.1988382661872814e-05,2.1869149470019537e-07,2.2780321313284382e-05,2.2357283813613355e-08,0.0,0.0,0.0,0.0
1.45,1.0587578855856867e-05,1.833371105722579e-05,1.830200954929436e-07,1.899594941103557e-05,1.9054435325054422e-08,0.0,0.0,0.0,0.0
1.46639,8.538296286047705e-06,1.5316943780245653e-05,1.5347080957096816e-07,1.587186033589421e-05,1.6273911919904034e-08,0.0,0.0,0.0,0.0
1.48333,6.906139713552213e-06,1.2834026612466978e-05,1.290648882634146e-07,1.3300395008236364e-05,1.3939643092260875e-08,0.0,0.0,0.0,0.0
1.5,5.6044404127690734e-06,1.0787665912474209e-05,1.0887979856400818e-07,1.118087278732411e-05,1.1977248495001884e-08,0.0,0.0,0.0,0.0
1.51639,4.564551703255446e-06,9.098402162849927e-06,9.215943722538131e-08,9.431062402502241e-06,1.0324891237748126e-08,0.0,0.0,0.0,0.0
1.53333,3.7293078623345966e-06,7.696506593236702e-06,7.823595508752898e-08,7.978792710311838e-06,8.926265211065237e-09,0.0,0.0,0.0,0.0
1.54972,3.0597706192629226e-06,6.535629177546062e-06,6.666728727860606e-08,6.776095524622152e-06,7.745123098034836e-09,0.0,0.0,0.0,0.0
1.56667,2.5217250049118005e-06,5.57226337949776e-06,5.703501914747049e-08,5.777937009185392e-06,6.745688898054709e-09,0.0,0.0,0.0,0.0
1.58306,2.086640584661946e-06,4.768095053792532e-06,4.8968259471727715e-08,4.944651952340228e-06,5.895216523214975e-09,0.0,0.0,0.0,0.0
1.6,1.7352993781414039e-06,4.098035283175256e-06,4.2225255184707314e-08,4.25027009747777e-06,5.173010124906846e-09,0.0,0.0,0.0,0.0
1.61639,1.4517217600410476e-06,3.5403474211239783e-06,3.659557913040293e-08,3.6722888259212898e-06,4.560652581132196e-09,0.0,0.0,0.0,0.0
1.63333,1.2202551951000106e-06,3.0712566373772315e-06,3.184587580725735e-08,3.1860868732692265e-06,4.0361325722051745e-09,0.0,0.0,0.0,0.0
1.65,1.032206552179556e-06,2.6788105825472038e-06,2.7860504018937117e-08,2.7792912187320016e-06,3.5894702528305526e-09,0.0,0.0,0.0,0.0
1.66639,8.736743388056962e-07,2.3382544942004576e-06,2.439207402069643e-08,2.4262534773075743e-06,3.195044391841684e-09,0.0,0.0,0.0,0.0
1.73306,4.838599988418335e-07,1.4472249706098595e-06,1.5260785659950614e-08,1.5024022460512075e-06,2.123435171160687e-09,0.0,0.0,0.0,0.0
1.8,2.972839434646164e-07,9.77311013836814e-07,1.0399058041630246e-08,1.0150536750018525e-06,1.5249893437921176e-09,0.0,0.0,0.0,0.0
1.86667,2.0348229043172302e-07,7.219426620331495e-07,7.736990557915559e-09,7.501756898881405e-07,1.1853641579255738e-09,0.0,0.0,0.0,0.0
1.93333,1.5337830784852363e-07,5.776869176681445e-07,6.2250251637678705e-09,6.005563436917614e-07,9.884882192033261e-10,0.0,0.0,0.0,0.0
1.99972,1.257182816157742e-07,4.954626002922546e-07,5.360472489265178e-09,5.153100758627497e-07,8.760544297745065e-10,0.0,0.0,0.0,0.0
2.06639,1.1070425624156311e-07,4.5088924189673804e-07,4.89170892429681e-09,4.691581529985194e-07,8.177982398622733e-10,0.0,0.0,0.0,0.0
2.13333,1.0364140070180273e-07,4.3161068080006737e-07,4.690446816664947e-09,4.4929103937868136e-07,7.979292624388297e-10,0.0,0.0,0.0,0.0
2.2,1.022087233767505e-07,4.3123758771646194e-07,4.6899820501059836e-09,4.4908858232621843e-07,8.081514392293017e-10,0.0,0.0,0.0,0.0
2.26639,1.0524847123600121e-07,4.4641442716598146e-07,4.85501749507195e-09,4.650778838102652e-07,8.44027029008076e-10,0.0,0.0,0.0,0.0
2.33306,1.123986349988825e-07,4.7617144555461855e-07,5.175274572397473e-09,4.962694171245814e-07,9.047360131485093e-10,0.0,0.0,0.0,0.0
2.4,1.236105170181679e-07,5.202135994180962e-07,5.647276957129828e-09,5.42368989636956e-07,9.899427823635687e-10,0.0,0.0,0.0,0.0
2.46667,1.3917523643443638e-07,5.79281087071034e-07,6.278383643999676e-09,6.041627297223983e-07,1.1009559013236669e-09,0.0,0.0,0.0,0.0
2.53333,1.5964314469511684e-07,6.548191858082157e-07,7.083242884793817e-09,6.831720030505552e-07,1.240083809934515e-09,0.0,0.0,0.0,0.0
2.59972,1.856648010148064e-07,7.483958159023245e-07,8.077577370005515e-09,7.810456104558587e-07,1.409613668680705e-09,0.0,0.0,0.0,0.0
2.66639,2.180250398788182e-07,8.618405355553608e-07,9.279687665627144e-09,8.997058771947286e-07,1.612124763054303e-09,0.0,0.0,0.0,0.0
2.73333,2.576446960221943e-07,9.972399944453174e-07,1.07104097564361e-08,1.0413442058388149e-06,1.8504833824825826e-09,0.0,0.0,0.0,0.0
2.8,3.0551823698127846e-07,1.1567164035500547e-06,1.2390763386700865e-08,1.2081895143374393e-06,2.1274717402503485e-09,0.0,0.0,0.0,0.0
2.86639,3.6235771157402224e-07,1.3412931084665135e-06,1.433007953078596e-08,1.4013211788589714e-06,2.443875297639735e-09,0.0,0.0,0.0,0.0
2.93306,4.290951716885007e-07,1.5526129075895378e-06,1.6544159848194617e-08,1.6224665040893382e-06,2.8015105029356478e-09,0.0,0.0,0.0,0.0
3.0,5.064752007794405e-07,1.7916301509770623e-06,1.9041550541485923e-08,1.8726321571781214e-06,3.2010031849321514e-09,0.0,0.0,0.0,0.0
3.06667,5.947102632450134e-07,2.057672176334675e-06,2.1813880817714904e-08,2.1511211235188916e-06,3.6403192182845336e-09,0.0,0.0,0.0,0.0
3.13333,6.939445708080444e-07,2.349980397152069e-06,2.485208094314887e-08,2.4571451681074212e-06,4.1174218089416795e-09,0.0,0.0,0.0,0.0
3.19972,8.035402584500331e-07,2.665682738816501e-06,2.8125372385866003e-08,2.7877018332962292e-06,4.627014576117087e-09,0.0,0.0,0.0,0.0
3.26639,9.227794614200597e-07,3.00196478744364e-06,3.160393470847462e-08,3.139847074989035e-06,5.164145698127031e-09,0.0,0.0,0.0,0.0
3.33333,1.0505593187062435e-06,3.35520808789245e-06,3.52499625363825e-08,3.5097931177537697e-06,5.722809937420678e-09,0.0,0.0,0.0,0.0
3.4,1.185103502740812e-06,3.7202650790442133e-06,3.9010248010019814e-08,3.892148890483894e-06,6.2948496486076295e-09,0.0,0.0,0.0,0.0
3.46639,1.3238994794482478e-06,4.090392544298998e-06,4.281558628648539e-08,4.279849928622444e-06,6.869910911063851e-09,0.0,0.0,0.0,0.0
3.53306,1.4643858847406665e-06,4.459121627569987e-06,4.6600028709693843e-08,4.666117171571992e-06,7.438359381479748e-09,0.0,0.0,0.0,0.0
3.6,1.6048503289204018e-06,4.822487493368764e-06,5.0323601892034587e-08,5.0467934747768575e-06,7.994607534305655e-09,0.0,0.0,0.0,0.0
3.66667,1.7412012533938192e-06,5.1706290686320374e-06,5.3886167494745096e-08,5.411543518386539e-06,8.524216450036065e-09,0.0,0.0,0.0,0.0
3.73333,1.8721274590381622e-06,5.501040065167138e-06,5.726309859601734e-08,5.757736635751561e-06,9.024092940098116e-09,0.0,0.0,0.0,0.0
3.79972,1.994507048408801e-06,5.806709935912018e-06,6.038376786316831e-08,6.07802273693819e-06,9.484356534203528e-09,0.0,0.0,0.0,0.0
3.86639,2.106256564771875e-06,6.0833313917560835e-06,6.32052400517665e-08,6.367883972451503e-06,9.899242737402825e-09,0.0,0.0,0.0,0.0
3.93333,2.2060280742821913e-06,6.328405011459879e-06,6.570297054671526e-08,6.624697186682896e-06,1.0265663766593857e-08,0.0,0.0,0.0,0.0
4.0,2.29211435857597e-06,6.538494710759509e-06,6.784278835452213e-08,6.844858126766833e-06,1.0579066583368629e-08,0.0,0.0,0.0,0.0
4.06639,2.3648898386198403e-06,6.715152310146923e-06,6.96412034770455e-08,7.029990106156768e-06,1.084224675419141e-08,0.0,0.0,0.0,0.0
4.13306,2.4237736015928378e-06,6.857476246007398e-06,7.108959205875407e-08,7.179146102707475e-06,1.1054231047592374e-08,0.0,0.0,0.0,0.0
4.2,2.4687737837646656e-06,6.965887771375465e-06,7.219266532579113e-08,7.292765845593548e-06,1.1215922793542478e-08,0.0,0.0,0.0,0.0
4.26667,2.5003660618799184e-06,7.041825562468271e-06,7.296535108623177e-08,7.372355754908553e-06,1.132962364254874e-08,0.0,0.0,0.0,0.0
4.33333,2.520042869569247e-06,7.0890663188311075e-06,7.3446244765506e-08,7.421873101005103e-06,1.1401044462615324e-08,0.0,0.0,0.0,0.0
4.39972,2.528812749743882e-06,7.110136737561098e-06,7.366113226854733e-08,7.4439653800927116e-06,1.1433952649300126e-08,0.0,0.0,0.0,0.0
4.46639,2.528053212416241e-06,7.108384035371272e-06,7.364405755144636e-08,7.442140125672702e-06,1.1433268881944576e-08,0.0,0.0,0.0,0.0
4.53333,2.5193109770862933e-06,7.087517056537973e-06,7.343271180652746e-08,7.420284182853794e-06,1.1404445098380445e-08,0.0,0.0,0.0,0.0
4.6,2.504254164081911e-06,7.051508503602525e-06,7.306742599409495e-08,7.382560732804624e-06,1.1353266880160331e-08,0.0,0.0,0.0,0.0
4.66639,2.4840257909428337e-06,7.003064464476341e-06,7.257567395136829e-08,7.3318059729663e-06,1.1283708821163896e-08,0.0,0.0,0.0,0.0
4.73306,2.4603160296134005e-06,6.946201022939714e-06,7.199821643793493e-08,7.272228411609082e-06,1.120161078123764e-08,0.0,0.0,0.0,0.0
4.8,2.4345274648797892e-06,6.884256696577807e-06,7.136895745697806e-08,7.2073265844415095e-06,1.111185140928155e-08,0.0,0.0,0.0,0.0
4.86667,2.4077239463492623e-06,6.81977052704849e-06,7.071369322156147e-08,7.1397612260180405e-06,1.1018158374460343e-08,0.0,0.0,0.0,0.0
4.93333,2.3812066764599552e-06,6.755868560822125e-06,7.00641999634214e-08,7.07280794769783e-06,1.092511420262895e-08,0.0,0.0,0.0,0.0
4.99972,2.355470915950163e-06,6.693749702428285e-06,6.943268255484534e-08,7.007723070483261e-06,1.0834504123361898e-08,0.0,0.0,0.0,0.0
5.06639,2.331801925467938e-06,6.636531408523326e-06,6.885086320531893e-08,6.947772969247989e-06,1.0750917184503598e-08,0.0,0.0,0.0,0.0
5.13333,2.3106434186951423e-06,6.5853098646430645e-06,6.832992176626971e-08,6.894106152321852e-06,1.0675996823131067e-08,0.0,0.0,0.0,0.0
5.2,2.301112760561026e-06,6.562215126456074e-06,6.809501064418385e-08,6.869908967753578e-06,1.0642187932968358e-08,0.0,0.0,0.0,0.0
5.26639,2.2820878931600466e-06,6.516071909629881e-06,6.762560435282468e-08,6.821563229775745e-06,1.0574590862742836e-08,0.0,0.0,0.0,0.0
5.33306,2.2705253495833313e-06,6.4880003618492195e-06,6.734000236548766e-08,6.7921518691826836e-06,1.0533435367916188e-08,0.0,0.0,0.0,0.0
5.4,2.26359632182796e-06,6.471168012820485e-06,6.716873528686947e-08,6.774516177198894e-06,1.0508746882394993e-08,0.0,0.0,0.0,0.0
5.46667,2.2617754186716095e-06,6.466743326897992e-06,6.712371453324866e-08,6.769880323965351e-06,1.0502255203032944e-08,0.0,0.0,0.0,0.0
5.53333,2.2642020666845313e-06,6.472639819866887e-06,6.718371082369369e-08,6.776058228786933e-06,1.051090574748551e-08,0.0,0.0,0.0,0.0
5.59972,2.2708247666495055e-06,6.488727551226334e-06,6.734740142520061e-08,6.792913765353745e-06,1.0534501426701421e-08,0.0,0.0,0.0,0.0
5.66639,2.281794371257681e-06,6.515359556241218e-06,6.761835744350704e-08,6.8208168748405176e-06,1.0573546275390115e-08,0.0,0.0,0.0,0.0
5.73333,2.29684938350951e-06,6.551879548625285e-06,6.798987574396403e-08,6.859080029428516e-06,1.0627053468664308e-08,0.0,0.0,0.0,0.0
5.8,2.3153390881357616e-06,6.5966832917901855e-06,6.844560099232738e-08,6.90602251604842e-06,1.069264005086395e-08,0.0,0.0,0.0,0.0
5.86639,2.337066871947047e-06,6.649266429140231e-06,6.898036742476956e-08,6.96111598328992e-06,1.0769531243098763e-08,0.0,0.0,0.0,0.0
5.93306,2.361412576168854e-06,6.708100008474467e-06,6.957858467658357e-08,7.0227585480006e-06,1.0855448337573893e-08,0.0,0.0,0.0,0.0
6.0,2.387391137205181e-06,6.770781356392421e-06,7.021578667483761e-08,7.088432818480291e-06,1.0946843807247626e-08,0.0,0.0,0.0,0.0
6.06667,2.4145744433541177e-06,6.836262105759674e-06,7.088128744110807e-08,7.157040284466671e-06,1.104213965808024e-08,0.0,0.0,0.0,0.0
6.13333,2.441485317654124e-06,6.900979183108346e-06,7.1538851287863e-08,7.224847527247688e-06,1.1136109873497662e-08,0.0,0.0,0.0,0.0
6.19972,2.467312048700881e-06,6.962988503466287e-06,7.216871759430276e-08,7.2898172810051105e-06,1.1225883242014629e-08,0.0,0.0,0.0,0.0
6.26639,2.490511680662129e-06,7.018604580082834e-06,7.273344486213356e-08,7.348087559916691e-06,1.1306073659008773e-08,0.0,0.0,0.0,0.0
6.33333,2.509624396077219e-06,7.064357323909199e-06,7.319780526505174e-08,7.396021911787694e-06,1.1371609431427677e-08,0.0,0.0,0.0,0.0
6.4,2.523096944429996e-06,7.09656088560571e-06,7.352437927227154e-08,7.429757684073991e-06,1.1417114279319417e-08,0.0,0.0,0.0,0.0
6.46639,2.5293321946097377e-06,7.111421953010543e-06,7.367466264139992e-08,7.445319513380415e-06,1.1437048029357729e-08,0.0,0.0,0.0,0.0
6.53306,2.5266005443341955e-06,7.1048139147945444e-06,7.360674426595732e-08,7.438382810697441e-06,1.14253739256466e-08,0.0,0.0,0.0,0.0
6.6,2.513306393441242e-06,7.072895661154142e-06,7.328158613801842e-08,7.4049223240782575e-06,1.1376463962045472e-08,0.0,0.0,0.0,0.0
6.66667,2.4879340177889345e-06,7.011958617422227e-06,7.266142940517294e-08,7.341051784909491e-06,1.1284821722229208e-08,0.0,0.0,0.0,0.0
6.73333,2.449192145814256e-06,6.918749783105774e-06,7.171305270939327e-08,7.243362720228254e-06,1.1145569919679111e-08,0.0,0.0,0.0,0.0
6.79972,2.3959197679031544e-06,6.79021959952061e-06,7.040519043633616e-08,7.1086602874016264e-06,1.0954043319817208e-08,0.0,0.0,0.0,0.0
6.86639,2.3279362111842067e-06,6.625556210449e-06,6.87291899551475e-08,6.936095309349741e-06,1.0708796318739452e-08,0.0,0.0,0.0,0.0
6.93333,2.2447712545114353e-06,6.423109303291478e-06,6.666770692530118e-08,6.723940519973932e-06,1.0407010714780543e-08,0.0,0.0,0.0,0.0
7.0,2.146852103607523e-06,6.183258605464648e-06,6.422388758263792e-08,6.472596820872237e-06,1.004876897993078e-08,0.0,0.0,0.0,0.0
7.06639,2.0352176597145297e-06,5.9077516720115235e-06,6.141465150172145e-08,6.183899214663545e-06,9.636073636136118e-09,0.0,0.0,0.0,0.0
7.13306,1.9115094403013156e-06,5.5997286249030316e-06,5.827098393822584e-08,5.861142564203516e-06,9.172913419099816e-09,0.0,0.0,0.0,0.0
7.2,1.7782560455660167e-06,5.2645137067947885e-06,5.4846108832894685e-08,5.509910694319873e-06,8.666516366742236e-09,0.0,0.0,0.0,0.0
7.26667,1.637074905408807e-06,4.905157012606363e-06,5.116999611461642e-08,5.133404839836056e-06,8.120652794975193e-09,0.0,0.0,0.0,0.0
7.33333,1.4919279566074927e-06,4.530770271417919e-06,4.733468683328618e-08,4.741177026011898e-06,7.548337394580524e-09,0.0,0.0,0.0,0.0
7.39972,1.3449193831744828e-06,4.14592370108181e-06,4.338593054863199e-08,4.338020459408701e-06,6.955792239093399e-09,0.0,0.0,0.0,0.0
7.46639,1.1995048935318475e-06,3.7589602827666614e-06,3.9408404595009895e-08,3.932679774881758e-06,6.35519335906261e-09,0.0,0.0,0.0,0.0
7.53333,1.0586083589243911e-06,3.3772364634189487e-06,3.547707894048447e-08,3.5328643089598944e-06,5.757474967965317e-09,0.0,0.0,0.0,0.0
7.6,9.245452455054617e-07,3.0068939904869474e-06,3.1654864753557684e-08,3.145009083585128e-06,5.17197904012442e-09,0.0,0.0,0.0,0.0
7.66639,7.994838902444326e-07,2.6541174503809693e-06,2.800559572629838e-08,2.775591695902746e-06,4.60844229578079e-09,0.0,0.0,0.0,0.0
7.73306,6.852325159397372e-07,2.3245793873220432e-06,2.458836596174857e-08,2.4305507630014623e-06,4.076175425946181e-09,0.0,0.0,0.0,0.0
7.8,5.82219041954272e-07,2.0203854215171442e-06,2.142576029496876e-08,2.1120876750619485e-06,3.5790561834122828e-09,0.0,0.0,0.0,0.0
7.86667,4.914766333291711e-07,1.7457509148055232e-06,1.856269751329178e-08,1.8246103320705406e-06,3.124695809324885e-09,0.0,0.0,0.0,0.0
7.93333,4.1249756409431783e-07,1.500544150147008e-06,1.599918151944653e-08,1.5679738955371306e-06,2.7138041125028614e-09,0.0,0.0,0.0,0.0
7.99972,3.44917544474001e-07,1.2851508911383178e-06,1.3740776693987698e-08,1.3425739955769036e-06,2.3480640037957952e-09,0.0,0.0,0.0,0.0
8.06639,2.8810919835210763e-07,1.0991909966868854e-06,1.1785183103527713e-08,1.1480035151289055e-06,2.027979637597803e-09,0.0,0.0,0.0,0.0
8.13333,2.410262143744133e-07,9.408648574978717e-07,1.0115201512541356e-08,9.82369479848915e-07,1.7516330650361093e-09,0.0,0.0,0.0,0.0
8.2,2.0257426264488527e-07,8.080340557620104e-07,8.709948585778974e-09,8.43424485694938e-07,1.5164344290649993e-09,0.0,0.0,0.0,0.0
8.26639,1.7172225257901126e-07,6.985550105704021e-07,7.54831587626862e-09,7.2891592102278e-07,1.3196453018630447e-09,0.0,0.0,0.0,0.0
8.33306,1.4748838730770672e-07,6.1020500096199e-07,6.608146693000521e-09,6.365086201058803e-07,1.1582155663973293e-09,0.0,0.0,0.0,0.0
8.4,1.2898850391927466e-07,5.408275674770761e-07,5.867732686045348e-09,5.639367544429336e-07,1.028988002631693e-09,0.0,0.0,0.0,0.0
8.46667,1.1555700139386324e-07,4.887732199915365e-07,5.310497971677734e-09,5.094641043147529e-07,9.294566683181029e-10,0.0,0.0,0.0,0.0
8.53333,1.0675403194038357e-07,4.5292433520944505e-07,4.925251459942993e-09,4.719088197465112e-07,8.577697008773695e-10,0.0,0.0,0.0,0.0
8.59972,1.024835810082945e-07,4.331045952221379e-07,4.710551375317742e-09,4.510693304015001e-07,8.133775824100144e-10,0.0,0.0,0.0,0.0
8.66639,1.0313771134710709e-07,4.3052124655518636e-07,4.67935108596706e-09,4.4818334837589014e-07,7.976803392154774e-10,0.0,0.0,0.0,0.0
8.73333,1.0988863820642015e-07,4.485300257552987e-07,4.866951380101473e-09,4.6671956608498573e-07,8.149425098054454e-10,0.0,0.0,0.0,0.0
8.8,1.2534389528264847e-07,4.943424299175247e-07,5.348685513915247e-09,5.141493039223348e-07,8.745433422910432e-10,0.0,0.0,0.0,0.0
8.86639,1.550107859582105e-07,5.824874962294869e-07,6.275444090973378e-09,6.055347555381354e-07,9.95078565612135e-10,0.0,0.0,0.0,0.0
8.93306,2.1076408980755936e-07,7.424005080726568e-07,7.950898745226047e-09,7.713956199332832e-07,1.2130106595849698e-09,0.0,0.0,0.0,0.0
9.0,3.2027285300794434e-07,1.0375656011505526e-06,1.1024857955246767e-08,1.0775492098240626e-06,1.6034828082258281e-09,0.0,0.0,0.0,0.0
9.06667,5.499633547611437e-07,1.6053193482577972e-06,1.688812082980234e-08,1.6663407543356985e-06,2.318704200873966e-09,0.0,0.0,0.0,0.0
9.13333,1.060248493587915e-06,2.7380681347755077e-06,2.8463030539375474e-08,2.8407176925630033e-06,3.6574237325889246e-09,0.0,0.0,0.0,0.0
9.15,1.2699557460480036e-06,3.17317900677351e-06,3.287909837314094e-08,3.2917306656930266e-06,4.150915431024807e-09,0.0,0.0,0.0,0.0
9.16639,1.5316766727157646e-06,3.699324241662697e-06,3.8202171422630654e-08,3.837055700710375e-06,4.7363712845124065e-09,0.0,0.0,0.0,0.0
9.18333,1.8570385247528515e-06,4.332589241194439e-06,4.458807718012864e-08,4.4933449529252575e-06,5.427371788499569e-09,0.0,0.0,0.0,0.0
9.19972,2.264270846038375e-06,5.099495603505598e-06,5.229576519173084e-08,5.288060551648607e-06,6.247676771208248e-09,0.0,0.0,0.0,0.0
9.21667,2.7756260923179604e-06,6.030706665338899e-06,6.162273578934083e-08,6.252948317049595e-06,7.223707047592409e-09,0.0,0.0,0.0,0.0
9.23306,3.4196602448959214e-06,7.164265622318088e-06,7.293671467370402e-08,7.427391274321903e-06,8.387589315286556e-09,0.0,0.0,0.0,0.0
9.25,4.233029787315653e-06,8.547385123029111e-06,8.669239411158545e-08,8.860260875088862e-06,9.778423644221975e-09,0.0,0.0,0.0,0.0
9.26639,5.262783961804895e-06,1.0238655234633557e-05,1.0345190240995502e-07,1.0612200991518003e-05,1.144377115717644e-08,0.0,0.0,0.0,0.0
9.28333,6.569275721726568e-06,1.2310756879765221e-05,1.2390997332114223e-07,1.2758434466122854e-05,1.344147802529302e-08,0.0,0.0,0.0,0.0
9.3,8.229838150848116e-06,1.4853780653806596e-05,1.4892448420729644e-07,1.5392195739704408e-05,1.5841903542588014e-08,0.0,0.0,0.0,0.0
9.31639,1.034339690611519e-05,1.797926303855109e-05,1.7955354536934706e-07,1.862890512209955e-05,1.8730512364658494e-08,0.0,0.0,0.0,0.0
9.33333,1.3036210900172325e-05,2.1825061681816876e-05,2.1710001015147722e-07,2.2611210678609833e-05,2.2211020905463566e-08,0.0,0.0,0.0,0.0
9.34972,1.6468948811889393e-05,2.656119661899192e-05,2.631646855134039e-07,2.751502875396522e-05,2.6409083047611386e-08,0.0,0.0,0.0,0.0
9.36667,2.0845311747102682e-05,3.239678091843361e-05,3.1970911092080544e-07,3.3556710822017934e-05,3.1476643653280976e-08,0.0,0.0,0.0,0.0
9.38306,2.6443758492956368e-05,3.961526094378968e-05,3.893901551510058e-07,4.1029514702848636e-05,3.761982930251471e-08,0.0,0.0,0.0,0.0
9.4,3.354991477269234e-05,4.848142082365005e-05,4.74656627076413e-07,5.02073227330707e-05,4.501788554041909e-08,0.0,0.0,0.0,0.0
9.41639,4.261751679037102e-05,5.943845743828523e-05,5.796410223639683e-07,6.154864051849132e-05,5.398698235477309e-08,0.0,0.0,0.0,0.0
9.43333,5.4128619478683215e-05,7.292341611575682e-05,7.083736630759579e-07,7.550552671555827e-05,6.482253410045644e-08,0.0,0.0,0.0,0.0
9.45,6.864713745211329e-05,8.94331564404371e-05,8.654159102150717e-07,9.259188232124979e-05,7.78552121631225e-08,0.0,0.0,0.0,0.0
9.46639,8.701761633167378e-05,0.00010973945983807119,1.0578921533362927e-06,0.00011360605108141158,9.361660664085842e-08,0.0,0.0,0.0,0.0
9.48333,0.00011018045613984164,0.0001346655313094117,1.293345557647318e-06,0.0001393994920189724,1.1265797435955403e-07,0.0,0.0,0.0,0.0
9.49972,0.00013905077050187147,0.00016496678876046927,1.5786207065629353e-06,0.00017075345396414232,1.3546545095212898e-07,0.0,0.0,0.0,0.0
9.51667,0.00017505949227927635,0.00020190322813493474,1.92524947669503e-06,0.00020897124110466676,1.6289335029534414e-07,0.0,0.0,0.0,0.0
9.53306,0.00021938406542745028,0.0002464413369447375,2.3419366888813137e-06,0.00025505242454154105,1.9556749986822283e-07,0.0,0.0,0.0,0.0
9.55,0.00027387705430811113,0.00030021677036777577,2.843587719025181e-06,0.000310688941116876,2.3460418358829586e-07,0.0,0.0,0.0,0.0
9.56639,0.00034032759233562534,0.00036480060637087157,3.444425473967322e-06,0.00037750594853875566,2.8107432384270273e-07,0.0,0.0,0.0,0.0
9.58333,0.0004201855005141733,0.0004414587081288465,4.155782830021977e-06,0.0004568129296740044,3.358390775614269e-07,0.0,0.0,0.0,0.0
9.6,0.0005161763482180207,0.000532678622951996,5.000252690010689e-06,0.0005511833105738171,4.0062714993671017e-07,0.0,0.0,0.0,0.0
9.61639,0.0006305827629254929,0.0006405378728766176,5.996529105433318e-06,0.0006627664176812154,4.768780399725281e-07,0.0,0.0,0.0,0.0
9.63333,0.0007662013301569146,0.0007676398570014289,7.168089494682399e-06,0.000794255766085076,5.664170720715007e-07,0.0,0.0,0.0,0.0
9.64972,0.0009266623802990339,0.0009174170484210351,8.54595056070633e-06,0.0009492027505827945,6.71669313251861e-07,0.0,0.0,0.0,0.0
9.66667,0.001113822264193464,0.001091713490200038,1.0146439304656621e-05,0.001129515737910951,7.939669165693646e-07,0.0,0.0,0.0,0.0
9.68306,0.0013337694663309823,0.001296395056549515,1.20227247849098e-05,0.0013412640282933588,9.374920476781793e-07,0.0,0.0,0.0,0.0
9.7,0.0015905042986534186,0.0015354744431968228,1.4210806544303339e-05,0.0015886001116210983,1.1051581437902514e-06,0.0,0.0,0.0,0.0
9.71639,0.0018890802376462373,0.0018140528495339085,1.675653870077448e-05,0.0018768029340869483,1.3006804842496655e-06,0.0,0.0,0.0,0.0
9.73333,0.0022340673485257826,0.002136890850981294,1.9702542625635965e-05,0.002210799425056455,1.52757501004891e-06,0.0,0.0,0.0,0.0
9.75,0.002630105155947856,0.0025089105784095586,2.309281655053679e-05,0.002595683976444913,1.789506415527472e-06,0.0,0.0,0.0,0.0
9.76639,0.003079021658952234,0.0029324472524124355,2.6947731982553077e-05,0.003033874788755066,2.0883381545377856e-06,0.0,0.0,0.0,0.0
9.78333,0.0035986341930213327,0.0034250120417513284,3.142555985407963e-05,0.0035434914592508823,2.4366725983997625e-06,0.0,0.0,0.0,0.0
9.79972,0.0041940893434806795,0.003992247137964501,3.6576233537483145e-05,0.004130374336151224,2.838765259396282e-06,0.0,0.0,0.0,0.0
9.81667,0.00487347803713826,0.004642546726864676,4.2474516491954966e-05,0.004803210988893707,3.3007984094107918e-06,0.0,0.0,0.0,0.0
9.83306,0.005647701255251091,0.0053868957869323076,4.9218385226053844e-05,0.005573369384309356,3.83074855650269e-06,0.0,0.0,0.0,0.0
9.85,0.006524087112983674,0.006232631723584059,5.6872449824031946e-05,0.006448442926330546,4.43390093371923e-06,0.0,0.0,0.0,0.0
9.86639,0.007536158422520456,0.007212089481158121,6.572692118326018e-05,0.007461889087102686,5.133234620221932e-06,0.0,0.0,0.0,0.0
9.88333,0.008679747269480636,0.008320653549901486,7.573721278353867e-05,0.00860893150966377,5.925127680711717e-06,0.0,0.0,0.0,0.0
9.9,0.009987035377080322,0.009588118257208466,8.716905098458238e-05,0.009920395691448201,6.830185836260084e-06,0.0,0.0,0.0,0.0
9.91639,0.011475177709452429,0.011028663042982325,0.00010014618286910574,0.011410947438882761,7.85739684077221e-06,0.0,0.0,0.0,0.0
9.93333,0.013176684743104647,0.012669904813260269,0.00011491236090403192,0.013109152568071578,9.024710437550979e-06,0.0,0.0,0.0,0.0
9.94972,0.015129140964110603,0.01454376573895892,0.00013174902916759384,0.015048030112237732,1.0352871117303019e-05,0.0,0.0,0.0,0.0
9.96667,0.017353999210407974,0.016667392267498023,0.00015080455941210276,0.017245312820427787,1.1852455803230728e-05,0.0,0.0,0.0,0.0
9.98306,0.019890941054595834,0.019074922368989746,0.00017237918744786554,0.019736313207070054,1.3545882610904435e-05,0.0,0.0,0.0,0.0
10.0,0.022777652669546213,0.02179787889195097,0.00019674867743546027,0.02255363608280921,1.5453437936544785e-05,0.0,0.0,0.0,0.0
10.01639,0.026045415207114564,0.024861169174309798,0.0002241288339673327,0.025723039891553733,1.7590560811566798e-05,0.0,0.0,0.0,0.0
10.03333,0.029754802032703257,0.02831651979099791,0.00025497425918762,0.02929802955578858,1.9991166615922196e-05,0.0,0.0,0.0,0.0
10.05,0.033931346508158204,0.03218237651959175,0.0002894414629786462,0.033297675051356314,2.2665822814207235e-05,0.0,0.0,0.0,0.0
10.06639,0.0386050185363527,0.03648128743939286,0.00032772351260648973,0.03774529041265869,2.5628004705167343e-05,0.0,0.0,0.0,0.0
10.08333,0.04384377743678444,0.04127053069477436,0.0003703221799015043,0.04270012028984391,2.891509636690175e-05,0.0,0.0,0.0,0.0
10.09972,0.049694699744227716,0.04658795760572786,0.0004175654327314004,0.0482013096141263,3.255107773646711e-05,0.0,0.0,0.0,0.0
10.11667,0.05616802881193946,0.05243847375219723,0.0004694886894538382,0.054253920062510064,3.653771228121014e-05,0.0,0.0,0.0,0.0
10.13306,0.0633158227420578,0.05886574712722614,0.0005264719314133747,0.060903116863229,4.090367549887629e-05,0.0,0.0,0.0,0.0
10.15,0.07117069469248069,0.06589690714768714,0.0005887485468698782,0.06817695756654318,4.5666895407461914e-05,0.0,0.0,0.0,0.0
10.16639,0.07975847876508972,0.07355463891456858,0.0006565132343835373,0.07609890571049246,5.0843061131190585e-05,0.0,0.0,0.0,0.0
10.18333,0.089071018839629,0.08183359894370976,0.0007297139419413983,0.08466343460323712,5.642995457858942e-05,0.0,0.0,0.0,0.0
10.2,0.09910544967883582,0.09073488411108392,0.0008083546388964148,0.09387168496899877,6.243034714655095e-05,0.0,0.0,0.0,0.0
10.21639,0.1098128670514502,0.1002099522140543,0.0008919737996493676,0.10367343204164844,6.880835357771353e-05,0.0,0.0,0.0,0.0
10.23333,0.12112590892330548,0.11018590168586428,0.0009798690657167217,0.11399323973880246,7.550693377102612e-05,0.0,0.0,0.0,0.0
10.24972,0.13284746838357456,0.1204718293433602,0.0010702832782773664,0.12463360031696559,8.238746347625726e-05,0.0,0.0,0.0,0.0
10.26667,0.14479276814838885,0.1308846573751743,0.001161515970274219,0.13540510009637843,8.931452492376305e-05,0.0,0.0,0.0,0.0
10.28306,0.1567973407281977,0.14125501644249588,0.0012519711522927686,0.14613250321265264,9.615930450823337e-05,0.0,0.0,0.0,0.0
10.3,0.16849959100725767,0.151240371494705,0.00133853247546303,0.1564614451717238,0.00010267692507494708,0.0,0.0,0.0,0.0
10.31639,0.17965717377724563,0.16059988186967136,0.0014189685041574105,0.16614275839782547,0.00010868895466270329,0.0,0.0,0.0,0.0
10.33333,0.18988448519058737,0.16897253162090706,0.001490019585106518,0.1748029706074401,0.0001139401076569801,0.0,0.0,0.0,0.0
10.35,0.19885069059562782,0.1760489508555119,0.0015489003809006155,0.18212204152130132,0.00011821236167944689,0.0,0.0,0.0,0.0
10.36639,0.20626785998494793,0.18155912816593422,0.0015931846914940403,0.18782064828945189,0.00012131586698834853,0.0,0.0,0.0,0.0
10.38333,0.21177166685951423,0.18518920887118023,0.0016201632017687308,0.19157414608153925,0.00012304601475771293,0.0,0.0,0.0,0.0
10.39972,0.21509595427712858,0.18670809505354866,0.001627853061476296,0.19314347439993096,0.00012325475809207487,0.0,0.0,0.0,0.0
10.41667,0.21559944555362517,0.1855604943557324,0.001611527642910301,0.1919540503887158,0.00012160161896603926,0.0,0.0,0.0,0.0
10.43306,0.21258685137559702,0.18116312109971505,0.0015663284241826895,0.187402291457663,0.00011774769234647724,0.0,0.0,0.0,0.0
10.45,0.20553145415656646,0.17310779936271614,0.0014890171686681283,0.1790658558826045,0.0001114793780841529,0.0,0.0,0.0,0.0
10.46639,0.19449144294511678,0.16160224727580288,0.0013820749065357753,0.16715980846751702,0.0001030304063572772,0.0,0.0,0.0,0.0
10.48333,0.1796434498530317,0.1469246770414681,0.0012484080395473262,0.15197219067172563,9.264787800392347e-05,0.0,0.0,0.0,0.0
10.5,0.1617686860683274,0.12993096444674973,0.0010960580920606308,0.13438883321639783,8.096480382726962e-05,0.0,0.0,0.0,0.0
10.51639,0.14196844002908596,0.11172223738876692,0.00093500067267289,0.11554929528984724,6.874253619734523e-05,0.0,0.0,0.0,0.0
10.53333,0.12138061524707468,0.09336834706373326,0.0007746685468951904,0.09656067853959459,5.668440845619214e-05,0.0,0.0,0.0,0.0
10.54972,0.10129199012964296,0.07599831558846365,0.0006247425018750244,0.07859113579256599,4.549879630724905e-05,0.0,0.0,0.0,0.0
10.56667,0.08272338871058314,0.06042837703969986,0.0004919318439120719,0.06248500875625663,3.5661484067292994e-05,0.0,0.0,0.0,0.0
10.58306,0.06631552869468395,0.047092545566627876,0.0003795044722723657,0.04869105156508425,2.7388671044549357e-05,0.0,0.0,0.0,0.0
10.6,0.05233061983396175,0.03608078707569079,0.0002877493862404715,0.03730201294791664,2.0677731798729398e-05,0.0,0.0,0.0,0.0
10.61639,0.0411899065377528,0.027581435221025418,0.00021773520669608114,0.02851227293316666,1.558492274865157e-05,0.0,0.0,0.0,0.0
10.63333,0.03249935957232034,0.021151140376374528,0.00016534041435629468,0.021862899662468283,1.1792258463903253e-05,0.0,0.0,0.0,0.0
10.65,0.026004101703778336,0.01648198564613804,0.0001276808476346482,0.017035104567954894,9.077807645969886e-06,0.0,0.0,0.0,0.0
10.66639,0.021238363825621782,0.01314485909056635,0.00010101017480087711,0.013584885049507067,7.16237410417277e-06,0.0,0.0,0.0,0.0
10.68333,0.01778613791585012,0.010782767560855444,8.22824909667808e-05,0.01114292797148832,5.8214448531120445e-06,0.0,0.0,0.0,0.0
10.69972,0.015537320644988965,0.009272878562979816,7.038892153795312e-05,0.009582085008404627,4.971854606586216e-06,0.0,0.0,0.0,0.0
10.71667,0.014168791631559612,0.008366485691282876,6.328241449453446e-05,0.008645146906854476,4.465052954025649e-06,0.0,0.0,0.0,0.0
10.73306,0.013548612636328438,0.00795908525798031,6.009713157889973e-05,0.008224028747854308,4.238113634222224e-06,0.0,0.0,0.0,0.0
10.75,0.013567672120613635,0.007971573231403867,6.0194683527137567e-05,0.008236937095939775,4.245061742038755e-06,0.0,0.0,0.0,0.0
10.76639,0.014228028374227032,0.008405510916234033,6.358783429142948e-05,0.00868548655394777,4.4868202865746094e-06,0.0,0.0,0.0,0.0
