Time (s),Time Step (s),Dose Rate (rad/s),Dose (rad),Total Dose (rad),A,B,Z
0.0,20000.0,0.0023,46.0,46.0,1.0,1.0,1.0
20000.0,20000.0,0.0023,46.0,92.0,0.998660897399117,1.0,1.0
40000.0,20000.0,0.0023,46.0,138.0,0.9973235879940096,1.0,1.0
60000.0,20000.0,0.0023,46.0,184.0,0.9959880693834049,1.0,1.0
80000.0,20000.0,0.0023,46.0,230.0,0.9946543391692451,1.0,1.0
100000.0,20000.0,0.0023,46.0,276.0,0.993322394956684,1.0,1.0
120000.0,20000.0,0.0023,46.0,322.0,0.9919922343540821,1.0,1.0
140000.0,20000.0,0.0023,46.0,368.0,0.9906638549730028,1.0,1.0
160000.0,20000.0,0.0023,46.0,414.0,0.9893372544282076,1.0,1.0
180000.0,20000.0,0.0023,46.0,460.0,0.9880124303376523,1.0,1.0
200000.0,20000.0,0.0023,46.0,506.0,0.9866893803224824,1.0,1.0
220000.0,20000.0,0.0023,46.0,552.0,0.985368102007029,1.0,1.0
240000.0,20000.0,0.0023,46.0,598.0,0.9840485930188041,1.0,1.0
260000.0,20000.0,0.0023,46.0,644.0,0.9827308509884973,1.0,1.0
280000.0,20000.0,0.0023,46.0,690.0,0.9814148735499706,1.0,1.0
300000.0,20000.0,0.0023,46.0,736.0,0.9801006583402546,1.0,1.0
320000.0,20000.0,0.0023,46.0,782.0,0.978788202999544,1.0,1.0
340000.0,20000.0,0.0023,46.0,828.0,0.9774775051711937,1.0,1.0
360000.0,20000.0,0.0023,46.0,874.0,0.9761685625017144,1.0,1.0
380000.0,20000.0,0.0023,46.0,920.0,0.974861372640768,1.0,1.0
400000.0,20000.0,0.0023,46.0,966.0,0.9735559332411644,1.0,1.0
420000.0,20000.0,0.0023,46.0,1012.0,0.9722522419588561,1.0,1.0
440000.0,20000.0,0.0023,46.0,1058.0,0.9709502964529345,1.0,1.0
460000.0,20000.0,0.0023,46.0,1104.0,0.9696500943856263,1.0,1.0
480000.0,20000.0,0.0023,46.0,1150.0,0.968351633422288,1.0,1.0
500000.0,20000.0,0.0023,46.0,1196.0,0.9670549112314029,1.0,1.0
520000.0,20000.0,0.0023,46.0,1242.0,0.9657599254845762,1.0,1.0
540000.0,20000.0,0.0023,46.0,1288.0,0.9644666738565312,1.0,1.0
560000.0,20000.0,0.0023,46.0,1334.0,0.9631751540251048,1.0,1.0
580000.0,20000.0,0.0023,46.0,1380.0,0.961885363671244,1.0,1.0
600000.0,20000.0,0.0023,46.0,1426.0,0.9605973004790004,1.0,1.0
620000.0,20000.0,0.0023,46.0,1472.0,0.9593109621355279,1.0,1.0
640000.0,20000.0,0.0023,46.0,1518.0,0.9580263463310766,1.0,1.0
660000.0,20000.0,0.0023,46.0,1564.0,0.95674345075899,1.0,1.0
680000.0,20000.0,0.0023,46.0,1610.0,0.9554622731157009,1.0,1.0
700000.0,20000.0,0.0023,46.0,1656.0,0.9541828111007262,1.0,1.0
720000.0,20000.0,0.0023,46.0,1702.0,0.9529050624166633,1.0,1.0
740000.0,20000.0,0.0023,46.0,1748.0,0.9516290247691865,1.0,1.0
760000.0,20000.0,0.0023,46.0,1794.0,0.9503546958670424,1.0,1.0
780000.0,20000.0,0.0023,46.0,1840.0,0.9490820734220453,1.0,1.0
800000.0,20000.0,0.0023,46.0,1886.0,0.9478111551490744,1.0,1.0
820000.0,20000.0,0.0023,46.0,1932.0,0.9465419387660684,1.0,1.0
840000.0,20000.0,0.0023,46.0,1978.0,0.9452744219940219,1.0,1.0
860000.0,20000.0,0.0023,46.0,2024.0,0.9440086025569814,1.0,1.0
880000.0,20000.0,0.0023,46.0,2070.0,0.9427444781820415,1.0,1.0
900000.0,20000.0,0.0023,46.0,2116.0,0.9414820465993399,1.0,1.0
920000.0,20000.0,0.0023,46.0,2162.0,0.9402213055420539,1.0,1.0
940000.0,20000.0,0.0023,46.0,2208.0,0.938962252746397,1.0,1.0
960000.0,20000.0,0.0023,46.0,2254.0,0.9377048859516133,1.0,1.0
980000.0,20000.0,0.0023,46.0,2300.0,0.9364492028999747,1.0,1.0
1000000.0,20000.0,0.0023,46.0,2346.0,0.9351952013367766,1.0,1.0
1020000.0,20000.0,0.0023,46.0,2392.0,0.9339428790103331,1.0,1.0
1040000.0,20000.0,0.0023,46.0,2438.0,0.9326922336719742,1.0,1.0
1060000.0,20000.0,0.0023,46.0,2484.0,0.9314432630760406,1.0,1.0
1080000.0,20000.0,0.0023,46.0,2530.0,0.9301959649798806,1.0,1.0
1100000.0,20000.0,0.0023,46.0,2576.0,0.9289503371438451,1.0,1.0
1120000.0,20000.0,0.0023,46.0,2622.0,0.9277063773312846,1.0,1.0
1140000.0,20000.0,0.0023,46.0,2668.0,0.9264640833085445,1.0,1.0
1160000.0,20000.0,0.0023,46.0,2714.0,0.9252234528449613,1.0,1.0
1180000.0,20000.0,0.0023,46.0,2760.0,0.9239844837128587,1.0,1.0
1200000.0,20000.0,0.0023,46.0,2806.0,0.9227471736875432,1.0,1.0
1220000.0,20000.0,0.0023,46.0,2852.0,0.9215115205473008,1.0,1.0
1240000.0,20000.0,0.0023,46.0,2898.0,0.9202775220733922,1.0,1.0
1260000.0,20000.0,0.0023,46.0,2944.0,0.9190451760500495,1.0,1.0
1280000.0,20000.0,0.0023,46.0,2990.0,0.917814480264472,1.0,1.0
1300000.0,20000.0,0.0023,46.0,3036.0,0.9165854325068217,1.0,1.0
1320000.0,20000.0,0.0023,46.0,3082.0,0.9153580305702202,1.0,1.0
1340000.0,20000.0,0.0023,46.0,3128.0,0.9141322722507446,1.0,1.0
1360000.0,20000.0,0.0023,46.0,3174.0,0.9129081553474224,1.0,1.0
1380000.0,20000.0,0.0023,46.0,3220.0,0.9116856776622294,1.0,1.0
1400000.0,20000.0,0.0023,46.0,3266.0,0.9104648370000841,1.0,1.0
1420000.0,20000.0,0.0023,46.0,3312.0,0.9092456311688447,1.0,1.0
1440000.0,20000.0,0.0023,46.0,3358.0,0.908028057979305,1.0,1.0
1460000.0,20000.0,0.0023,46.0,3404.0,0.9068121152451901,1.0,1.0
1480000.0,20000.0,0.0023,46.0,3450.0,0.9055978007831531,1.0,1.0
1500000.0,20000.0,0.0023,46.0,3496.0,0.9043851124127704,1.0,1.0
1520000.0,20000.0,0.0023,46.0,3542.0,0.9031740479565384,1.0,1.0
1540000.0,20000.0,0.0023,46.0,3588.0,0.9019646052398699,1.0,1.0
1560000.0,20000.0,0.0023,46.0,3634.0,0.900756782091089,1.0,1.0
1580000.0,20000.0,0.0023,46.0,3680.0,0.8995505763414274,1.0,1.0
1600000.0,20000.0,0.0023,46.0,3726.0,0.8983459858250229,1.0,1.0
1620000.0,20000.0,0.0023,46.0,3772.0,0.8971430083789118,1.0,1.0
1640000.0,20000.0,0.0023,46.0,3818.0,0.8959416418430276,1.0,1.0
1660000.0,20000.0,0.0023,46.0,3864.0,0.8947418840601962,1.0,1.0
1680000.0,20000.0,0.0023,46.0,3910.0,0.8935437328761322,1.0,1.0
1700000.0,20000.0,0.0023,46.0,3956.0,0.892347186139435,1.0,1.0
1720000.0,20000.0,0.0023,46.0,4002.0,0.891152241701585,1.0,1.0
1740000.0,20000.0,0.0023,46.0,4048.0,0.8899588974169398,1.0,1.0
1760000.0,20000.0,0.0023,46.0,4094.0,0.8887671511427297,1.0,1.0
1780000.0,20000.0,0.0023,46.0,4140.0,0.887577000739055,1.0,1.0
1800000.0,20000.0,0.0023,46.0,4186.0,0.8863884440688815,1.0,1.0
1820000.0,20000.0,0.0023,46.0,4232.0,0.8852014789980361,1.0,1.0
1840000.0,20000.0,0.0023,46.0,4278.0,0.8840161033952044,1.0,1.0
1860000.0,20000.0,0.0023,46.0,4324.0,0.8828323151319254,1.0,1.0
1880000.0,20000.0,0.0023,46.0,4370.0,0.8816501120825886,1.0,1.0
1900000.0,20000.0,0.0023,46.0,4416.0,0.88046949212443,1.0,1.0
1920000.0,20000.0,0.0023,46.0,4462.0,0.8792904531375281,1.0,1.0
1940000.0,20000.0,0.0023,46.0,4508.0,0.8781129930048,1.0,1.0
1960000.0,20000.0,0.0023,46.0,4554.0,0.8769371096119981,1.0,1.0
1980000.0,20000.0,0.0023,46.0,4600.0,0.8757628008477059,1.0,1.0
2000000.0,20000.0,0.0023,46.0,4646.0,0.8745900646033339,1.0,1.0
2020000.0,20000.0,0.0023,46.0,4692.0,0.8734188987731173,1.0,1.0
2040000.0,20000.0,0.0023,46.0,4738.0,0.8722493012541097,1.0,1.0
2060000.0,20000.0,0.0023,46.0,4784.0,0.8710812699461818,1.0,1.0
2080000.0,20000.0,0.0023,46.0,4830.0,0.8699148027520166,1.0,1.0
2100000.0,20000.0,0.0023,46.0,4876.0,0.8687498975771046,1.0,1.0
2120000.0,20000.0,0.0023,46.0,4922.0,0.8675865523297424,1.0,1.0
2140000.0,20000.0,0.0023,46.0,4968.0,0.8664247649210265,1.0,1.0
2160000.0,20000.0,0.0023,46.0,5014.0,0.8652645332648512,1.0,1.0
2180000.0,20000.0,0.0023,46.0,5060.0,0.8641058552779044,1.0,1.0
2200000.0,20000.0,0.0023,46.0,5106.0,0.8629487288796636,1.0,1.0
2220000.0,20000.0,0.0023,46.0,5152.0,0.861793151992392,1.0,1.0
2240000.0,20000.0,0.0023,46.0,5198.0,0.8606391225411358,1.0,1.0
2260000.0,20000.0,0.0023,46.0,5244.0,0.8594866384537193,1.0,1.0
2280000.0,20000.0,0.0023,46.0,5290.0,0.8583356976607418,1.0,1.0
2300000.0,20000.0,0.0023,46.0,5336.0,0.8571862980955736,1.0,1.0
2320000.0,20000.0,0.0023,46.0,5382.0,0.8560384376943524,1.0,1.0
2340000.0,20000.0,0.0023,46.0,5428.0,0.8548921143959801,1.0,1.0
2360000.0,20000.0,0.0023,46.0,5474.0,0.853747326142118,1.0,1.0
2380000.0,20000.0,0.0023,46.0,5520.0,0.8526040708771842,1.0,1.0
2400000.0,20000.0,0.0023,46.0,5566.0,0.851462346548349,1.0,1.0
2420000.0,20000.0,0.0023,46.0,5612.0,0.8503221511055322,1.0,1.0
2440000.0,20000.0,0.0023,46.0,5658.0,0.8491834825013984,1.0,1.0
2460000.0,20000.0,0.0023,46.0,5704.0,0.8480463386913538,1.0,1.0
2480000.0,20000.0,0.0023,46.0,5750.0,0.846910717633543,1.0,1.0
2500000.0,20000.0,0.0023,46.0,5796.0,0.8457766172888441,1.0,1.0
2520000.0,20000.0,0.0023,46.0,5842.0,0.8446440356208665,1.0,1.0
2540000.0,20000.0,0.0023,46.0,5888.0,0.8435129705959463,1.0,1.0
2560000.0,20000.0,0.0023,46.0,5934.0,0.8423834201831427,1.0,1.0
2580000.0,20000.0,0.0023,46.0,5980.0,0.8412553823542347,1.0,1.0
2600000.0,20000.0,0.0023,46.0,6026.0,0.8401288550837174,1.0,1.0
2620000.0,20000.0,0.0023,46.0,6072.0,0.8390038363487977,1.0,1.0
2640000.0,20000.0,0.0023,46.0,6118.0,0.8378803241293924,1.0,1.0
2660000.0,20000.0,0.0023,46.0,6164.0,0.8367583164081219,1.0,1.0
2680000.0,20000.0,0.0023,46.0,6210.0,0.8356378111703093,1.0,1.0
2700000.0,20000.0,0.0023,46.0,6256.0,0.834518806403975,1.0,1.0
2720000.0,20000.0,0.0023,46.0,6302.0,0.8334013000998335,1.0,1.0
2740000.0,20000.0,0.0023,46.0,6348.0,0.8322852902512905,1.0,1.0
2760000.0,20000.0,0.0023,46.0,6394.0,0.8311707748544385,1.0,1.0
2780000.0,20000.0,0.0023,46.0,6440.0,0.8300577519080529,1.0,1.0
2800000.0,20000.0,0.0023,46.0,6486.0,0.8289462194135897,1.0,1.0
2820000.0,20000.0,0.0023,46.0,6532.0,0.8278361753751807,1.0,1.0
2840000.0,20000.0,0.0023,46.0,6578.0,0.8267276177996309,1.0,1.0
2860000.0,20000.0,0.0023,46.0,6624.0,0.8256205446964135,1.0,1.0
2880000.0,20000.0,0.0023,46.0,6670.0,0.824514954077668,1.0,1.0
2900000.0,20000.0,0.0023,46.0,6716.0,0.8234108439581957,1.0,1.0
2920000.0,20000.0,0.0023,46.0,6762.0,0.822308212355456,1.0,1.0
2940000.0,20000.0,0.0023,46.0,6808.0,0.8212070572895633,1.0,1.0
2960000.0,20000.0,0.0023,46.0,6854.0,0.8201073767832833,1.0,1.0
2980000.0,20000.0,0.0023,46.0,6900.0,0.8190091688620296,1.0,1.0
3000000.0,20000.0,0.0023,46.0,6946.0,0.8179124315538594,1.0,1.0
3020000.0,20000.0,0.0023,46.0,6992.0,0.816817162889471,1.0,1.0
3040000.0,20000.0,0.0023,46.0,7038.0,0.8157233609021999,1.0,1.0
3060000.0,20000.0,0.0023,46.0,7084.0,0.8146310236280149,1.0,1.0
3080000.0,20000.0,0.0023,46.0,7130.0,0.8135401491055144,1.0,1.0
3100000.0,20000.0,0.0023,46.0,7176.0,0.8124507353759244,1.0,1.0
3120000.0,20000.0,0.0023,46.0,7222.0,0.8113627804830932,1.0,1.0
3140000.0,20000.0,0.0023,46.0,7268.0,0.8102762824734886,1.0,1.0
3160000.0,20000.0,0.0023,46.0,7314.0,0.8091912393961945,1.0,1.0
3180000.0,20000.0,0.0023,46.0,7360.0,0.8081076493029072,1.0,1.0
3200000.0,20000.0,0.0023,46.0,7406.0,0.8070255102479323,1.0,1.0
3220000.0,20000.0,0.0023,46.0,7452.0,0.8059448202881804,1.0,1.0
3240000.0,20000.0,0.0023,46.0,7498.0,0.8048655774831642,1.0,1.0
3260000.0,20000.0,0.0023,46.0,7544.0,0.8037877798949954,1.0,1.0
3280000.0,20000.0,0.0023,46.0,7590.0,0.8027114255883799,1.0,1.0
3300000.0,20000.0,0.0023,46.0,7636.0,0.8016365126306161,1.0,1.0
3320000.0,20000.0,0.0023,46.0,7682.0,0.8005630390915898,1.0,1.0
3340000.0,20000.0,0.0023,46.0,7728.0,0.7994910030437712,1.0,1.0
3360000.0,20000.0,0.0023,46.0,7774.0,0.7984204025622127,1.0,1.0
3380000.0,20000.0,0.0023,46.0,7820.0,0.7973512357245436,1.0,1.0
3400000.0,20000.0,0.0023,46.0,7866.0,0.7962835006109674,1.0,1.0
3420000.0,20000.0,0.0023,46.0,7912.0,0.795217195304259,1.0,1.0
3440000.0,20000.0,0.0023,46.0,7958.0,0.7941523178897603,1.0,1.0
3460000.0,20000.0,0.0023,46.0,8004.0,0.7930888664553768,1.0,1.0
3480000.0,20000.0,0.0023,46.0,8050.0,0.7920268390915751,1.0,1.0
3500000.0,20000.0,0.0023,46.0,8096.0,0.7909662338913784,1.0,1.0
3520000.0,20000.0,0.0023,46.0,8142.0,0.7899070489503638,1.0,1.0
3540000.0,20000.0,0.0023,46.0,8188.0,0.7888492823666585,1.0,1.0
3560000.0,20000.0,0.0023,46.0,8234.0,0.7877929322409366,1.0,1.0
3580000.0,20000.0,0.0023,46.0,8280.0,0.7867379966764155,1.0,1.0
3600000.0,20000.0,0.0023,46.0,8326.0,0.7856844737788526,1.0,1.0
3620000.0,20000.0,0.0023,46.0,8372.0,0.7846323616565419,1.0,1.0
3640000.0,20000.0,0.0023,46.0,8418.0,0.7835816584203107,1.0,1.0
3660000.0,20000.0,0.0023,46.0,8464.0,0.7825323621835159,1.0,1.0
3680000.0,20000.0,0.0023,46.0,8510.0,0.7814844710620407,1.0,1.0
3700000.0,20000.0,0.0023,46.0,8556.0,0.7804379831742918,1.0,1.0
3720000.0,20000.0,0.0023,46.0,8602.0,0.7793928966411953,1.0,1.0
3740000.0,20000.0,0.0023,46.0,8648.0,0.7783492095861932,1.0,1.0
3760000.0,20000.0,0.0023,46.0,8694.0,0.7773069201352412,1.0,1.0
3780000.0,20000.0,0.0023,46.0,8740.0,0.7762660264168036,1.0,1.0
3800000.0,20000.0,0.0023,46.0,8786.0,0.7752265265618518,1.0,1.0
3820000.0,20000.0,0.0023,46.0,8832.0,0.7741884187038593,1.0,1.0
3840000.0,20000.0,0.0023,46.0,8878.0,0.7731517009787994,1.0,1.0
3860000.0,20000.0,0.0023,46.0,8924.0,0.7721163715251418,1.0,1.0
3880000.0,20000.0,0.0023,46.0,8970.0,0.7710824284838479,1.0,1.0
3900000.0,20000.0,0.0023,46.0,9016.0,0.77004986999837,1.0,1.0
3920000.0,20000.0,0.0023,46.0,9062.0,0.7690186942146455,1.0,1.0
3940000.0,20000.0,0.0023,46.0,9108.0,0.767988899281095,1.0,1.0
3960000.0,20000.0,0.0023,46.0,9154.0,0.7669604833486184,1.0,1.0
3980000.0,20000.0,0.0023,46.0,9200.0,0.7659334445705918,1.0,1.0
4000000.0,20000.0,0.0023,46.0,9246.0,0.764907781102864,1.0,1.0
4020000.0,20000.0,0.0023,46.0,9292.0,0.7638834911037535,1.0,1.0
4040000.0,20000.0,0.0023,46.0,9338.0,0.7628605727340448,1.0,1.0
4060000.0,20000.0,0.0023,46.0,9384.0,0.7618390241569856,1.0,1.0
4080000.0,20000.0,0.0023,46.0,9430.0,0.7608188435382828,1.0,1.0
4100000.0,20000.0,0.0023,46.0,9476.0,0.7598000290460999,1.0,1.0
4120000.0,20000.0,0.0023,46.0,9522.0,0.758782578851053,1.0,1.0
4140000.0,20000.0,0.0023,46.0,9568.0,0.757766491126209,1.0,1.0
4160000.0,20000.0,0.0023,46.0,9614.0,0.7567517640470798,0.9999999999999999,1.0
4180000.0,20000.0,0.0023,46.0,9660.0,0.7557383957916216,0.9999999999999999,1.0
4200000.0,20000.0,0.0023,46.0,9706.0,0.7547263845402299,0.9999999999999999,1.0
4220000.0,20000.0,0.0023,46.0,9752.0,0.7537157284757371,0.9999999999999999,1.0
4240000.0,20000.0,0.0023,46.0,9798.0,0.7527064257834087,1.0,1.0
4260000.0,20000.0,0.0023,46.0,9844.0,0.7516984746509409,0.9999999999999997,1.0
4280000.0,20000.0,0.0023,46.0,9890.0,0.7506918732684559,0.9999999999999993,1.0
4300000.0,20000.0,0.0023,46.0,9936.0,0.7496866198285004,0.9999999999999991,1.0
4320000.0,20000.0,0.0023,46.0,9982.0,0.7486827125260408,0.999999999999999,1.0
4340000.0,20000.0,0.0023,46.0,10028.0,0.7476801495584611,0.9999999999999982,1.0
4360000.0,20000.0,0.0023,46.0,10074.0,0.7466789291255587,0.9999999999999973,1.0
4380000.0,20000.0,0.0023,46.0,10120.0,0.7456790494295421,0.9999999999999962,1.0
4400000.0,20000.0,0.0023,46.0,10166.0,0.744680508675027,0.9999999999999947,1.0
4420000.0,20000.0,0.0023,46.0,10212.0,0.7436833050690332,0.9999999999999925,1.0
4440000.0,20000.0,0.0023,46.0,10258.0,0.7426874368209821,0.9999999999999893,1.0
4460000.0,20000.0,0.0023,46.0,10304.0,0.7416929021426921,0.9999999999999849,1.0
4480000.0,20000.0,0.0023,46.0,10350.0,0.7406996992483763,0.9999999999999787,1.0
4500000.0,20000.0,0.0023,46.0,10396.0,0.7397078263546395,0.99999999999997,1.0
4520000.0,20000.0,0.0023,46.0,10442.0,0.7387172816804745,0.999999999999958,1.0
4540000.0,20000.0,0.0023,46.0,10488.0,0.7377280634472589,0.9999999999999415,1.0
4560000.0,20000.0,0.0023,46.0,10534.0,0.7367401698787523,0.9999999999999187,1.0
4580000.0,20000.0,0.0023,46.0,10580.0,0.7357535992010926,0.9999999999998873,1.0
4600000.0,20000.0,0.0023,46.0,10626.0,0.7347683496427934,0.9999999999998443,1.0
4620000.0,20000.0,0.0023,46.0,10672.0,0.7337844194347403,0.9999999999997857,1.0
4640000.0,20000.0,0.0023,46.0,10718.0,0.7328018068101877,0.9999999999997059,1.0
4660000.0,20000.0,0.0023,46.0,10764.0,0.7318205100047566,0.9999999999995975,1.0
4680000.0,20000.0,0.0023,46.0,10810.0,0.7308405272564296,0.9999999999994513,1.0
4700000.0,20000.0,0.0023,46.0,10856.0,0.7298618568055497,0.9999999999992543,1.0
4720000.0,20000.0,0.0023,46.0,10902.0,0.728884496894816,0.9999999999989893,1.0
4740000.0,20000.0,0.0023,46.0,10948.0,0.7279084457692809,0.9999999999986342,1.0
4760000.0,20000.0,0.0023,46.0,10994.0,0.7269337016763465,0.9999999999981599,1.0
4780000.0,20000.0,0.0023,46.0,11040.0,0.7259602628657622,0.9999999999975284,1.0
4800000.0,20000.0,0.0023,46.0,11086.0,0.724988127589621,0.9999999999966898,1.0
4820000.0,20000.0,0.0023,46.0,11132.0,0.7240172941023564,0.9999999999955794,1.0
4840000.0,20000.0,0.0023,46.0,11178.0,0.7230477606607395,0.9999999999941135,1.0
4860000.0,20000.0,0.0023,46.0,11224.0,0.7220795255238761,0.9999999999921838,1.0
4880000.0,20000.0,0.0023,46.0,11270.0,0.7211125869532028,0.9999999999896504,1.0
4900000.0,20000.0,0.0023,46.0,11316.0,0.7201469432124842,0.9999999999863338,1.0
4920000.0,20000.0,0.0023,46.0,11362.0,0.7191825925678104,0.9999999999820038,1.0
4940000.0,20000.0,0.0023,46.0,11408.0,0.7182195332875931,0.9999999999763662,1.0
4960000.0,20000.0,0.0023,46.0,11454.0,0.7172577636425628,0.9999999999690461,1.0
4980000.0,20000.0,0.0023,46.0,11500.0,0.7162972819057654,0.9999999999595659,1.0
5000000.0,20000.0,0.0023,46.0,11546.0,0.7153380863525599,0.9999999999473211,1.0
5020000.0,20000.0,0.0023,46.0,11592.0,0.7143801752606145,0.9999999999315465,1.0
5040000.0,20000.0,0.0023,46.0,11638.0,0.7134235469099037,0.9999999999112772,1.0
5060000.0,20000.0,0.0023,46.0,11684.0,0.7124681995827056,0.9999999998852989,1.0
5080000.0,20000.0,0.0023,46.0,11730.0,0.7115141315635978,0.9999999998520871,1.0
5100000.0,20000.0,0.0023,46.0,11776.0,0.710561341139456,0.9999999998097346,1.0
5120000.0,20000.0,0.0023,46.0,11822.0,0.7096098265994493,0.9999999997558592,1.0
5140000.0,20000.0,0.0023,46.0,11868.0,0.7086595862350378,0.9999999996874938,1.0
5160000.0,20000.0,0.0023,46.0,11914.0,0.7077106183399697,0.999999999600951,1.0
5180000.0,20000.0,0.0023,46.0,11960.0,0.7067629212102782,0.9999999994916612,1.0
5200000.0,20000.0,0.0023,46.0,12006.0,0.7058164931442777,0.9999999993539734,1.0
5220000.0,20000.0,0.0023,46.0,12052.0,0.7048713324425622,0.9999999991809165,1.0
5240000.0,20000.0,0.0023,46.0,12098.0,0.7039274374080005,0.9999999989639117,1.0
5260000.0,20000.0,0.0023,46.0,12144.0,0.7029848063457345,0.9999999986924256,1.0
5280000.0,20000.0,0.0023,46.0,12190.0,0.7020434375631756,0.9999999983535557,1.0
5300000.0,20000.0,0.0023,46.0,12236.0,0.7011033293700019,0.9999999979315326,1.0
5320000.0,20000.0,0.0023,46.0,12282.0,0.7001644800781548,0.9999999974071283,1.0
5340000.0,20000.0,0.0023,46.0,12328.0,0.6992268880018362,0.9999999967569493,1.0
5360000.0,20000.0,0.0023,46.0,12374.0,0.6982905514575055,0.9999999959525983,1.0
5380000.0,20000.0,0.0023,46.0,12420.0,0.6973554687638768,0.999999994959679,1.0
5400000.0,20000.0,0.0023,46.0,12466.0,0.696421638241915,0.9999999937366219,1.0
5420000.0,20000.0,0.0023,46.0,12512.0,0.6954890582148341,0.9999999922332954,1.0
5440000.0,20000.0,0.0023,46.0,12558.0,0.6945577270080929,0.9999999903893732,1.0
5460000.0,20000.0,0.0023,46.0,12604.0,0.6936276429493929,0.9999999881324149,1.0
5480000.0,20000.0,0.0023,46.0,12650.0,0.692698804368675,0.9999999853756181,1.0
5500000.0,20000.0,0.0023,46.0,12696.0,0.6917712095981164,0.9999999820151875,1.0
5520000.0,20000.0,0.0023,46.0,12742.0,0.6908448569721277,0.9999999779272645,1.0
5540000.0,20000.0,0.0023,46.0,12788.0,0.6899197448273497,0.999999972964355,1.0
5560000.0,20000.0,0.0023,46.0,12834.0,0.6889958715026507,0.9999999669511741,1.0
5580000.0,20000.0,0.0023,46.0,12880.0,0.6880732353391238,0.9999999596798304,1.0
5600000.0,20000.0,0.0023,46.0,12926.0,0.6871518346800833,0.9999999509042534,1.0
5620000.0,20000.0,0.0023,46.0,12972.0,0.6862316678710616,0.9999999403337592,1.0
5640000.0,20000.0,0.0023,46.0,13018.0,0.6853127332598071,0.9999999276256359,1.0
5660000.0,20000.0,0.0023,46.0,13064.0,0.6843950291962807,0.9999999123766179,1.0
5680000.0,20000.0,0.0023,46.0,13110.0,0.6834785540326525,0.9999998941131015,1.0
5700000.0,20000.0,0.0023,46.0,13156.0,0.6825633061232996,0.9999998722799412,1.0
5720000.0,20000.0,0.0023,46.0,13202.0,0.6816492838248027,0.9999998462276439,1.0
5740000.0,20000.0,0.0023,46.0,13248.0,0.6807364854959428,0.9999998151977636,1.0
5760000.0,20000.0,0.0023,46.0,13294.0,0.6798249094976991,0.9999997783062742,1.0
5780000.0,20000.0,0.0023,46.0,13340.0,0.6789145541932458,0.9999997345246827,1.0
5800000.0,20000.0,0.0023,46.0,13386.0,0.6780054179479482,0.9999996826586112,1.0
5820000.0,20000.0,0.0023,46.0,13432.0,0.6770974991293613,0.9999996213235662,1.0
5840000.0,20000.0,0.0023,46.0,13478.0,0.6761907961072258,0.9999995489175648,1.0
5860000.0,20000.0,0.0023,46.0,13524.0,0.6752853072534655,0.9999994635902861,1.0
5880000.0,20000.0,0.0023,46.0,13570.0,0.6743810309421843,0.9999993632083608,1.0
5900000.0,20000.0,0.0023,46.0,13616.0,0.6734779655496633,0.9999992453163982,1.0
5920000.0,20000.0,0.0023,46.0,13662.0,0.6725761094543584,0.9999991070933067,1.0
5940000.0,20000.0,0.0023,46.0,13708.0,0.6716754610368963,0.9999989453034355,1.0
5960000.0,20000.0,0.0023,46.0,13754.0,0.6707760186800725,0.999998756242021,1.0
5980000.0,20000.0,0.0023,46.0,13800.0,0.6698777807688481,0.9999985356743974,1.0
6000000.0,20000.0,0.0023,46.0,13846.0,0.6689807456903467,0.999998278768377,1.0
6020000.0,20000.0,0.0023,46.0,13892.0,0.6680849118338521,0.9999979800191766,1.0
6040000.0,20000.0,0.0023,46.0,13938.0,0.6671902775908045,0.9999976331662269,1.0
6060000.0,20000.0,0.0023,46.0,13984.0,0.6662968413547989,0.999997231101148,1.0
6080000.0,20000.0,0.0023,46.0,14030.0,0.6654046015215807,0.9999967657661505,1.0
6100000.0,20000.0,0.0023,46.0,14076.0,0.6645135564890435,0.9999962280420696,1.0
6120000.0,20000.0,0.0023,46.0,14122.0,0.663623704657227,0.9999956076251939,1.0
6140000.0,20000.0,0.0023,46.0,14168.0,0.6627350444283129,0.9999948928920255,1.0
6160000.0,20000.0,0.0023,46.0,14214.0,0.6618475742066225,0.99999407075105,1.0
6180000.0,20000.0,0.0023,46.0,14260.0,0.6609612923986143,0.999993126480571,1.0
6200000.0,20000.0,0.0023,46.0,14306.0,0.6600761974128804,0.999992043551618,1.0
6220000.0,20000.0,0.0023,46.0,14352.0,0.6591922876601439,0.9999908034349015,1.0
6240000.0,20000.0,0.0023,46.0,14398.0,0.6583095615532562,0.999989385390766,1.0
6260000.0,20000.0,0.0023,46.0,14444.0,0.6574280175071938,0.9999877662410492,1.0
6280000.0,20000.0,0.0023,46.0,14490.0,0.6565476539390567,0.9999859201217429,1.0
6300000.0,20000.0,0.0023,46.0,14536.0,0.6556684692680633,0.9999838182153178,1.0
6320000.0,20000.0,0.0023,46.0,14582.0,0.6547904619155493,0.9999814284615712,1.0
6340000.0,20000.0,0.0023,46.0,14628.0,0.6539136303049649,0.9999787152458335,1.0
6360000.0,20000.0,0.0023,46.0,14674.0,0.6530379728618707,0.9999756390633706,1.0
6380000.0,20000.0,0.0023,46.0,14720.0,0.652163488013936,0.9999721561588228,1.0
6400000.0,20000.0,0.0023,46.0,14766.0,0.6512901741909356,0.9999682181395231,1.0
6420000.0,20000.0,0.0023,46.0,14812.0,0.650418029824747,0.9999637715615605,1.0
6440000.0,20000.0,0.0023,46.0,14858.0,0.6495470533493474,0.9999587574874769,1.0
6460000.0,20000.0,0.0023,46.0,14904.0,0.6486772432008114,0.9999531110145214,1.0
6480000.0,20000.0,0.0023,46.0,14950.0,0.6478085978173074,0.9999467607724275,1.0
6500000.0,20000.0,0.0023,46.0,14996.0,0.6469411156390961,0.9999396283897366,1.0
6520000.0,20000.0,0.0023,46.0,15042.0,0.6460747951085255,0.9999316279277546,1.0
6540000.0,20000.0,0.0023,46.0,15088.0,0.6452096346700307,0.9999226652813031,1.0
6560000.0,20000.0,0.0023,46.0,15134.0,0.6443456327701292,0.9999126375455176,1.0
6580000.0,20000.0,0.0023,46.0,15180.0,0.6434827878574192,0.999901432348043,1.0
6600000.0,20000.0,0.0023,46.0,15226.0,0.6426210983825759,0.9998889271460918,1.0
6620000.0,20000.0,0.0023,46.0,15272.0,0.6417605627983494,0.9998749884879472,1.0
6640000.0,20000.0,0.0023,46.0,15318.0,0.6409011795595618,0.9998594712386502,1.0
6660000.0,20000.0,0.0023,46.0,15364.0,0.6400429471231048,0.999842217769731,1.0
6680000.0,20000.0,0.0023,46.0,15410.0,0.6391858639479354,0.9998230571130415,1.0
6700000.0,20000.0,0.0023,46.0,15456.0,0.6383299284950751,0.9998018040788936,1.0
6720000.0,20000.0,0.0023,46.0,15502.0,0.6374751392276058,0.9997782583389183,1.0
6740000.0,20000.0,0.0023,46.0,15548.0,0.6366214946106679,0.9997522034742524,1.0
6760000.0,20000.0,0.0023,46.0,15594.0,0.6357689931114566,0.9997234059898668,1.0
6780000.0,20000.0,0.0023,46.0,15640.0,0.6349176331992203,0.9996916142960935,1.0
6800000.0,20000.0,0.0023,46.0,15686.0,0.6340674133452566,0.9996565576586267,1.0
6820000.0,20000.0,0.0023,46.0,15732.0,0.633218332022911,0.999617945118529,1.0
6840000.0,20000.0,0.0023,46.0,15778.0,0.6323703877075723,0.9995754643840218,1.0
6860000.0,20000.0,0.0023,46.0,15824.0,0.6315235788766715,0.9995287806961133,1.0
6880000.0,20000.0,0.0023,46.0,15870.0,0.6306779040096789,0.9994775356703746,1.0
6900000.0,20000.0,0.0023,46.0,15916.0,0.6298333615881002,0.9994213461174591,1.0
6920000.0,20000.0,0.0023,46.0,15962.0,0.6289899500954745,0.999359802845242,1.0
6940000.0,20000.0,0.0023,46.0,16008.0,0.6281476680173725,0.9992924694457344,1.0
6960000.0,20000.0,0.0023,46.0,16054.0,0.6273065138413918,0.9992188810702197,1.0
6980000.0,20000.0,0.0023,46.0,16100.0,0.6264664860571559,0.9991385431963401,1.0
7000000.0,20000.0,0.0023,46.0,16146.0,0.6256275831563107,0.9990509303911471,1.0
7020000.0,20000.0,0.0023,46.0,16192.0,0.6247898036325219,0.9989554850744158,1.0
7040000.0,20000.0,0.0023,46.0,16238.0,0.6239531459814724,0.9988516162867842,1.0
7060000.0,20000.0,0.0023,46.0,16284.0,0.6231176087008595,0.9987386984675631,1.0
7080000.0,20000.0,0.0023,46.0,16330.0,0.622283190290392,0.9986160702473124,1.0
7100000.0,20000.0,0.0023,46.0,16376.0,0.6214498892517886,0.998483033260519,1.0
7120000.0,20000.0,0.0023,46.0,16422.0,0.6206177040887728,0.998338850983967,1.0
7140000.0,20000.0,0.0023,46.0,16468.0,0.6197866333070737,0.9981827476065847,1.0
7160000.0,20000.0,0.0023,46.0,16514.0,0.6189566754144196,0.9980139069367727,1.0
7180000.0,20000.0,0.0023,46.0,16560.0,0.6181278289205381,0.9978314713533873,1.0
7200000.0,20000.0,0.0023,46.0,16606.0,0.6173000923371526,0.9976345408067213,1.0
7220000.0,20000.0,0.0023,46.0,16652.0,0.6164734641779785,0.9974221718759535,1.0
7240000.0,20000.0,0.0023,46.0,16698.0,0.6156479429587225,0.997193376889657,1.0
7260000.0,20000.0,0.0023,46.0,16744.0,0.6148235271970781,0.996947123116037,1.0
7280000.0,20000.0,0.0023,46.0,16790.0,0.6140002154127244,0.9966823320296199,1.0
7300000.0,20000.0,0.0023,46.0,16836.0,0.6131780061273225,0.9963978786611531,1.0
7320000.0,20000.0,0.0023,46.0,16882.0,0.6123568978645131,0.9960925910374565,1.0
7340000.0,20000.0,0.0023,46.0,16928.0,0.611536889149914,0.9957652497179295,1.0
7360000.0,20000.0,0.0023,46.0,16974.0,0.6107179785111175,0.9954145874343541,1.0
7380000.0,20000.0,0.0023,46.0,17020.0,0.6099001644776874,0.9950392888405085,1.0
7400000.0,20000.0,0.0023,46.0,17066.0,0.6090834455811563,0.9946379903779792,1.0
7420000.0,20000.0,0.0023,46.0,17112.0,0.6082678203550236,0.994209280264362,1.0
7440000.0,20000.0,0.0023,46.0,17158.0,0.6074532873347529,0.9937516986098396,1.0
7460000.0,20000.0,0.0023,46.0,17204.0,0.6066398450577679,0.9932637376678577,1.0
7480000.0,20000.0,0.0023,46.0,17250.0,0.6058274920634518,0.9927438422253333,1.0
7500000.0,20000.0,0.0023,46.0,17296.0,0.6050162268931432,0.992190410137505,1.0
7520000.0,20000.0,0.0023,46.0,17342.0,0.6042060480901341,0.9916017930121583,1.0
7540000.0,20000.0,0.0023,46.0,17388.0,0.6033969541996673,0.9909762970475806,1.0
7560000.0,20000.0,0.0023,46.0,17434.0,0.6025889437689337,0.990312184028137,1.0
7580000.0,20000.0,0.0023,46.0,17480.0,0.6017820153470694,0.9896076724809184,1.0
7600000.0,20000.0,0.0023,46.0,17526.0,0.6009761674851534,0.9888609389963989,1.0
7620000.0,20000.0,0.0023,46.0,17572.0,0.6001713987362054,0.9880701197155111,1.0
7640000.0,20000.0,0.0023,46.0,17618.0,0.5993677076551822,0.9872333119849956,1.0
7660000.0,20000.0,0.0023,46.0,17664.0,0.5985650927989759,0.9863485761822952,1.0
7680000.0,20000.0,0.0023,46.0,17710.0,0.5977635527264109,0.985413937710652,1.0
7700000.0,20000.0,0.0023,46.0,17756.0,0.5969630859982419,0.9844273891644495,1.0
7720000.0,20000.0,0.0023,46.0,17802.0,0.5961636911771505,0.9833868926641802,1.0
7740000.0,20000.0,0.0023,46.0,17848.0,0.595365366827743,0.9822903823597643,1.0
7760000.0,20000.0,0.0023,46.0,17894.0,0.5945681115165485,0.9811357671002678,1.0
7780000.0,20000.0,0.0023,46.0,17940.0,0.5937719238120145,0.9799209332673843,1.0
7800000.0,20000.0,0.0023,46.0,17986.0,0.5929768022845066,0.978643747769349,1.0
7820000.0,20000.0,0.0023,46.0,18032.0,0.592182745506304,0.9773020611912591,1.0
7840000.0,20000.0,0.0023,46.0,18078.0,0.5913897520515985,0.9758937110970933,1.0
7860000.0,20000.0,0.0023,46.0,18124.0,0.5905978204964906,0.9744165254779931,1.0
7880000.0,20000.0,0.0023,46.0,18170.0,0.5898069494189879,0.9728683263407492,1.0
7900000.0,20000.0,0.0023,46.0,18216.0,0.5890171373990021,0.9712469334296975,1.0
7920000.0,20000.0,0.0023,46.0,18262.0,0.5882283830183465,0.9695501680746026,1.0
7940000.0,20000.0,0.0023,46.0,18308.0,0.5874406848607332,0.9677758571564848,1.0
7960000.0,20000.0,0.0023,46.0,18354.0,0.5866540415117718,0.9659218371826692,1.0
7980000.0,20000.0,0.0023,46.0,18400.0,0.5858684515589649,0.963985958461804,1.0
8000000.0,20000.0,0.0023,46.0,18446.0,0.5850839135917068,0.9619660893689903,1.0
8020000.0,20000.0,0.0023,46.0,18492.0,0.5843004262012814,0.9598601206906231,1.0
8040000.0,20000.0,0.0023,46.0,18538.0,0.5835179879808582,0.9576659700380772,1.0
8060000.0,20000.0,0.0023,46.0,18584.0,0.5827365975254909,0.9553815863188708,1.0
8080000.0,20000.0,0.0023,46.0,18630.0,0.5819562534321148,0.9530049542535178,1.0
8100000.0,20000.0,0.0023,46.0,18676.0,0.5811769542995439,0.9505340989259283,1.0
8120000.0,20000.0,0.0023,46.0,18722.0,0.5803986987284679,0.9479670903548179,1.0
8140000.0,20000.0,0.0023,46.0,18768.0,0.5796214853214515,0.9453020480733454,1.0
8160000.0,20000.0,0.0023,46.0,18814.0,0.57884531268293,0.9425371457039451,1.0
8180000.0,20000.0,0.0023,46.0,18860.0,0.5780701794192074,0.9396706155150618,1.0
8200000.0,20000.0,0.0023,46.0,18906.0,0.5772960841384541,0.9367007529464728,1.0
8220000.0,20000.0,0.0023,46.0,18952.0,0.5765230254507048,0.9336259210896451,1.0
8240000.0,20000.0,0.0023,46.0,18998.0,0.5757510019678547,0.9304445551096585,1.0
8260000.0,20000.0,0.0023,46.0,19044.0,0.5749800123036586,0.9271551665951613,1.0
8280000.0,20000.0,0.0023,46.0,19090.0,0.574210055073727,0.9237563478229447,1.0
8300000.0,20000.0,0.0023,46.0,19136.0,0.5734411288955245,0.9202467759237725,1.0
8320000.0,20000.0,0.0023,46.0,19182.0,0.5726732323883673,0.9166252169363949,1.0
8340000.0,20000.0,0.0023,46.0,19228.0,0.5719063641734199,0.9128905297367544,1.0
8360000.0,20000.0,0.0023,46.0,19274.0,0.5711405228736939,0.9090416698298248,1.0
8380000.0,20000.0,0.0023,46.0,19320.0,0.5703757071140438,0.9050776929917195,1.0
8400000.0,20000.0,0.0023,46.0,19366.0,0.569611915521167,0.9009977587501923,1.0
8420000.0,20000.0,0.0023,46.0,19412.0,0.5688491467235987,0.8968011336920128,1.0
8440000.0,20000.0,0.0023,46.0,19458.0,0.568087399351711,0.8924871945862283,1.0
8460000.0,20000.0,0.0023,46.0,19504.0,0.5673266720377104,0.8880554313127971,1.0
8480000.0,20000.0,0.0023,46.0,19550.0,0.5665669634156343,0.8835054495866583,1.0
8500000.0,20000.0,0.0023,46.0,19596.0,0.56580827212135,0.87883697346794,1.0
8520000.0,20000.0,0.0023,46.0,19642.0,0.5650505967925511,0.8740498476495837,1.0
8540000.0,20000.0,0.0023,46.0,19688.0,0.5642939360687558,0.8691440395143618,1.0
8560000.0,20000.0,0.0023,46.0,19734.0,0.5635382885913034,0.8641196409540435,1.0
8580000.0,20000.0,0.0023,46.0,19780.0,0.5627836530033539,0.858976869944002,1.0
8600000.0,20000.0,0.0023,46.0,19826.0,0.5620300279498824,0.8537160718676058,1.0
8620000.0,20000.0,0.0023,46.0,19872.0,0.5612774120776804,0.8483377205851766,1.0
8640000.0,20000.0,0.0023,46.0,19918.0,0.5605258040353502,0.8428424192434059,1.0
8660000.0,20000.0,0.0023,46.0,19964.0,0.5597752024733045,0.8372309008217091,1.0
8680000.0,20000.0,0.0023,46.0,20010.0,0.5590256060437626,0.8315040284129498,1.0
8700000.0,20000.0,0.0023,46.0,20056.0,0.5582770134007492,0.8256627952367206,1.0
8720000.0,20000.0,0.0023,46.0,20102.0,0.5575294232000911,0.8197083243842609,1.0
8740000.0,20000.0,0.0023,46.0,20148.0,0.5567828340994152,0.8136418682948579,1.0
8760000.0,20000.0,0.0023,46.0,20194.0,0.5560372447581455,0.8074648079644895,1.0
8780000.0,20000.0,0.0023,46.0,20240.0,0.555292653837502,0.8011786518882453,1.0
8800000.0,20000.0,0.0023,46.0,20286.0,0.554549060000497,0.7947850347388389,1.0
8820000.0,20000.0,0.0023,46.0,20332.0,0.5538064619119332,0.788285715784439,1.0
8840000.0,20000.0,0.0023,46.0,20378.0,0.553064858238401,0.7816825770497495,1.0
8860000.0,20000.0,0.0023,46.0,20424.0,0.5523242476482768,0.7749776212249906,1.0
8880000.0,20000.0,0.0023,46.0,20470.0,0.5515846288117204,0.7681729693283443,1.0
8900000.0,20000.0,0.0023,46.0,20516.0,0.5508460004006716,0.7612708581279836,1.0
8920000.0,20000.0,0.0023,46.0,20562.0,0.5501083610888489,0.7542736373305715,1.0
8940000.0,20000.0,0.0023,46.0,20608.0,0.5493717095517474,0.7471837665437501,1.0
8960000.0,20000.0,0.0023,46.0,20654.0,0.548636044466635,0.7400038120208381,1.0
8980000.0,20000.0,0.0023,46.0,20700.0,0.5479013645125517,0.7327364431964252,1.0
9000000.0,20000.0,0.0023,46.0,20746.0,0.5471676683703055,0.7253844290222767,1.0
9020000.0,20000.0,0.0023,46.0,20792.0,0.5464349547224716,0.7179506341133022,1.0
9040000.0,20000.0,0.0023,46.0,20838.0,0.5457032222533895,0.7104380147139809,1.0
9060000.0,20000.0,0.0023,46.0,20884.0,0.5449724696491597,0.7028496144959566,1.0
9080000.0,20000.0,0.0023,46.0,20930.0,0.5442426955976429,0.6951885601980082,1.0
9100000.0,20000.0,0.0023,46.0,20976.0,0.5435138987884565,0.6874580571199385,1.0
9120000.0,20000.0,0.0023,46.0,21022.0,0.5427860779129728,0.679661384482082,1.0
9140000.0,20000.0,0.0023,46.0,21068.0,0.5420592316643165,0.6718018906627502,1.0
9160000.0,20000.0,0.0023,46.0,21114.0,0.5413333587373621,0.6638829883256958,1.0
9180000.0,20000.0,0.0023,46.0,21160.0,0.5406084578287321,0.655908149450301,1.0
9200000.0,20000.0,0.0023,46.0,21206.0,0.5398845276367943,0.6478809002769992,1.0
9220000.0,20000.0,0.0023,46.0,21252.0,0.5391615668616594,0.6398048161806946,1.0
9240000.0,20000.0,0.0023,46.0,21298.0,0.5384395742051787,0.6316835164849756,1.0
9260000.0,20000.0,0.0023,46.0,21344.0,0.5377185483709424,0.6235206592298453,1.0
9280000.0,20000.0,0.0023,46.0,21390.0,0.5369984880642756,0.6153199359057313,1.0
9300000.0,20000.0,0.0023,46.0,21436.0,0.5362793919922386,0.6070850661664606,1.0
9320000.0,20000.0,0.0023,46.0,21482.0,0.5355612588636218,0.5988197925336689,1.0
9340000.0,20000.0,0.0023,46.0,21528.0,0.5348440873889453,0.5905278751050356,1.0
9360000.0,20000.0,0.0023,46.0,21574.0,0.5341278762804559,0.5822130862785764,1.0
9380000.0,20000.0,0.0023,46.0,21620.0,0.5334126242521245,0.5738792055048633,1.0
9400000.0,20000.0,0.0023,46.0,21666.0,0.5326983300196447,0.5655300140788728,1.0
9420000.0,20000.0,0.0023,46.0,21712.0,0.5319849923004294,0.5571692899828549,1.0
9440000.0,20000.0,0.0023,46.0,21758.0,0.5312726098136091,0.5488008027912729,1.0
9460000.0,20000.0,0.0023,46.0,21804.0,0.5305611812800298,0.5404283086484325,1.0
9480000.0,20000.0,0.0023,46.0,21850.0,0.5298507054222501,0.5320555453292044,1.0
9500000.0,20000.0,0.0023,46.0,21896.0,0.5291411809645394,0.5236862273926228,1.0
9520000.0,20000.0,0.0023,46.0,21942.0,0.5284326066328756,0.5153240414379023,1.0
9540000.0,20000.0,0.0023,46.0,21988.0,0.527724981154942,0.5069726414718235,1.0
9560000.0,20000.0,0.0023,46.0,22034.0,0.5270183032601266,0.4986356443960468,1.0
9580000.0,20000.0,0.0023,46.0,22080.0,0.5263125716795181,0.49031662562232814,1.0
9600000.0,20000.0,0.0023,46.0,22126.0,0.5256077851459046,0.48201911482327886,1.0
9620000.0,20000.0,0.0023,46.0,22172.0,0.5249039423937711,0.4737465918256477,1.0
9640000.0,20000.0,0.0023,46.0,22218.0,0.524201042159298,0.4655024826525258,1.0
9660000.0,20000.0,0.0023,46.0,22264.0,0.5234990831803569,0.4572901557206369,1.0
9680000.0,20000.0,0.0023,46.0,22310.0,0.5227980641965102,0.44911291819800025,1.0
9700000.0,20000.0,0.0023,46.0,22356.0,0.522097983949008,0.440974012526843,1.0
9720000.0,20000.0,0.0023,46.0,22402.0,0.5213988411807862,0.43287661311628245,1.0
9740000.0,20000.0,0.0023,46.0,22448.0,0.5207006346364635,0.4248238232083227,1.0
9760000.0,20000.0,0.0023,46.0,22494.0,0.5200033630623404,0.416818671920689,1.0
9780000.0,20000.0,0.0023,46.0,22540.0,0.5193070252063957,0.40886411146908586,1.0
9800000.0,20000.0,0.0023,46.0,22586.0,0.518611619818285,0.40096301457107675,1.0
9820000.0,20000.0,0.0023,46.0,22632.0,0.5179171456493381,0.39311817203339516,1.0
9840000.0,20000.0,0.0023,46.0,22678.0,0.5172236014525572,0.38533229052369156,1.0
9860000.0,20000.0,0.0023,46.0,22724.0,0.5165309859826139,0.37760799052751093,1.0
9880000.0,20000.0,0.0023,46.0,22770.0,0.5158392979958479,0.36994780449064213,1.0
9900000.0,20000.0,0.0023,46.0,22816.0,0.5151485362502641,0.36235417514653334,1.0
9920000.0,20000.0,0.0023,46.0,22862.0,0.5144586995055302,0.3548294540280017,1.0
9940000.0,20000.0,0.0023,46.0,22908.0,0.5137697865229756,0.3473759001620901,1.0
9960000.0,20000.0,0.0023,46.0,22954.0,0.5130817960655875,0.3399956789463974,1.0
9980000.0,20000.0,0.0023,46.0,23000.0,0.5123947268980104,0.3326908612048144,1.0
10000000.0,20000.0,0.0023,46.0,23046.0,0.5117085777865424,0.32546342242031234,1.0
10020000.0,20000.0,0.0023,46.0,23092.0,0.5110233474991344,0.3183152421418899,1.0
10040000.0,20000.0,0.0023,46.0,23138.0,0.5103390348053863,0.3112481035625243,1.0
10060000.0,20000.0,0.0023,46.0,23184.0,0.5096556384765463,0.3042636932646954,1.0
10080000.0,20000.0,0.0023,46.0,23230.0,0.5089731572855076,0.2973636011295866,1.0
10100000.0,20000.0,0.0023,46.0,23276.0,0.508291590006807,0.29054932040590664,1.0
10120000.0,20000.0,0.0023,46.0,23322.0,0.5076109354166218,0.283822247933906,1.0
10140000.0,20000.0,0.0023,46.0,23368.0,0.5069311922927687,0.2771836845200343,1.0
10160000.0,20000.0,0.0023,46.0,23414.0,0.5062523594147008,0.27063483545730704,1.0
10180000.0,20000.0,0.0023,46.0,23460.0,0.5055744355635055,0.2641768111863616,1.0
10200000.0,20000.0,0.0023,46.0,23506.0,0.5048974195219024,0.25781062809193966,1.0
10220000.0,20000.0,0.0023,46.0,23552.0,0.5042213100742414,0.2515372094293755,1.0
10240000.0,20000.0,0.0023,46.0,23598.0,0.5035461060065004,0.24535738637554738,1.0
10260000.0,20000.0,0.0023,46.0,23644.0,0.5028718061062826,0.2392718991985644,1.0
10280000.0,20000.0,0.0023,46.0,23690.0,0.5021984091628149,0.2332813985404838,1.0
10300000.0,20000.0,0.0023,46.0,23736.0,0.5015259139669457,0.2273864468071044,1.0
10320000.0,20000.0,0.0023,46.0,23782.0,0.5008543193111423,0.22158751965894896,1.0
10340000.0,20000.0,0.0023,46.0,23828.0,0.5001836239894892,0.21588500759744655,1.0
10360000.0,20000.0,0.0023,46.0,23874.0,0.49951382679768574,0.21027921764030555,1.0
10380000.0,20000.0,0.0023,46.0,23920.0,0.4988449265330439,0.20477037508006735,1.0
10400000.0,20000.0,0.0023,46.0,23966.0,0.49817692199448627,0.19935862531978998,1.0
10420000.0,20000.0,0.0023,46.0,24012.0,0.4975098119825436,0.19404403577997753,1.0
10440000.0,20000.0,0.0023,46.0,24058.0,0.49684359529935296,0.18882659787068523,1.0
10460000.0,20000.0,0.0023,46.0,24104.0,0.4961782707486555,0.18370622902298117,1.0
10480000.0,20000.0,0.0023,46.0,24150.0,0.49551383713579433,0.17868277477393257,1.0
10500000.0,20000.0,0.0023,46.0,24196.0,0.49485029326771224,0.17375601089934456,1.0
10520000.0,20000.0,0.0023,46.0,24242.0,0.49418763795294973,0.16892564558862222,1.0
10540000.0,20000.0,0.0023,46.0,24288.0,0.4935258700016427,0.16419132165621986,1.0
10560000.0,20000.0,0.0023,46.0,24334.0,0.4928649882255205,0.15955261878419968,1.0
10580000.0,20000.0,0.0023,46.0,24380.0,0.4922049914379034,0.15500905579065816,1.0
10600000.0,20000.0,0.0023,46.0,24426.0,0.49154587845370135,0.15056009291880268,1.0
10620000.0,20000.0,0.0023,46.0,24472.0,0.49088764808941066,0.14620513414167635,1.0
10640000.0,20000.0,0.0023,46.0,24518.0,0.4902302991631128,0.14194352947764965,1.0
10660000.0,20000.0,0.0023,46.0,24564.0,0.4895738304944718,0.1377745773119694,1.0
10680000.0,20000.0,0.0023,46.0,24610.0,0.48891824090473235,0.13369752671978352,1.0
10700000.0,20000.0,0.0023,46.0,24656.0,0.4882635292167177,0.12971157978632553,1.0
10720000.0,20000.0,0.0023,46.0,24702.0,0.48760969425482725,0.1258158939199583,1.0
10740000.0,20000.0,0.0023,46.0,24748.0,0.4869567348450349,0.12200958415413521,1.0
10760000.0,20000.0,0.0023,46.0,24794.0,0.4863046498148864,0.11829172543435629,1.0
10780000.0,20000.0,0.0023,46.0,24840.0,0.4856534379934978,0.1146613548865183,1.0
10800000.0,20000.0,0.0023,46.0,24886.0,0.48500309821155285,0.11111747406309991,1.0
10820000.0,20000.0,0.0023,46.0,24932.0,0.48435362930130144,0.107659051163988,1.0
10840000.0,20000.0,0.0023,46.0,24978.0,0.48370503009655685,0.10428502322872846,1.0
10860000.0,20000.0,0.0023,46.0,25024.0,0.4830572994326945,0.10099429829737594,1.0
10880000.0,20000.0,0.0023,46.0,25070.0,0.4824104361466486,0.09778575753713337,1.0
10900000.0,20000.0,0.0023,46.0,25116.0,0.48176443907691147,0.09465825733230804,1.0
10920000.0,20000.0,0.0023,46.0,25162.0,0.4811193070635307,0.09161063133512659,1.0
10940000.0,20000.0,0.0023,46.0,25208.0,0.4804750389481067,0.08864169247533105,1.0
10960000.0,20000.0,0.0023,46.0,25254.0,0.479831633573792,0.08575023492646894,1.0
10980000.0,20000.0,0.0023,46.0,25300.0,0.4791890897852874,0.08293503602709129,1.0
11000000.0,20000.0,0.0023,46.0,25346.0,0.4785474064288411,0.08019485815520144,1.0
11020000.0,20000.0,0.0023,46.0,25392.0,0.4779065823522465,0.07752845055446012,1.0
11040000.0,20000.0,0.0023,46.0,25438.0,0.47726661640483947,0.07493455111084102,1.0
11060000.0,20000.0,0.0023,46.0,25484.0,0.47662750743749704,0.0724118880785789,1.0
11080000.0,20000.0,0.0023,46.0,25530.0,0.47598925430263517,0.06995918175440385,1.0
11100000.0,20000.0,0.0023,46.0,25576.0,0.47535185585420614,0.06757514609922766,1.0
11120000.0,20000.0,0.0023,46.0,25622.0,0.47471531094769714,0.0652584903065675,1.0
11140000.0,20000.0,0.0023,46.0,25668.0,0.47407961844012814,0.06300792031717273,1.0
11160000.0,20000.0,0.0023,46.0,25714.0,0.4734447771900493,0.06082214027941524,1.0
11180000.0,20000.0,0.0023,46.0,25760.0,0.4728107860575397,0.05869985395516997,1.0
11200000.0,20000.0,0.0023,46.0,25806.0,0.47217764390420447,0.056639766071026165,1.0
11220000.0,20000.0,0.0023,46.0,25852.0,0.4715453495931734,0.05464058361477875,1.0
11240000.0,20000.0,0.0023,46.0,25898.0,0.4709139019890989,0.05270101707727948,1.0
11260000.0,20000.0,0.0023,46.0,25944.0,0.47028329995815343,0.05081978163985379,1.0
11280000.0,20000.0,0.0023,46.0,25990.0,0.4696535423680275,0.048995598307539856,1.0
11300000.0,20000.0,0.0023,46.0,26036.0,0.46902462808792866,0.047227194988560095,1.0
11320000.0,20000.0,0.0023,46.0,26082.0,0.4683965559885779,0.04551330752051119,1.0
11340000.0,20000.0,0.0023,46.0,26128.0,0.467769324942209,0.04385268064381154,1.0
11360000.0,20000.0,0.0023,46.0,26174.0,0.46714293382256555,0.042244068923091294,1.0
11380000.0,20000.0,0.0023,46.0,26220.0,0.4665173815048995,0.040686237617229115,1.0
11400000.0,20000.0,0.0023,46.0,26266.0,0.4658926668659693,0.03917796349882763,1.0
11420000.0,20000.0,0.0023,46.0,26312.0,0.46526878878403677,0.03771803562400622,1.0
11440000.0,20000.0,0.0023,46.0,26358.0,0.4646457461388662,0.036305256053425716,1.0
11460000.0,20000.0,0.0023,46.0,26404.0,0.46402353781172256,0.03493844052550643,1.0
11480000.0,20000.0,0.0023,46.0,26450.0,0.46340216268536794,0.03361641908288571,1.0
11500000.0,20000.0,0.0023,46.0,26496.0,0.46278161964406106,0.03233803665317625,1.0
11520000.0,20000.0,0.0023,46.0,26542.0,0.4621619075735548,0.031102153585127357,1.0
11540000.0,20000.0,0.0023,46.0,26588.0,0.46154302536109404,0.02990764614135366,1.0
11560000.0,20000.0,0.0023,46.0,26634.0,0.4609249718954136,0.02875340694879458,1.0
11580000.0,20000.0,0.0023,46.0,26680.0,0.4603077460667364,0.027638345408103726,1.0
11600000.0,20000.0,0.0023,46.0,26726.0,0.4596913467667719,0.026561388063216396,1.0
11620000.0,20000.0,0.0023,46.0,26772.0,0.45907577288871315,0.025521478932315045,1.0
11640000.0,20000.0,0.0023,46.0,26818.0,0.4584610233272355,0.02451757980146385,1.0
11660000.0,20000.0,0.0023,46.0,26864.0,0.45784709697849446,0.023548670482192335,1.0
11680000.0,20000.0,0.0023,46.0,26910.0,0.4572339927401239,0.02261374903428215,1.0
11700000.0,20000.0,0.0023,46.0,26956.0,0.4566217095112334,0.021711831955064542,1.0
11720000.0,20000.0,0.0023,46.0,27002.0,0.45601024619240715,0.020841954336499713,1.0
11740000.0,20000.0,0.0023,46.0,27048.0,0.4553996016857016,0.020003169991319347,1.0
11760000.0,20000.0,0.0023,46.0,27094.0,0.45478977489464323,0.019194551549513994,1.0
11780000.0,20000.0,0.0023,46.0,27140.0,0.45418076472422686,0.018415190526437586,1.0
11800000.0,20000.0,0.0023,46.0,27186.0,0.45357257008091356,0.017664197363780443,1.0
11820000.0,20000.0,0.0023,46.0,27232.0,0.452965189872629,0.016940701444670192,1.0
11840000.0,20000.0,0.0023,46.0,27278.0,0.45235862300876106,0.016243851084125627,1.0
11860000.0,20000.0,0.0023,46.0,27324.0,0.45175286840015816,0.015572813496090299,1.0
11880000.0,20000.0,0.0023,46.0,27370.0,0.45114792495912726,0.014926774738236226,1.0
11900000.0,20000.0,0.0023,46.0,27416.0,0.4505437915994315,0.01430493963572721,1.0
11920000.0,20000.0,0.0023,46.0,27462.0,0.449940467236289,0.01370653168509317,1.0
11940000.0,20000.0,0.0023,46.0,27508.0,0.4493379507863704,0.013130792939360258,1.0
11960000.0,20000.0,0.0023,46.0,27554.0,0.44873624116779687,0.012576983875539072,1.0
11980000.0,20000.0,0.0023,46.0,27600.0,0.44813533730013855,0.012044383245569446,1.0
12000000.0,20000.0,0.0023,46.0,27646.0,0.4475352381044124,0.0115322879117703,1.0
12020000.0,20000.0,0.0023,46.0,27692.0,0.4469359425030799,0.011040012667843824,1.0
12040000.0,20000.0,0.0023,46.0,27738.0,0.44633744942004594,0.010566890046427413,1.0
12060000.0,20000.0,0.0023,46.0,27784.0,0.4457397577806561,0.01011227011417859,1.0
12080000.0,20000.0,0.0023,46.0,27830.0,0.445142866511695,0.009675520255340575,1.0
12100000.0,20000.0,0.0023,46.0,27876.0,0.4445467745413847,0.009256024944708008,1.0
12120000.0,20000.0,0.0023,46.0,27922.0,0.44395148079938207,0.008853185510884654,1.0
12140000.0,20000.0,0.0023,46.0,27968.0,0.4433569842167777,0.008466419890686527,1.0
12160000.0,20000.0,0.0023,46.0,28014.0,0.4427632837260935,0.008095162375534759,1.0
12180000.0,20000.0,0.0023,46.0,28060.0,0.44217037826128036,0.007738863350619796,1.0
12200000.0,20000.0,0.0023,46.0,28106.0,0.4415782667577173,0.00739698902762187,1.0
12220000.0,20000.0,0.0023,46.0,28152.0,0.4409869481522086,0.007069021171717926,1.0
12240000.0,20000.0,0.0023,46.0,28198.0,0.4403964213829825,0.006754456823589106,1.0
12260000.0,20000.0,0.0023,46.0,28244.0,0.4398066853896889,0.006452808017105682,1.0
12280000.0,20000.0,0.0023,46.0,28290.0,0.4392177391133978,0.0061636014933422745,1.0
12300000.0,20000.0,0.0023,46.0,28336.0,0.43862958149659714,0.005886378411540938,1.0
12320000.0,20000.0,0.0023,46.0,28382.0,0.4380422114831908,0.005620694057618447,1.0
12340000.0,20000.0,0.0023,46.0,28428.0,0.43745562801849713,0.00536611755077554,1.0
12360000.0,20000.0,0.0023,46.0,28474.0,0.4368698300492466,0.005122231548752243,1.0
12380000.0,20000.0,0.0023,46.0,28520.0,0.4362848165235804,0.004888631952227995,1.0
12400000.0,20000.0,0.0023,46.0,28566.0,0.4357005863910479,0.004664927608857061,1.0
12420000.0,20000.0,0.0023,46.0,28612.0,0.43511713860260537,0.004450740017386323,1.0
12440000.0,20000.0,0.0023,46.0,28658.0,0.4345344721106138,0.00424570303229177,1.0
12460000.0,20000.0,0.0023,46.0,28704.0,0.4339525858688371,0.004049462569331919,1.0
12480000.0,20000.0,0.0023,46.0,28750.0,0.4333714788324403,0.003861676312403306,1.0
12500000.0,20000.0,0.0023,46.0,28796.0,0.4327911499579873,0.003682013422049657,1.0
12520000.0,20000.0,0.0023,46.0,28842.0,0.43221159820343935,0.0035101542459604618,1.0
12540000.0,20000.0,0.0023,46.0,28888.0,0.4316328225281534,0.0033457900317668265,1.0
12560000.0,20000.0,0.0023,46.0,28934.0,0.43105482189287936,0.0031886226424268083,1.0
12580000.0,20000.0,0.0023,46.0,28980.0,0.4304775952597595,0.0030383642744643558,1.0
12600000.0,20000.0,0.0023,46.0,29026.0,0.4299011415923253,0.002894737179309992,1.0
12620000.0,20000.0,0.0023,46.0,29072.0,0.4293254598554963,0.002757473387973608,1.0
12640000.0,20000.0,0.0023,46.0,29118.0,0.4287505490155785,0.002626314439253652,1.0
12660000.0,20000.0,0.0023,46.0,29164.0,0.4281764080402617,0.0025010111116781086,1.0
12680000.0,20000.0,0.0023,46.0,29210.0,0.42760303589861826,0.002381323159345694,1.0
12700000.0,20000.0,0.0023,46.0,29256.0,0.427030431561101,0.002267019051828134,1.0
12720000.0,20000.0,0.0023,46.0,29302.0,0.42645859399954134,0.002157875718271085,1.0
12740000.0,20000.0,0.0023,46.0,29348.0,0.42588752218714765,0.002053678295818595,1.0
12760000.0,20000.0,0.0023,46.0,29394.0,0.4253172150985032,0.0019542198824742396,1.0
12780000.0,20000.0,0.0023,46.0,29440.0,0.4247476717095644,0.0018593012944914111,1.0
12800000.0,20000.0,0.0023,46.0,29486.0,0.42417889099765915,0.0017687308283788061,1.0
12820000.0,20000.0,0.0023,46.0,29532.0,0.4236108719414845,0.0016823240275907203,1.0
12840000.0,20000.0,0.0023,46.0,29578.0,0.4230436135211053,0.00159990345395844,1.0
12860000.0,20000.0,0.0023,46.0,29624.0,0.42247711471795224,0.0015212984639133564,1.0
12880000.0,20000.0,0.0023,46.0,29670.0,0.42191137451481997,0.0014463449895338876,1.0
12900000.0,20000.0,0.0023,46.0,29716.0,0.421346391895865,0.0013748853244454073,1.0
12920000.0,20000.0,0.0023,46.0,29762.0,0.42078216584660455,0.0013067679145872813,1.0
12940000.0,20000.0,0.0023,46.0,29808.0,0.4202186953539142,0.0012418471538550024,1.0
12960000.0,20000.0,0.0023,46.0,29854.0,0.41965597940602606,0.0011799831846166509,1.0
12980000.0,20000.0,0.0023,46.0,29900.0,0.41909401699252735,0.0011210417030923514,1.0
13000000.0,20000.0,0.0023,46.0,29946.0,0.41853280710435814,0.0010648937695838523,1.0
13020000.0,20000.0,0.0023,46.0,29992.0,0.41797234873380984,0.0010114156235261351,1.0
13040000.0,20000.0,0.0023,46.0,30038.0,0.4174126408745231,0.00096048850333319,1.0
13060000.0,20000.0,0.0023,46.0,30084.0,0.4168536825214867,0.0009119984710023177,1.0
13080000.0,20000.0,0.0023,46.0,30130.0,0.4162954726710345,0.0008658362414342147,1.0
13100000.0,20000.0,0.0023,46.0,30176.0,0.4157380103208448,0.0008218970164211026,1.0
13120000.0,20000.0,0.0023,46.0,30222.0,0.41518129446993823,0.000780080323254051,1.0
13140000.0,20000.0,0.0023,46.0,30268.0,0.4146253241186756,0.0007402898578898753,1.0
13160000.0,20000.0,0.0023,46.0,30314.0,0.4140700982687563,0.0007024333326216547,1.0
13180000.0,20000.0,0.0023,46.0,30360.0,0.41351561592321673,0.0006664223281864778,1.0
13200000.0,20000.0,0.0023,46.0,30406.0,0.4129618760864282,0.0006321721502451361,1.0
13220000.0,20000.0,0.0023,46.0,30452.0,0.4124088777640953,0.000599601690163043,1.0
13240000.0,20000.0,0.0023,46.0,30498.0,0.4118566199632542,0.0005686332900228797,1.0
13260000.0,20000.0,0.0023,46.0,30544.0,0.4113051016922704,0.0005391926117911394,1.0
13280000.0,20000.0,0.0023,46.0,30590.0,0.41075432196083783,0.0005112085105640762,1.0
13300000.0,20000.0,0.0023,46.0,30636.0,0.4102042797799763,0.0004846129118152298,1.0
13320000.0,20000.0,0.0023,46.0,30682.0,0.40965497416202945,0.0004593406925629262,1.0
13340000.0,20000.0,0.0023,46.0,30728.0,0.40910640412066446,0.00043532956638037135,1.0
13360000.0,20000.0,0.0023,46.0,30774.0,0.4085585686708686,0.0004125199721617401,1.0
13380000.0,20000.0,0.0023,46.0,30820.0,0.4080114668289483,0.0003908549665672112,1.0
13400000.0,20000.0,0.0023,46.0,30866.0,0.4074650976125276,0.0003702801200571315,1.0
13420000.0,20000.0,0.0023,46.0,30912.0,0.4069194600405457,0.0003507434164393697,1.0
13440000.0,20000.0,0.0023,46.0,30958.0,0.40637455313325543,0.00033219515583904347,1.0
13460000.0,20000.0,0.0023,46.0,31004.0,0.40583037591222193,0.0003145878610113506,1.0
13480000.0,20000.0,0.0023,46.0,31050.0,0.4052869274003206,0.00029787618691168305,1.0
13500000.0,20000.0,0.0023,46.0,31096.0,0.40474420662173494,0.0002820168334403128,1.0
13520000.0,20000.0,0.0023,46.0,31142.0,0.40420221260195544,0.00026696846127804985,1.0
13540000.0,20000.0,0.0023,46.0,31188.0,0.40366094436777744,0.0002526916107309374,1.0
13560000.0,20000.0,0.0023,46.0,31234.0,0.40312040094729973,0.00023914862350182808,1.0
13580000.0,20000.0,0.0023,46.0,31280.0,0.40258058136992214,0.0002263035673062408,1.0
13600000.0,20000.0,0.0023,46.0,31326.0,0.4020414846663447,0.00021412216325622513,1.0
13620000.0,20000.0,0.0023,46.0,31372.0,0.4015031098685651,0.0002025717159259699,1.0
13640000.0,20000.0,0.0023,46.0,31418.0,0.40096545600987743,0.00019162104602887808,1.0
13660000.0,20000.0,0.0023,46.0,31464.0,0.40042852212487046,0.0001812404256218425,1.0
13680000.0,20000.0,0.0023,46.0,31510.0,0.39989230724942526,0.0001714015157638915,1.0
13700000.0,20000.0,0.0023,46.0,31556.0,0.39935681042071436,0.00016207730655404262,1.0
13720000.0,20000.0,0.0023,46.0,31602.0,0.3988220306771997,0.0001532420594736461,1.0
13740000.0,20000.0,0.0023,46.0,31648.0,0.39828796705863034,0.0001448712519620532,1.0
13760000.0,20000.0,0.0023,46.0,31694.0,0.3977546186060418,0.00013694152415177907,1.0
13780000.0,20000.0,0.0023,46.0,31740.0,0.39722198436175327,0.00012943062769799063,1.0
13800000.0,20000.0,0.0023,46.0,31786.0,0.3966900633693664,0.0001223173766286001,1.0
13820000.0,20000.0,0.0023,46.0,31832.0,0.396158854673764,0.00011558160015356922,1.0
13840000.0,20000.0,0.0023,46.0,31878.0,0.39562835732110757,0.00010920409736225878,1.0
13860000.0,20000.0,0.0023,46.0,31924.0,0.3950985703588359,0.00010316659374942638,1.0
13880000.0,20000.0,0.0023,46.0,31970.0,0.3945694928356631,9.745169950670096e-05,1.0
13900000.0,20000.0,0.0023,46.0,32016.0,0.39404112380157785,9.2042869515363e-05,1.0
13920000.0,20000.0,0.0023,46.0,32062.0,0.39351346230784023,8.692436498414224e-05,1.0
13940000.0,20000.0,0.0023,46.0,32108.0,0.3929865074069814,8.208121667330204e-05,1.0
13960000.0,20000.0,0.0023,46.0,32154.0,0.3924602581528007,7.749918964794489e-05,1.0
13980000.0,20000.0,0.0023,46.0,32200.0,0.391934713600365,7.316474950513907e-05,1.0
14000000.0,20000.0,0.0023,46.0,32246.0,0.3914098728060065,6.906503002279685e-05,1.0
14020000.0,20000.0,0.0023,46.0,32292.0,0.3908857348273207,6.518780217668052e-05,1.0
14040000.0,20000.0,0.0023,46.0,32338.0,0.3903622987231653,6.152144447613139e-05,1.0
14060000.0,20000.0,0.0023,46.0,32384.0,0.38983956355365845,5.805491456800649e-05,1.0
14080000.0,20000.0,0.0023,46.0,32430.0,0.38931752838017664,5.4777722062970824e-05,1.0
14100000.0,20000.0,0.0023,46.0,32476.0,0.38879619226535334,5.1679902535184397e-05,1.0
14120000.0,20000.0,0.0023,46.0,32522.0,0.38827555427307736,4.875199265375052e-05,1.0
14140000.0,20000.0,0.0023,46.0,32568.0,0.38775561346849097,4.598500639896308e-05,1.0
14160000.0,20000.0,0.0023,46.0,32614.0,0.3872363689179884,4.33704123244949e-05,1.0
14180000.0,20000.0,0.0023,46.0,32660.0,0.3867178196892138,4.090011182067421e-05,1.0
14200000.0,20000.0,0.0023,46.0,32706.0,0.38619996485106023,3.8566418343877196e-05,1.0
14220000.0,20000.0,0.0023,46.0,32752.0,0.38568280347366724,3.636203757007017e-05,1.0
14240000.0,20000.0,0.0023,46.0,32798.0,0.38516633462841976,3.428004843752941e-05,1.0
14260000.0,20000.0,0.0023,46.0,32844.0,0.3846505573879463,3.231388504132404e-05,1.0
14280000.0,20000.0,0.0023,46.0,32890.0,0.3841354708261169,3.0457319347254597e-05,1.0
14300000.0,20000.0,0.0023,46.0,32936.0,0.38362107401804235,2.8704444689497954e-05,1.0
14320000.0,20000.0,0.0023,46.0,32982.0,0.38310736604007123,2.704966002076148e-05,1.0
14340000.0,20000.0,0.0023,46.0,33028.0,0.3825943459697895,2.548765488497029e-05,1.0
14360000.0,20000.0,0.0023,46.0,33074.0,0.3820820128860182,2.401339507929201e-05,1.0
14380000.0,20000.0,0.0023,46.0,33120.0,0.3815703658688119,2.262210898085204e-05,1.0
14400000.0,20000.0,0.0023,46.0,33166.0,0.38105940399945704,2.1309274505165732e-05,1.0
14420000.0,20000.0,0.0023,46.0,33212.0,0.38054912636047045,2.0070606675748337e-05,1.0
14440000.0,20000.0,0.0023,46.0,33258.0,0.38003953203559737,1.890204577148502e-05,1.0
14460000.0,20000.0,0.0023,46.0,33304.0,0.3795306201098102,1.7799746033997366e-05,1.0
14480000.0,20000.0,0.0023,46.0,33350.0,0.37902238966930635,1.6760064904919325e-05,1.0
14500000.0,20000.0,0.0023,46.0,33396.0,0.37851483980150724,1.5779552775541106e-05,1.0
14520000.0,20000.0,0.0023,46.0,33442.0,0.3780079695950562,1.4854943221842554e-05,1.0
14540000.0,20000.0,0.0023,46.0,33488.0,0.377501778139817,1.39831437062643e-05,1.0
14560000.0,20000.0,0.0023,46.0,33534.0,0.37699626452687207,1.3161226724900388e-05,1.0
14580000.0,20000.0,0.0023,46.0,33580.0,0.37649142784852097,1.2386421380794488e-05,1.0
14600000.0,20000.0,0.0023,46.0,33626.0,0.3759872671982788,1.1656105363133662e-05,1.0
14620000.0,20000.0,0.0023,46.0,33672.0,0.3754837816708747,1.0967797316352446e-05,1.0
14640000.0,20000.0,0.0023,46.0,33718.0,0.37498097036224975,1.03191495789412e-05,1.0
14660000.0,20000.0,0.0023,46.0,33764.0,0.37447883236955604,9.707941277636856e-06,1.0
14680000.0,20000.0,0.0023,46.0,33810.0,0.37397736679115434,9.132071759232474e-06,1.0
14700000.0,20000.0,0.0023,46.0,33856.0,0.37347657272661294,8.589554345683759e-06,1.0
14720000.0,20000.0,0.0023,46.0,33902.0,0.3729764492767058,8.078510397413474e-06,1.0
14740000.0,20000.0,0.0023,46.0,33948.0,0.3724769955434113,7.597163669048612e-06,1.0
14760000.0,20000.0,0.0023,46.0,33994.0,0.3719782106299101,7.143834947043182e-06,1.0
14780000.0,20000.0,0.0023,46.0,34040.0,0.37148009364058376,6.716936954309638e-06,1.0
14800000.0,20000.0,0.0023,46.0,34086.0,0.3709826436810133,6.314969508758317e-06,1.0
14820000.0,20000.0,0.0023,46.0,34132.0,0.37048585985797766,5.9365149240875326e-06,1.0
14840000.0,20000.0,0.0023,46.0,34178.0,0.3699897412794514,5.5802336452748236e-06,1.0
14860000.0,20000.0,0.0023,46.0,34224.0,0.3694942870546041,5.244860100117599e-06,1.0
14880000.0,20000.0,0.0023,46.0,34270.0,0.3689994962937978,4.9291987637145596e-06,1.0
14900000.0,20000.0,0.0023,46.0,34316.0,0.36850536810858625,4.6321204218990886e-06,1.0
14920000.0,20000.0,0.0023,46.0,34362.0,0.3680119016117127,4.3525586255199755e-06,1.0
14940000.0,20000.0,0.0023,46.0,34408.0,0.36751909591710863,4.089506325133385e-06,1.0
14960000.0,20000.0,0.0023,46.0,34454.0,0.36702695013989173,3.842012678889617e-06,1.0
14980000.0,20000.0,0.0023,46.0,34500.0,0.36653546339636534,3.6091800248438943e-06,1.0
15000000.0,20000.0,0.0023,46.0,34546.0,0.3660446348040154,3.390161009031445e-06,1.0
15020000.0,20000.0,0.0023,46.0,34592.0,0.36555446348151,3.184155861424287e-06,1.0
15040000.0,20000.0,0.0023,46.0,34638.0,0.3650649485486974,2.990409814662698e-06,1.0
15060000.0,20000.0,0.0023,46.0,34684.0,0.3645760891266048,2.8082106560134434e-06,1.0
15080000.0,20000.0,0.0023,46.0,34730.0,0.36408788433743555,2.636886407447747e-06,1.0
15100000.0,20000.0,0.0023,46.0,34776.0,0.3636003333045692,2.475803127177656e-06,1.0
15120000.0,20000.0,0.0023,46.0,34822.0,0.3631134351525591,2.32436282610049e-06,1.0
15140000.0,20000.0,0.0023,46.0,34868.0,0.36262718900713087,2.1820014947104838e-06,1.0
15160000.0,20000.0,0.0023,46.0,34914.0,0.3621415939951804,2.0481872330391226e-06,1.0
15180000.0,20000.0,0.0023,46.0,34960.0,0.3616566492447736,1.92241848084862e-06,1.0
15200000.0,20000.0,0.0023,46.0,35006.0,0.36117235388514324,1.8042223399739044e-06,1.0
15220000.0,20000.0,0.0023,46.0,35052.0,0.36068870704668865,1.6931529875918727e-06,1.0
15240000.0,20000.0,0.0023,46.0,35098.0,0.3602057078609733,1.588790173312482e-06,1.0
15260000.0,20000.0,0.0023,46.0,35144.0,0.35972335546072376,1.4907377965389657e-06,1.0
15280000.0,20000.0,0.0023,46.0,35190.0,0.3592416489798279,1.398622560100371e-06,1.0
15300000.0,20000.0,0.0023,46.0,35236.0,0.3587605875533335,1.312092696936773e-06,1.0
15320000.0,20000.0,0.0023,46.0,35282.0,0.3582801703174465,1.2308167642860468e-06,1.0
15340000.0,20000.0,0.0023,46.0,35328.0,0.35780039640952954,1.1544825038178885e-06,1.0
15360000.0,20000.0,0.0023,46.0,35374.0,0.35732126496810057,1.0827957628301021e-06,1.0
15380000.0,20000.0,0.0023,46.0,35420.0,0.3568427751328309,1.0154794753969298e-06,1.0
15400000.0,20000.0,0.0023,46.0,35466.0,0.3563649260445443,9.522726964750206e-07,1.0
15420000.0,20000.0,0.0023,46.0,35512.0,0.3558877168452146,8.929296912985052e-07,1.0
15440000.0,20000.0,0.0023,46.0,35558.0,0.3554111466779648,8.372190728467288e-07,1.0
15460000.0,20000.0,0.0023,46.0,35604.0,0.3549352146870657,7.849229877177066e-07,1.0
15480000.0,20000.0,0.0023,46.0,35650.0,0.35445992001793314,7.358363451892558e-07,1.0
15500000.0,20000.0,0.0023,46.0,35696.0,0.3539852618171284,6.89766090355981e-07,1.0
15520000.0,20000.0,0.0023,46.0,35742.0,0.3535112392323547,6.465305164571333e-07,1.0
15540000.0,20000.0,0.0023,46.0,35788.0,0.35303785141245736,6.059586161732966e-07,1.0
15560000.0,20000.0,0.0023,46.0,35834.0,0.3525650975074207,5.678894667848766e-07,1.0
15580000.0,20000.0,0.0023,46.0,35880.0,0.35209297666836803,5.321716520789721e-07,1.0
15600000.0,20000.0,0.0023,46.0,35926.0,0.3516214880475588,4.986627148984013e-07,1.0
15620000.0,20000.0,0.0023,46.0,35972.0,0.3511506307983878,4.672286399998171e-07,1.0
15640000.0,20000.0,0.0023,46.0,36018.0,0.35068040407538403,4.377433677760223e-07,1.0
15660000.0,20000.0,0.0023,46.0,36064.0,0.35021080703420804,4.100883322921689e-07,1.0
15680000.0,20000.0,0.0023,46.0,36110.0,0.3497418388316511,3.841520279657118e-07,1.0
15700000.0,20000.0,0.0023,46.0,36156.0,0.34927349862563406,3.5982959900593414e-07,1.0
15720000.0,20000.0,0.0023,46.0,36202.0,0.3488057855752049,3.370224527232679e-07,1.0
15740000.0,20000.0,0.0023,46.0,36248.0,0.34833869884053814,3.156378943769411e-07,1.0
15760000.0,20000.0,0.0023,46.0,36294.0,0.3478722375829326,2.955887827837955e-07,1.0
15780000.0,20000.0,0.0023,46.0,36340.0,0.34740640096481035,2.76793205578052e-07,1.0
15800000.0,20000.0,0.0023,46.0,36386.0,0.34694118814971486,2.5917417278975563e-07,1.0
15820000.0,20000.0,0.0023,46.0,36432.0,0.34647659830231015,2.426593282978118e-07,1.0
15840000.0,20000.0,0.0023,46.0,36478.0,0.3460126305883784,2.2718067671512188e-07,1.0
15860000.0,20000.0,0.0023,46.0,36524.0,0.3455492841748191,2.1267432670502018e-07,1.0
15880000.0,20000.0,0.0023,46.0,36570.0,0.3450865582296474,1.9908024984083283e-07,1.0
15900000.0,20000.0,0.0023,46.0,36616.0,0.3446244519219923,1.8634205112277868e-07,1.0
15920000.0,20000.0,0.0023,46.0,36662.0,0.3441629644220956,1.744067548159478e-07,1.0
15940000.0,20000.0,0.0023,46.0,36708.0,0.3437020949013103,1.632246009464211e-07,1.0
15960000.0,20000.0,0.0023,46.0,36754.0,0.3432418425320991,1.527488553421108e-07,1.0
15980000.0,20000.0,0.0023,46.0,36800.0,0.3427822064880325,1.4293562888845202e-07,1.0
16000000.0,20000.0,0.0023,46.0,36846.0,0.34232318594378797,1.3374370810836922e-07,1.0
16020000.0,20000.0,0.0023,46.0,36892.0,0.3418647800751481,1.251343959562945e-07,1.0
16040000.0,20000.0,0.0023,46.0,36938.0,0.34140698805899916,1.1707136127192541e-07,1.0
16060000.0,20000.0,0.0023,46.0,36984.0,0.3409498090733297,1.0952049722678936e-07,1.0
16080000.0,20000.0,0.0023,46.0,37030.0,0.340493242297229,1.024497873203245e-07,1.0
16100000.0,20000.0,0.0023,46.0,37076.0,0.34003728691088575,9.582918125694562e-08,1.0
16120000.0,20000.0,0.0023,46.0,37122.0,0.3395819420955861,8.963047526400203e-08,1.0
16140000.0,20000.0,0.0023,46.0,37168.0,0.339127207033713,8.382720173560898e-08,1.0
16160000.0,20000.0,0.0023,46.0,37214.0,0.33867308090874393,7.83945246496387e-08,1.0
16180000.0,20000.0,0.0023,46.0,37260.0,0.33821956290525,7.330914020275969e-08,1.0
16200000.0,20000.0,0.0023,46.0,37306.0,0.337766652208894,6.854918499499263e-08,1.0
16220000.0,20000.0,0.0023,46.0,37352.0,0.33731434800642957,6.409414832209137e-08,1.0
16240000.0,20000.0,0.0023,46.0,37398.0,0.336862649485699,5.992479035210607e-08,1.0
16260000.0,20000.0,0.0023,46.0,37444.0,0.3364115558356324,5.602306440977145e-08,1.0
16280000.0,20000.0,0.0023,46.0,37490.0,0.3359610662462458,5.237204492303249e-08,1.0
16300000.0,20000.0,0.0023,46.0,37536.0,0.33551117990864,4.8955858922283824e-08,1.0
16320000.0,20000.0,0.0023,46.0,37582.0,0.335061896014999,4.575962198050121e-08,1.0
16340000.0,20000.0,0.0023,46.0,37628.0,0.33461321375858843,4.276937748404208e-08,1.0
16360000.0,20000.0,0.0023,46.0,37674.0,0.33416513233375456,3.9972039900249e-08,1.0
16380000.0,20000.0,0.0023,46.0,37720.0,0.333717650935922,3.7355341930833674e-08,1.0
16400000.0,20000.0,0.0023,46.0,37766.0,0.33327076876159323,3.490778333059552e-08,1.0
16420000.0,20000.0,0.0023,46.0,37812.0,0.33282448500834616,3.261858505521076e-08,1.0
16440000.0,20000.0,0.0023,46.0,37858.0,0.3323787988748339,3.047764363106609e-08,1.0
16460000.0,20000.0,0.0023,46.0,37904.0,0.3319337095607823,2.8475490299051387e-08,1.0
16480000.0,20000.0,0.0023,46.0,37950.0,0.3314892162669887,2.6603251712664644e-08,1.0
16500000.0,20000.0,0.0023,46.0,37996.0,0.3310453181953208,2.485261296758523e-08,1.0
16520000.0,20000.0,0.0023,46.0,38042.0,0.3306020145487154,2.3215783295782444e-08,1.0
16540000.0,20000.0,0.0023,46.0,38088.0,0.33015930453117603,2.1685463535980887e-08,1.0
16560000.0,20000.0,0.0023,46.0,38134.0,0.32971718734777267,2.0254815491504985e-08,1.0
16580000.0,20000.0,0.0023,46.0,38180.0,0.32927566220463933,1.891743350856956e-08,1.0
16600000.0,20000.0,0.0023,46.0,38226.0,0.32883472830897365,1.7667317386838022e-08,1.0
16620000.0,20000.0,0.0023,46.0,38272.0,0.3283943848690345,1.649884751042663e-08,1.0
16640000.0,20000.0,0.0023,46.0,38318.0,0.3279546310941409,1.5406760534020236e-08,1.0
16660000.0,20000.0,0.0023,46.0,38364.0,0.3275154661946711,1.4386127844545626e-08,1.0
16680000.0,20000.0,0.0023,46.0,38410.0,0.32707688938206037,1.3432333911822525e-08,1.0
16700000.0,20000.0,0.0023,46.0,38456.0,0.32663889986880024,1.254105730374988e-08,1.0
16720000.0,20000.0,0.0023,46.0,38502.0,0.32620149686843636,1.170825192353675e-08,1.0
16740000.0,20000.0,0.0023,46.0,38548.0,0.3257646795955679,1.0930129912267716e-08,1.0
16760000.0,20000.0,0.0023,46.0,38594.0,0.32532844726584553,1.020314532862443e-08,1.0
16780000.0,20000.0,0.0023,46.0,38640.0,0.3248927990959707,9.523979049852471e-09,1.0
16800000.0,20000.0,0.0023,46.0,38686.0,0.32445773430369307,8.889524227839729e-09,1.0
16820000.0,20000.0,0.0023,46.0,38732.0,0.32402325210781036,8.296873521551618e-09,1.0
16840000.0,20000.0,0.0023,46.0,38778.0,0.3235893517281663,7.74330533026557e-09,1.0
16860000.0,20000.0,0.0023,46.0,38824.0,0.32315603238564905,7.226273579519216e-09,1.0
16880000.0,20000.0,0.0023,46.0,38870.0,0.3227232933021904,6.743395619679404e-09,1.0
16900000.0,20000.0,0.0023,46.0,38916.0,0.3222911337007639,6.292442011890387e-09,1.0
16920000.0,20000.0,0.0023,46.0,38962.0,0.3218595528053836,5.871326758111195e-09,1.0
16940000.0,20000.0,0.0023,46.0,39008.0,0.3214285498411029,5.478098863420655e-09,1.0
16960000.0,20000.0,0.0023,46.0,39054.0,0.3209981240340126,5.1109328991216785e-09,1.0
16980000.0,20000.0,0.0023,46.0,39100.0,0.32056827461124004,4.768121453224694e-09,1.0
17000000.0,20000.0,0.0023,46.0,39146.0,0.3201390008009476,4.448067580931081e-09,1.0
17020000.0,20000.0,0.0023,46.0,39192.0,0.31971030183233085,4.149277588183509e-09,1.0
17040000.0,20000.0,0.0023,46.0,39238.0,0.3192821769356182,3.870354925439301e-09,1.0
17060000.0,20000.0,0.0023,46.0,39284.0,0.3188546253420681,3.6099929712207768e-09,1.0
17080000.0,20000.0,0.0023,46.0,39330.0,0.318427646283969,3.366970702245453e-09,1.0
17100000.0,20000.0,0.0023,46.0,39376.0,0.31800123899463695,3.1401459210655958e-09,1.0
17120000.0,20000.0,0.0023,46.0,39422.0,0.3175754027084152,2.9284509261984226e-09,1.0
17140000.0,20000.0,0.0023,46.0,39468.0,0.31715013666067193,2.7308875161224933e-09,1.0
17160000.0,20000.0,0.0023,46.0,39514.0,0.31672544008779924,2.5465226594079127e-09,1.0
17180000.0,20000.0,0.0023,46.0,39560.0,0.3163013122272118,2.3744839428019304e-09,1.0
17200000.0,20000.0,0.0023,46.0,39606.0,0.3158777523173457,2.2139562405598667e-09,1.0
17220000.0,20000.0,0.0023,46.0,39652.0,0.31545475959765645,2.0641773845753164e-09,1.0
17240000.0,20000.0,0.0023,46.0,39698.0,0.31503233330861824,1.924435277800285e-09,1.0
17260000.0,20000.0,0.0023,46.0,39744.0,0.3146104726917225,1.7940643415315094e-09,1.0
17280000.0,20000.0,0.0023,46.0,39790.0,0.3141891769894759,1.672442628830595e-09,1.0
17300000.0,20000.0,0.0023,46.0,39836.0,0.31376844544540006,1.55898938203336e-09,1.0
17320000.0,20000.0,0.0023,46.0,39882.0,0.31334827730402903,1.4531611469692507e-09,1.0
17340000.0,20000.0,0.0023,46.0,39928.0,0.312928671810909,1.354450995805223e-09,1.0
17360000.0,20000.0,0.0023,46.0,39974.0,0.3125096282125961,1.2623848633097623e-09,1.0
17380000.0,20000.0,0.0023,46.0,40020.0,0.31209114575665575,1.1765199925406478e-09,1.0
17400000.0,20000.0,0.0023,46.0,40066.0,0.3116732236916604,1.096442936443509e-09,1.0
17420000.0,20000.0,0.0023,46.0,40112.0,0.3112558612671893,1.0217674484280792e-09,1.0
17440000.0,20000.0,0.0023,46.0,40158.0,0.31083905773382625,9.52132706011355e-10,1.0
17460000.0,20000.0,0.0023,46.0,40204.0,0.31042281234315894,8.872019785499674e-10,1.0
17480000.0,20000.0,0.0023,46.0,40250.0,0.3100071243477768,8.266600737272256e-10,1.0
17500000.0,20000.0,0.0023,46.0,40296.0,0.3095919930012704,7.702136706200235e-10,1.0
17520000.0,20000.0,0.0023,46.0,40342.0,0.3091774175582298,7.175882110743714e-10,1.0
17540000.0,20000.0,0.0023,46.0,40388.0,0.3087633972742433,6.685274556161858e-10,1.0
17560000.0,20000.0,0.0023,46.0,40434.0,0.30834993140589595,6.227924842505672e-10,1.0
17580000.0,20000.0,0.0023,46.0,40480.0,0.3079370192107681,5.801596980603563e-10,1.0
17600000.0,20000.0,0.0023,46.0,40526.0,0.30752465994743483,5.404205971615283e-10,1.0
17620000.0,20000.0,0.0023,46.0,40572.0,0.3071128528754635,5.03380892524774e-10,1.0
17640000.0,20000.0,0.0023,46.0,40618.0,0.30670159725541346,4.688585075740548e-10,1.0
17660000.0,20000.0,0.0023,46.0,40664.0,0.30629089234883367,4.3668424432041775e-10,1.0
17680000.0,20000.0,0.0023,46.0,40710.0,0.3058807374182626,4.066996739382489e-10,1.0
17700000.0,20000.0,0.0023,46.0,40756.0,0.30547113172722584,3.787574698321805e-10,1.0
17720000.0,20000.0,0.0023,46.0,40802.0,0.30506207454023526,3.527191871910418e-10,1.0
17740000.0,20000.0,0.0023,46.0,40848.0,0.30465356512278763,3.2845659525548854e-10,1.0
17760000.0,20000.0,0.0023,46.0,40894.0,0.30424560274136336,3.058495678942563e-10,1.0
17780000.0,20000.0,0.0023,46.0,40940.0,0.3038381866634252,2.847863056487654e-10,1.0
17800000.0,20000.0,0.0023,46.0,40986.0,0.3034313161574166,2.651621144877936e-10,1.0
17820000.0,20000.0,0.0023,46.0,41032.0,0.3030249904927609,2.468796278520813e-10,1.0
17840000.0,20000.0,0.0023,46.0,41078.0,0.3026192089398594,2.2984769643130676e-10,1.0
17860000.0,20000.0,0.0023,46.0,41124.0,0.30221397077009093,2.139819432755985e-10,1.0
17880000.0,20000.0,0.0023,46.0,41170.0,0.3018092752558095,1.992026543717884e-10,1.0
17900000.0,20000.0,0.0023,46.0,41216.0,0.30140512167034383,1.8543655500025125e-10,1.0
17920000.0,20000.0,0.0023,46.0,41262.0,0.30100150928799563,1.7261447826655285e-10,1.0
17940000.0,20000.0,0.0023,46.0,41308.0,0.30059843738403835,1.6067236430217235e-10,1.0
17960000.0,20000.0,0.0023,46.0,41354.0,0.30019590523471595,1.4955015004147754e-10,1.0
17980000.0,20000.0,0.0023,46.0,41400.0,0.2997939121172417,1.3919221331093468e-10,1.0
18000000.0,20000.0,0.0023,46.0,41446.0,0.2993924573097966,1.2954626260608393e-10,1.0
18020000.0,20000.0,0.0023,46.0,41492.0,0.2989915400915284,1.2056389220305164e-10,1.0
18040000.0,20000.0,0.0023,46.0,41538.0,0.2985911597425498,1.121998050024331e-10,1.0
18060000.0,20000.0,0.0023,46.0,41584.0,0.29819131554393774,1.0441181252929255e-10,1.0
18080000.0,20000.0,0.0023,46.0,41630.0,0.2977920067777322,9.716039084395334e-11,1.0
18100000.0,20000.0,0.0023,46.0,41676.0,0.29739323272693396,9.04090136089053e-11,1.0
18120000.0,20000.0,0.0023,46.0,41722.0,0.29699499267550433,8.412348595498997e-11,1.0
18140000.0,20000.0,0.0023,46.0,41768.0,0.2965972859083633,7.827194448140062e-11,1.0
18160000.0,20000.0,0.0023,46.0,41814.0,0.2962001117113886,7.28243021441699e-11,1.0
18180000.0,20000.0,0.0023,46.0,41860.0,0.295803469371414,6.77533584791945e-11,1.0
18200000.0,20000.0,0.0023,46.0,41906.0,0.29540735817622854,6.30328012007908e-11,1.0
18220000.0,20000.0,0.0023,46.0,41952.0,0.29501177741457474,5.863931562544167e-11,1.0
18240000.0,20000.0,0.0023,46.0,41998.0,0.2946167263761478,5.454969809193244e-11,1.0
18260000.0,20000.0,0.0023,46.0,42044.0,0.29422220435159385,5.0743409474307555e-11,1.0
18280000.0,20000.0,0.0023,46.0,42090.0,0.2938282106325091,4.720102086963607e-11,1.0
18300000.0,20000.0,0.0023,46.0,42136.0,0.29343474451143825,4.390399155340674e-11,1.0
18320000.0,20000.0,0.0023,46.0,42182.0,0.2930418052818735,4.083577920255266e-11,1.0
18340000.0,20000.0,0.0023,46.0,42228.0,0.29264939223825315,3.7980729672426605e-11,1.0
18360000.0,20000.0,0.0023,46.0,42274.0,0.2922575046759601,3.532385495219614e-11,1.0
18380000.0,20000.0,0.0023,46.0,42320.0,0.2918661418913209,3.285172134326331e-11,1.0
18400000.0,20000.0,0.0023,46.0,42366.0,0.29147530318160453,3.055156128084491e-11,1.0
18420000.0,20000.0,0.0023,46.0,42412.0,0.2910849878450209,2.841127333397253e-11,1.0
18440000.0,20000.0,0.0023,46.0,42458.0,0.2906951951807195,2.641997731700485e-11,1.0
18460000.0,20000.0,0.0023,46.0,42504.0,0.2903059244887889,2.456723713351039e-11,1.0
18480000.0,20000.0,0.0023,46.0,42550.0,0.2899171750702543,2.2843726910082296e-11,1.0
18500000.0,20000.0,0.0023,46.0,42596.0,0.2895289462270769,2.1240342817918645e-11,1.0
18520000.0,20000.0,0.0023,46.0,42642.0,0.28914123726215335,1.974886920663721e-11,1.0
18540000.0,20000.0,0.0023,46.0,42688.0,0.2887540474793131,1.836142349276315e-11,1.0
18560000.0,20000.0,0.0023,46.0,42734.0,0.2883673761833181,1.7070789226636407e-11,1.0
18580000.0,20000.0,0.0023,46.0,42780.0,0.28798122267986115,1.5870416092411688e-11,1.0
18600000.0,20000.0,0.0023,46.0,42826.0,0.28759558627556503,1.475397581884863e-11,1.0
18620000.0,20000.0,0.0023,46.0,42872.0,0.28721046627798097,1.3715473201614259e-11,1.0
18640000.0,20000.0,0.0023,46.0,42918.0,0.28682586199558735,1.2749579170190373e-11,1.0
18660000.0,20000.0,0.0023,46.0,42964.0,0.2864417727377885,1.1851408743268621e-11,1.0
18680000.0,20000.0,0.0023,46.0,43010.0,0.2860581978149138,1.1016076939540653e-11,1.0
18700000.0,20000.0,0.0023,46.0,43056.0,0.28567513653821597,1.0239364911512894e-11,1.0
18720000.0,20000.0,0.0023,46.0,43102.0,0.28529258821987,9.516942789389304e-12,1.0
18740000.0,20000.0,0.0023,46.0,43148.0,0.284910552172972,8.845368881793547e-12,1.0
18760000.0,20000.0,0.0023,46.0,43194.0,0.2845290277115382,8.220868430441897e-12,1.0
18780000.0,20000.0,0.0023,46.0,43240.0,0.28414801415050306,7.640110766260477e-12,1.0
18800000.0,20000.0,0.0023,46.0,43286.0,0.28376751080571827,7.100320331687726e-12,1.0
18820000.0,20000.0,0.0023,46.0,43332.0,0.28338751699395226,6.59827747995223e-12,1.0
18840000.0,20000.0,0.0023,46.0,43378.0,0.2830080320328878,6.1315397203998145e-12,1.0
18860000.0,20000.0,0.0023,46.0,43424.0,0.2826290552411219,5.697664562376303e-12,1.0
18880000.0,20000.0,0.0023,46.0,43470.0,0.28225058593816343,5.2944315598324465e-12,1.0
18900000.0,20000.0,0.0023,46.0,43516.0,0.28187262344443287,4.919398222114069e-12,1.0
18920000.0,20000.0,0.0023,46.0,43562.0,0.28149516708126066,4.570899214684232e-12,1.0
18940000.0,20000.0,0.0023,46.0,43608.0,0.28111821617088617,4.246936136098611e-12,1.0
18960000.0,20000.0,0.0023,46.0,43654.0,0.28074177003645606,3.945732629517806e-12,1.0
18980000.0,20000.0,0.0023,46.0,43700.0,0.2803658280020238,3.665956427312267e-12,1.0
19000000.0,20000.0,0.0023,46.0,43746.0,0.2799903893925475,3.4057201503401302e-12,1.0
19020000.0,20000.0,0.0023,46.0,43792.0,0.2796154535338897,3.163913575576771e-12,1.0
19040000.0,20000.0,0.0023,46.0,43838.0,0.27924101975281546,2.939315457695102e-12,1.0
19060000.0,20000.0,0.0023,46.0,43884.0,0.2788670873769912,2.73048250676311e-12,1.0
19080000.0,20000.0,0.0023,46.0,43930.0,0.27849365573498397,2.5364155220586326e-12,1.0
19100000.0,20000.0,0.0023,46.0,43976.0,0.2781207241562599,2.3560042805570447e-12,1.0
19120000.0,20000.0,0.0023,46.0,44022.0,0.27774829197118267,2.188582648443571e-12,1.0
19140000.0,20000.0,0.0023,46.0,44068.0,0.2773763585110133,2.0325963134837366e-12,1.0
19160000.0,20000.0,0.0023,46.0,44114.0,0.2770049231079077,1.8879342533750787e-12,1.0
19180000.0,20000.0,0.0023,46.0,44160.0,0.27663398509491655,1.7535972673954348e-12,1.0
19200000.0,20000.0,0.0023,46.0,44206.0,0.2762635438059833,1.6285861548226421e-12,1.0
19220000.0,20000.0,0.0023,46.0,44252.0,0.27589359857594353,1.5125678487493133e-12,1.0
19240000.0,20000.0,0.0023,46.0,44298.0,0.27552414874052356,1.404654170755748e-12,1.0
19260000.0,20000.0,0.0023,46.0,44344.0,0.275155193636339,1.304512053934559e-12,1.0
19280000.0,20000.0,0.0023,46.0,44390.0,0.27478673260089415,1.2113643421685083e-12,1.0
19300000.0,20000.0,0.0023,46.0,44436.0,0.2744187649725801,1.1248779685502086e-12,1.0
19320000.0,20000.0,0.0023,46.0,44482.0,0.2740512900906742,1.0446088438698098e-12,1.0
19340000.0,20000.0,0.0023,46.0,44528.0,0.27368430729533844,9.698908343125368e-13,1.0
19360000.0,20000.0,0.0023,46.0,44574.0,0.2733178159276184,9.00612917575927e-13,1.0
19380000.0,20000.0,0.0023,46.0,44620.0,0.272951815329442,8.362199821476679e-13,1.0
19400000.0,20000.0,0.0023,46.0,44666.0,0.27258630484361857,7.764899834228345e-13,1.0
19420000.0,20000.0,0.0023,46.0,44712.0,0.27222128381383737,7.209788321915767e-13,1.0
19440000.0,20000.0,0.0023,46.0,44758.0,0.2718567515846666,6.692424392440444e-13,1.0
19460000.0,20000.0,0.0023,46.0,44804.0,0.2714927075015521,6.213918268827001e-13,1.0
19480000.0,20000.0,0.0023,46.0,44850.0,0.2711291509108159,5.768718835952313e-13,1.0
19500000.0,20000.0,0.0023,46.0,44896.0,0.27076608115965595,5.355715870791755e-13,1.0
19520000.0,20000.0,0.0023,46.0,44942.0,0.27040349759614424,4.970468481246826e-13,1.0
19540000.0,20000.0,0.0023,46.0,44988.0,0.27004139956922535,4.616307336391401e-13,1.0
19560000.0,20000.0,0.0023,46.0,45034.0,0.26967978642871615,4.284350652028479e-13,1.0
19580000.0,20000.0,0.0023,46.0,45080.0,0.2693186575253038,3.9768188742073107e-13,1.0
19600000.0,20000.0,0.0023,46.0,45126.0,0.26895801221054527,3.6914915568786455e-13,1.0
19620000.0,20000.0,0.0023,46.0,45172.0,0.26859784983686597,3.426148253993233e-13,1.0
19640000.0,20000.0,0.0023,46.0,45218.0,0.26823816975755777,3.1818991885756986e-13,1.0
19660000.0,20000.0,0.0023,46.0,45264.0,0.2678789713267793,2.952083022478291e-13,1.0
19680000.0,20000.0,0.0023,46.0,45310.0,0.2675202538995537,2.738920201750261e-13,1.0
19700000.0,20000.0,0.0023,46.0,45356.0,0.267162016831768,2.5424107263916085e-13,1.0
19720000.0,20000.0,0.0023,46.0,45402.0,0.2668042594801714,2.360334150353083e-13,1.0
19740000.0,20000.0,0.0023,46.0,45448.0,0.26644698120237487,2.1904700275854339e-13,1.0
19760000.0,20000.0,0.0023,46.0,45494.0,0.26609018135684925,2.0328183580886616e-13,1.0
19780000.0,20000.0,0.0023,46.0,45540.0,0.2657338593029248,1.886268918838141e-13,1.0
19800000.0,20000.0,0.0023,46.0,45586.0,0.2653780144007897,1.7508217098338719e-13,1.0
19820000.0,20000.0,0.0023,46.0,45632.0,0.2650226460114884,1.6253665080512292e-13,1.0
19840000.0,20000.0,0.0023,46.0,45678.0,0.2646677534969215,1.5076828674409626e-13,1.0
19860000.0,20000.0,0.0023,46.0,45724.0,0.2643133362198439,1.3988810110276972e-13,1.0
19880000.0,20000.0,0.0023,46.0,45770.0,0.2639593935438639,1.297850715786808e-13,1.0
19900000.0,20000.0,0.0023,46.0,45816.0,0.2636059248334417,1.2045919817182948e-13,1.0
19920000.0,20000.0,0.0023,46.0,45862.0,0.2632529294538891,1.1168843627729075e-13,1.0
19940000.0,20000.0,0.0023,46.0,45908.0,0.2629004067713674,1.0369483049998962e-13,1.0
19960000.0,20000.0,0.0023,46.0,45954.0,0.2625483561528865,9.614531393253856e-14,1.0
19980000.0,20000.0,0.0023,46.0,46000.0,0.2621967769663047,8.926193117986259e-14,1.0
